"File Name","Item Sequence","Visibility","Title","IIIF Range","viewingHint","Text direction","Parent ARK","Item ARK","Object Type","Rights.statementLocal","Bucketeer State","IIIF Access URL"
"Masters/othermasters/dl_toganoo/masters/3680508/ucla_3680508_001.tif","1","","Front Cover","","","","ark:/21198/n16d13","ark:/21198/n16d13/sw43zc5x","Page","","succeeded","https://iiif.library.ucla.edu/iiif/2/ark%3A%2F21198%2Fn16d13%2Fsw43zc5x"
"Masters/othermasters/dl_toganoo/masters/3680508/ucla_3680508_002.tif","2","","Inside Front Cover","","","","ark:/21198/n16d13","ark:/21198/n16d13/h008p740","Page","","succeeded","https://iiif.library.ucla.edu/iiif/2/ark%3A%2F21198%2Fn16d13%2Fh008p740"
"Masters/othermasters/dl_toganoo/masters/3680508/ucla_3680508_003.tif","3","","Page 1","","","","ark:/21198/n16d13","ark:/21198/n16d13/hq11sf52","Page","","succeeded","https://iiif.library.ucla.edu/iiif/2/ark%3A%2F21198%2Fn16d13%2Fhq11sf52"
"Masters/othermasters/dl_toganoo/masters/3680508/ucla_3680508_004.tif","4","","Page 2","","","","ark:/21198/n16d13","ark:/21198/n16d13/pp08t512","Page","","succeeded","https://iiif.library.ucla.edu/iiif/2/ark%3A%2F21198%2Fn16d13%2Fpp08t512"
"Masters/othermasters/dl_toganoo/masters/3680508/ucla_3680508_005.tif","5","","Page 3","","","","ark:/21198/n16d13","ark:/21198/n16d13/r561km34","Page","","succeeded","https://iiif.library.ucla.edu/iiif/2/ark%3A%2F21198%2Fn16d13%2Fr561km34"
"Masters/othermasters/dl_toganoo/masters/3680508/ucla_3680508_006.tif","6","","Page 4","","","","ark:/21198/n16d13","ark:/21198/n16d13/m130cp0d","Page","","succeeded","https://iiif.library.ucla.edu/iiif/2/ark%3A%2F21198%2Fn16d13%2Fm130cp0d"
"Masters/othermasters/dl_toganoo/masters/3680508/ucla_3680508_007.tif","7","","Page 5","","","","ark:/21198/n16d13","ark:/21198/n16d13/t782tc9s","Page","","succeeded","https://iiif.library.ucla.edu/iiif/2/ark%3A%2F21198%2Fn16d13%2Ft782tc9s"
"Masters/othermasters/dl_toganoo/masters/3680508/ucla_3680508_008.tif","8","","Page 6","","","","ark:/21198/n16d13","ark:/21198/n16d13/sp936f14","Page","","succeeded","https://iiif.library.ucla.edu/iiif/2/ark%3A%2F21198%2Fn16d13%2Fsp936f14"
"Masters/othermasters/dl_toganoo/masters/3680508/ucla_3680508_009.tif","9","","Page 7","","","","ark:/21198/n16d13","ark:/21198/n16d13/sm13n143","Page","","succeeded","https://iiif.library.ucla.edu/iiif/2/ark%3A%2F21198%2Fn16d13%2Fsm13n143"
"Masters/othermasters/dl_toganoo/masters/3680508/ucla_3680508_010.tif","10","","Page 8","","","","ark:/21198/n16d13","ark:/21198/n16d13/cp48h463","Page","","succeeded","https://iiif.library.ucla.edu/iiif/2/ark%3A%2F21198%2Fn16d13%2Fcp48h463"
"Masters/othermasters/dl_toganoo/masters/3680508/ucla_3680508_011.tif","11","","Page 9","","","","ark:/21198/n16d13","ark:/21198/n16d13/nr369p11","Page","","succeeded","https://iiif.library.ucla.edu/iiif/2/ark%3A%2F21198%2Fn16d13%2Fnr369p11"
"Masters/othermasters/dl_toganoo/masters/3680508/ucla_3680508_012.tif","12","","Page 10","","","","ark:/21198/n16d13","ark:/21198/n16d13/rr78jz2d","Page","","succeeded","https://iiif.library.ucla.edu/iiif/2/ark%3A%2F21198%2Fn16d13%2Frr78jz2d"
"Masters/othermasters/dl_toganoo/masters/3680508/ucla_3680508_013.tif","13","","Page 11","","","","ark:/21198/n16d13","ark:/21198/n16d13/dx14801w","Page","","succeeded","https://iiif.library.ucla.edu/iiif/2/ark%3A%2F21198%2Fn16d13%2Fdx14801w"
"Masters/othermasters/dl_toganoo/masters/3680508/ucla_3680508_014.tif","14","","Page 12","","","","ark:/21198/n16d13","ark:/21198/n16d13/zb31w08j","Page","","succeeded","https://iiif.library.ucla.edu/iiif/2/ark%3A%2F21198%2Fn16d13%2Fzb31w08j"
"Masters/othermasters/dl_toganoo/masters/3680508/ucla_3680508_015.tif","15","","Page 13","","","","ark:/21198/n16d13","ark:/21198/n16d13/zq12hq98","Page","","succeeded","https://iiif.library.ucla.edu/iiif/2/ark%3A%2F21198%2Fn16d13%2Fzq12hq98"
"Masters/othermasters/dl_toganoo/masters/3680508/ucla_3680508_016.tif","16","","Page 14","","","","ark:/21198/n16d13","ark:/21198/n16d13/5c072v0v","Page","","succeeded","https://iiif.library.ucla.edu/iiif/2/ark%3A%2F21198%2Fn16d13%2F5c072v0v"
"Masters/othermasters/dl_toganoo/masters/3680508/ucla_3680508_017.tif","17","","Page 15","","","","ark:/21198/n16d13","ark:/21198/n16d13/rf63pv27","Page","","succeeded","https://iiif.library.ucla.edu/iiif/2/ark%3A%2F21198%2Fn16d13%2Frf63pv27"
"Masters/othermasters/dl_toganoo/masters/3680508/ucla_3680508_018.tif","18","","Page 16","","","","ark:/21198/n16d13","ark:/21198/n16d13/z361dk5q","Page","","succeeded","https://iiif.library.ucla.edu/iiif/2/ark%3A%2F21198%2Fn16d13%2Fz361dk5q"
"Masters/othermasters/dl_toganoo/masters/3680508/ucla_3680508_019.tif","19","","Page 17","","","","ark:/21198/n16d13","ark:/21198/n16d13/k366wj5c","Page","","succeeded","https://iiif.library.ucla.edu/iiif/2/ark%3A%2F21198%2Fn16d13%2Fk366wj5c"
"Masters/othermasters/dl_toganoo/masters/3680508/ucla_3680508_020.tif","20","","Page 18","","","","ark:/21198/n16d13","ark:/21198/n16d13/m8574s4q","Page","","succeeded","https://iiif.library.ucla.edu/iiif/2/ark%3A%2F21198%2Fn16d13%2Fm8574s4q"
"Masters/othermasters/dl_toganoo/masters/3680508/ucla_3680508_021.tif","21","","Page 19","","","","ark:/21198/n16d13","ark:/21198/n16d13/kw38b18z","Page","","succeeded","https://iiif.library.ucla.edu/iiif/2/ark%3A%2F21198%2Fn16d13%2Fkw38b18z"
"Masters/othermasters/dl_toganoo/masters/3680508/ucla_3680508_022.tif","22","","Page 20","","","","ark:/21198/n16d13","ark:/21198/n16d13/b6006w3s","Page","","succeeded","https://iiif.library.ucla.edu/iiif/2/ark%3A%2F21198%2Fn16d13%2Fb6006w3s"
"Masters/othermasters/dl_toganoo/masters/3680508/ucla_3680508_023.tif","23","","Page 21","","","","ark:/21198/n16d13","ark:/21198/n16d13/s771nv2w","Page","","succeeded","https://iiif.library.ucla.edu/iiif/2/ark%3A%2F21198%2Fn16d13%2Fs771nv2w"
"Masters/othermasters/dl_toganoo/masters/3680508/ucla_3680508_024.tif","24","","Page 22","","","","ark:/21198/n16d13","ark:/21198/n16d13/wc64p29k","Page","","succeeded","https://iiif.library.ucla.edu/iiif/2/ark%3A%2F21198%2Fn16d13%2Fwc64p29k"
"Masters/othermasters/dl_toganoo/masters/3680508/ucla_3680508_025.tif","25","","Page 23","","","","ark:/21198/n16d13","ark:/21198/n16d13/ck25d84d","Page","","succeeded","https://iiif.library.ucla.edu/iiif/2/ark%3A%2F21198%2Fn16d13%2Fck25d84d"
"Masters/othermasters/dl_toganoo/masters/3680508/ucla_3680508_026.tif","26","","Page 24","","","","ark:/21198/n16d13","ark:/21198/n16d13/bd72978m","Page","","succeeded","https://iiif.library.ucla.edu/iiif/2/ark%3A%2F21198%2Fn16d13%2Fbd72978m"
"Masters/othermasters/dl_toganoo/masters/3680508/ucla_3680508_027.tif","27","","Page 25","","","","ark:/21198/n16d13","ark:/21198/n16d13/pv76649b","Page","","succeeded","https://iiif.library.ucla.edu/iiif/2/ark%3A%2F21198%2Fn16d13%2Fpv76649b"
"Masters/othermasters/dl_toganoo/masters/3680508/ucla_3680508_028.tif","28","","Page 26","","","","ark:/21198/n16d13","ark:/21198/n16d13/sm345887","Page","","succeeded","https://iiif.library.ucla.edu/iiif/2/ark%3A%2F21198%2Fn16d13%2Fsm345887"
"Masters/othermasters/dl_toganoo/masters/3680508/ucla_3680508_029.tif","29","","Page 27","","","","ark:/21198/n16d13","ark:/21198/n16d13/6322kf8x","Page","","succeeded","https://iiif.library.ucla.edu/iiif/2/ark%3A%2F21198%2Fn16d13%2F6322kf8x"
"Masters/othermasters/dl_toganoo/masters/3680508/ucla_3680508_030.tif","30","","Page 28","","","","ark:/21198/n16d13","ark:/21198/n16d13/wk08jp29","Page","","succeeded","https://iiif.library.ucla.edu/iiif/2/ark%3A%2F21198%2Fn16d13%2Fwk08jp29"
"Masters/othermasters/dl_toganoo/masters/3680508/ucla_3680508_031.tif","31","","Page 29","","","","ark:/21198/n16d13","ark:/21198/n16d13/s443cg78","Page","","succeeded","https://iiif.library.ucla.edu/iiif/2/ark%3A%2F21198%2Fn16d13%2Fs443cg78"
"Masters/othermasters/dl_toganoo/masters/3680508/ucla_3680508_032.tif","32","","Page 30","","","","ark:/21198/n16d13","ark:/21198/n16d13/9061d66n","Page","","succeeded","https://iiif.library.ucla.edu/iiif/2/ark%3A%2F21198%2Fn16d13%2F9061d66n"
"Masters/othermasters/dl_toganoo/masters/3680508/ucla_3680508_033.tif","33","","Page 31","","","","ark:/21198/n16d13","ark:/21198/n16d13/bj85m03b","Page","","succeeded","https://iiif.library.ucla.edu/iiif/2/ark%3A%2F21198%2Fn16d13%2Fbj85m03b"
"Masters/othermasters/dl_toganoo/masters/3680508/ucla_3680508_034.tif","34","","Page 32","","","","ark:/21198/n16d13","ark:/21198/n16d13/sm99jb61","Page","","succeeded","https://iiif.library.ucla.edu/iiif/2/ark%3A%2F21198%2Fn16d13%2Fsm99jb61"
"Masters/othermasters/dl_toganoo/masters/3680508/ucla_3680508_035.tif","35","","Page 33","","","","ark:/21198/n16d13","ark:/21198/n16d13/zf11hg76","Page","","succeeded","https://iiif.library.ucla.edu/iiif/2/ark%3A%2F21198%2Fn16d13%2Fzf11hg76"
"Masters/othermasters/dl_toganoo/masters/3680508/ucla_3680508_036.tif","36","","Page 34","","","","ark:/21198/n16d13","ark:/21198/n16d13/sc574f15","Page","","succeeded","https://iiif.library.ucla.edu/iiif/2/ark%3A%2F21198%2Fn16d13%2Fsc574f15"
"Masters/othermasters/dl_toganoo/masters/3680508/ucla_3680508_037.tif","37","","Page 35","","","","ark:/21198/n16d13","ark:/21198/n16d13/h882m226","Page","","succeeded","https://iiif.library.ucla.edu/iiif/2/ark%3A%2F21198%2Fn16d13%2Fh882m226"
"Masters/othermasters/dl_toganoo/masters/3680508/ucla_3680508_038.tif","38","","Page 36","","","","ark:/21198/n16d13","ark:/21198/n16d13/jm63x35t","Page","","succeeded","https://iiif.library.ucla.edu/iiif/2/ark%3A%2F21198%2Fn16d13%2Fjm63x35t"
"Masters/othermasters/dl_toganoo/masters/3680508/ucla_3680508_039.tif","39","","Page 37","","","","ark:/21198/n16d13","ark:/21198/n16d13/pw77w43t","Page","","succeeded","https://iiif.library.ucla.edu/iiif/2/ark%3A%2F21198%2Fn16d13%2Fpw77w43t"
"Masters/othermasters/dl_toganoo/masters/3680508/ucla_3680508_040.tif","40","","Page 38","","","","ark:/21198/n16d13","ark:/21198/n16d13/p2610p18","Page","","succeeded","https://iiif.library.ucla.edu/iiif/2/ark%3A%2F21198%2Fn16d13%2Fp2610p18"
"Masters/othermasters/dl_toganoo/masters/3680508/ucla_3680508_041.tif","41","","Page 39","","","","ark:/21198/n16d13","ark:/21198/n16d13/md08cv5d","Page","","succeeded","https://iiif.library.ucla.edu/iiif/2/ark%3A%2F21198%2Fn16d13%2Fmd08cv5d"
"Masters/othermasters/dl_toganoo/masters/3680508/ucla_3680508_042.tif","42","","Page 40","","","","ark:/21198/n16d13","ark:/21198/n16d13/g614hp1z","Page","","succeeded","https://iiif.library.ucla.edu/iiif/2/ark%3A%2F21198%2Fn16d13%2Fg614hp1z"
"Masters/othermasters/dl_toganoo/masters/3680508/ucla_3680508_043.tif","43","","Page 41","","","","ark:/21198/n16d13","ark:/21198/n16d13/r9598n03","Page","","succeeded","https://iiif.library.ucla.edu/iiif/2/ark%3A%2F21198%2Fn16d13%2Fr9598n03"
"Masters/othermasters/dl_toganoo/masters/3680508/ucla_3680508_044.tif","44","","Page 42","","","","ark:/21198/n16d13","ark:/21198/n16d13/k545md98","Page","","succeeded","https://iiif.library.ucla.edu/iiif/2/ark%3A%2F21198%2Fn16d13%2Fk545md98"
"Masters/othermasters/dl_toganoo/masters/3680508/ucla_3680508_045.tif","45","","Page 43","","","","ark:/21198/n16d13","ark:/21198/n16d13/x5593c59","Page","","succeeded","https://iiif.library.ucla.edu/iiif/2/ark%3A%2F21198%2Fn16d13%2Fx5593c59"
"Masters/othermasters/dl_toganoo/masters/3680508/ucla_3680508_046.tif","46","","Page 44","","","","ark:/21198/n16d13","ark:/21198/n16d13/c9031r31","Page","","succeeded","https://iiif.library.ucla.edu/iiif/2/ark%3A%2F21198%2Fn16d13%2Fc9031r31"
"Masters/othermasters/dl_toganoo/masters/3680508/ucla_3680508_047.tif","47","","Page 45","","","","ark:/21198/n16d13","ark:/21198/n16d13/zj87847s","Page","","succeeded","https://iiif.library.ucla.edu/iiif/2/ark%3A%2F21198%2Fn16d13%2Fzj87847s"
"Masters/othermasters/dl_toganoo/masters/3680508/ucla_3680508_048.tif","48","","Page 46","","","","ark:/21198/n16d13","ark:/21198/n16d13/6300vb66","Page","","succeeded","https://iiif.library.ucla.edu/iiif/2/ark%3A%2F21198%2Fn16d13%2F6300vb66"
"Masters/othermasters/dl_toganoo/masters/3680508/ucla_3680508_049.tif","49","","Page 47","","","","ark:/21198/n16d13","ark:/21198/n16d13/0884z11z","Page","","succeeded","https://iiif.library.ucla.edu/iiif/2/ark%3A%2F21198%2Fn16d13%2F0884z11z"
"Masters/othermasters/dl_toganoo/masters/3680508/ucla_3680508_050.tif","50","","Page 48","","","","ark:/21198/n16d13","ark:/21198/n16d13/t8850w1h","Page","","succeeded","https://iiif.library.ucla.edu/iiif/2/ark%3A%2F21198%2Fn16d13%2Ft8850w1h"
"Masters/othermasters/dl_toganoo/masters/3680508/ucla_3680508_051.tif","51","","Page 49","","","","ark:/21198/n16d13","ark:/21198/n16d13/bf04cv88","Page","","succeeded","https://iiif.library.ucla.edu/iiif/2/ark%3A%2F21198%2Fn16d13%2Fbf04cv88"
"Masters/othermasters/dl_toganoo/masters/3680508/ucla_3680508_052.tif","52","","Page 50","","","","ark:/21198/n16d13","ark:/21198/n16d13/px593d13","Page","","succeeded","https://iiif.library.ucla.edu/iiif/2/ark%3A%2F21198%2Fn16d13%2Fpx593d13"
"Masters/othermasters/dl_toganoo/masters/3680508/ucla_3680508_053.tif","53","","Page 51","","","","ark:/21198/n16d13","ark:/21198/n16d13/kg43jz48","Page","","succeeded","https://iiif.library.ucla.edu/iiif/2/ark%3A%2F21198%2Fn16d13%2Fkg43jz48"
"Masters/othermasters/dl_toganoo/masters/3680508/ucla_3680508_054.tif","54","","Page 52","","","","ark:/21198/n16d13","ark:/21198/n16d13/vs11sh9q","Page","","succeeded","https://iiif.library.ucla.edu/iiif/2/ark%3A%2F21198%2Fn16d13%2Fvs11sh9q"
"Masters/othermasters/dl_toganoo/masters/3680508/ucla_3680508_055.tif","55","","Page 53","","","","ark:/21198/n16d13","ark:/21198/n16d13/8366cz20","Page","","succeeded","https://iiif.library.ucla.edu/iiif/2/ark%3A%2F21198%2Fn16d13%2F8366cz20"
"Masters/othermasters/dl_toganoo/masters/3680508/ucla_3680508_056.tif","56","","Page 54","","","","ark:/21198/n16d13","ark:/21198/n16d13/k180cx3t","Page","","succeeded","https://iiif.library.ucla.edu/iiif/2/ark%3A%2F21198%2Fn16d13%2Fk180cx3t"
"Masters/othermasters/dl_toganoo/masters/3680508/ucla_3680508_057.tif","57","","Page 55","","","","ark:/21198/n16d13","ark:/21198/n16d13/1p96s798","Page","","succeeded","https://iiif.library.ucla.edu/iiif/2/ark%3A%2F21198%2Fn16d13%2F1p96s798"
"Masters/othermasters/dl_toganoo/masters/3680508/ucla_3680508_058.tif","58","","Page 56","","","","ark:/21198/n16d13","ark:/21198/n16d13/4827xc6b","Page","","succeeded","https://iiif.library.ucla.edu/iiif/2/ark%3A%2F21198%2Fn16d13%2F4827xc6b"
"Masters/othermasters/dl_toganoo/masters/3680508/ucla_3680508_059.tif","59","","Page 57","","","","ark:/21198/n16d13","ark:/21198/n16d13/bb78jf46","Page","","succeeded","https://iiif.library.ucla.edu/iiif/2/ark%3A%2F21198%2Fn16d13%2Fbb78jf46"
"Masters/othermasters/dl_toganoo/masters/3680508/ucla_3680508_060.tif","60","","Page 58","","","","ark:/21198/n16d13","ark:/21198/n16d13/q4850297","Page","","succeeded","https://iiif.library.ucla.edu/iiif/2/ark%3A%2F21198%2Fn16d13%2Fq4850297"
"Masters/othermasters/dl_toganoo/masters/3680508/ucla_3680508_061.tif","61","","Page 59","","","","ark:/21198/n16d13","ark:/21198/n16d13/0w01hz7n","Page","","succeeded","https://iiif.library.ucla.edu/iiif/2/ark%3A%2F21198%2Fn16d13%2F0w01hz7n"
"Masters/othermasters/dl_toganoo/masters/3680508/ucla_3680508_062.tif","62","","Page 60","","","","ark:/21198/n16d13","ark:/21198/n16d13/cf43qc6f","Page","","succeeded","https://iiif.library.ucla.edu/iiif/2/ark%3A%2F21198%2Fn16d13%2Fcf43qc6f"
"Masters/othermasters/dl_toganoo/masters/3680508/ucla_3680508_063.tif","63","","Page 61","","","","ark:/21198/n16d13","ark:/21198/n16d13/03442k8d","Page","","succeeded","https://iiif.library.ucla.edu/iiif/2/ark%3A%2F21198%2Fn16d13%2F03442k8d"
"Masters/othermasters/dl_toganoo/masters/3680508/ucla_3680508_064.tif","64","","Page 62","","","","ark:/21198/n16d13","ark:/21198/n16d13/82332q47","Page","","succeeded","https://iiif.library.ucla.edu/iiif/2/ark%3A%2F21198%2Fn16d13%2F82332q47"
"Masters/othermasters/dl_toganoo/masters/3680508/ucla_3680508_065.tif","65","","Page 63","","","","ark:/21198/n16d13","ark:/21198/n16d13/6s74gx9v","Page","","succeeded","https://iiif.library.ucla.edu/iiif/2/ark%3A%2F21198%2Fn16d13%2F6s74gx9v"
"Masters/othermasters/dl_toganoo/masters/3680508/ucla_3680508_066.tif","66","","Page 64","","","","ark:/21198/n16d13","ark:/21198/n16d13/53430h7j","Page","","succeeded","https://iiif.library.ucla.edu/iiif/2/ark%3A%2F21198%2Fn16d13%2F53430h7j"
"Masters/othermasters/dl_toganoo/masters/3680508/ucla_3680508_067.tif","67","","Page 65","","","","ark:/21198/n16d13","ark:/21198/n16d13/2t111b7p","Page","","succeeded","https://iiif.library.ucla.edu/iiif/2/ark%3A%2F21198%2Fn16d13%2F2t111b7p"
"Masters/othermasters/dl_toganoo/masters/3680508/ucla_3680508_068.tif","68","","Page 66","","","","ark:/21198/n16d13","ark:/21198/n16d13/xd33c76r","Page","","succeeded","https://iiif.library.ucla.edu/iiif/2/ark%3A%2F21198%2Fn16d13%2Fxd33c76r"
"Masters/othermasters/dl_toganoo/masters/3680508/ucla_3680508_069.tif","69","","Page 67","","","","ark:/21198/n16d13","ark:/21198/n16d13/h2389r6q","Page","","succeeded","https://iiif.library.ucla.edu/iiif/2/ark%3A%2F21198%2Fn16d13%2Fh2389r6q"
"Masters/othermasters/dl_toganoo/masters/3680508/ucla_3680508_070.tif","70","","Page 68","","","","ark:/21198/n16d13","ark:/21198/n16d13/1m53q91w","Page","","succeeded","https://iiif.library.ucla.edu/iiif/2/ark%3A%2F21198%2Fn16d13%2F1m53q91w"
"Masters/othermasters/dl_toganoo/masters/3680508/ucla_3680508_071.tif","71","","Page 69","","","","ark:/21198/n16d13","ark:/21198/n16d13/zg16dq9g","Page","","succeeded","https://iiif.library.ucla.edu/iiif/2/ark%3A%2F21198%2Fn16d13%2Fzg16dq9g"
"Masters/othermasters/dl_toganoo/masters/3680508/ucla_3680508_072.tif","72","","Page 70","","","","ark:/21198/n16d13","ark:/21198/n16d13/5771kf0x","Page","","succeeded","https://iiif.library.ucla.edu/iiif/2/ark%3A%2F21198%2Fn16d13%2F5771kf0x"
"Masters/othermasters/dl_toganoo/masters/3680508/ucla_3680508_073.tif","73","","Page 71","","","","ark:/21198/n16d13","ark:/21198/n16d13/5h76tw04","Page","","succeeded","https://iiif.library.ucla.edu/iiif/2/ark%3A%2F21198%2Fn16d13%2F5h76tw04"
"Masters/othermasters/dl_toganoo/masters/3680508/ucla_3680508_074.tif","74","","Page 72","","","","ark:/21198/n16d13","ark:/21198/n16d13/5z324c1s","Page","","succeeded","https://iiif.library.ucla.edu/iiif/2/ark%3A%2F21198%2Fn16d13%2F5z324c1s"
"Masters/othermasters/dl_toganoo/masters/3680508/ucla_3680508_075.tif","75","","Page 73","","","","ark:/21198/n16d13","ark:/21198/n16d13/qt623n4b","Page","","succeeded","https://iiif.library.ucla.edu/iiif/2/ark%3A%2F21198%2Fn16d13%2Fqt623n4b"
"Masters/othermasters/dl_toganoo/masters/3680508/ucla_3680508_076.tif","76","","Page 74","","","","ark:/21198/n16d13","ark:/21198/n16d13/rs75m44d","Page","","succeeded","https://iiif.library.ucla.edu/iiif/2/ark%3A%2F21198%2Fn16d13%2Frs75m44d"
"Masters/othermasters/dl_toganoo/masters/3680508/ucla_3680508_077.tif","77","","Page 75","","","","ark:/21198/n16d13","ark:/21198/n16d13/2168r546","Page","","succeeded","https://iiif.library.ucla.edu/iiif/2/ark%3A%2F21198%2Fn16d13%2F2168r546"
"Masters/othermasters/dl_toganoo/masters/3680508/ucla_3680508_078.tif","78","","Page 76","","","","ark:/21198/n16d13","ark:/21198/n16d13/pp03hg2f","Page","","succeeded","https://iiif.library.ucla.edu/iiif/2/ark%3A%2F21198%2Fn16d13%2Fpp03hg2f"
"Masters/othermasters/dl_toganoo/masters/3680508/ucla_3680508_079.tif","79","","Page 77","","","","ark:/21198/n16d13","ark:/21198/n16d13/rk11hv6b","Page","","succeeded","https://iiif.library.ucla.edu/iiif/2/ark%3A%2F21198%2Fn16d13%2Frk11hv6b"
"Masters/othermasters/dl_toganoo/masters/3680508/ucla_3680508_080.tif","80","","Page 78","","","","ark:/21198/n16d13","ark:/21198/n16d13/v036466f","Page","","succeeded","https://iiif.library.ucla.edu/iiif/2/ark%3A%2F21198%2Fn16d13%2Fv036466f"
"Masters/othermasters/dl_toganoo/masters/3680508/ucla_3680508_081.tif","81","","Page 79","","","","ark:/21198/n16d13","ark:/21198/n16d13/s2520h8t","Page","","succeeded","https://iiif.library.ucla.edu/iiif/2/ark%3A%2F21198%2Fn16d13%2Fs2520h8t"
"Masters/othermasters/dl_toganoo/masters/3680508/ucla_3680508_082.tif","82","","Page 80","","","","ark:/21198/n16d13","ark:/21198/n16d13/0n61bp9j","Page","","succeeded","https://iiif.library.ucla.edu/iiif/2/ark%3A%2F21198%2Fn16d13%2F0n61bp9j"
"Masters/othermasters/dl_toganoo/masters/3680508/ucla_3680508_083.tif","83","","Page 81","","","","ark:/21198/n16d13","ark:/21198/n16d13/qf80r406","Page","","succeeded","https://iiif.library.ucla.edu/iiif/2/ark%3A%2F21198%2Fn16d13%2Fqf80r406"
"Masters/othermasters/dl_toganoo/masters/3680508/ucla_3680508_084.tif","84","","Page 82","","","","ark:/21198/n16d13","ark:/21198/n16d13/3d27mk6j","Page","","succeeded","https://iiif.library.ucla.edu/iiif/2/ark%3A%2F21198%2Fn16d13%2F3d27mk6j"
"Masters/othermasters/dl_toganoo/masters/3680508/ucla_3680508_085.tif","85","","Page 83","","","","ark:/21198/n16d13","ark:/21198/n16d13/jd37s12p","Page","","succeeded","https://iiif.library.ucla.edu/iiif/2/ark%3A%2F21198%2Fn16d13%2Fjd37s12p"
"Masters/othermasters/dl_toganoo/masters/3680508/ucla_3680508_086.tif","86","","Page 84","","","","ark:/21198/n16d13","ark:/21198/n16d13/gb57s09n","Page","","succeeded","https://iiif.library.ucla.edu/iiif/2/ark%3A%2F21198%2Fn16d13%2Fgb57s09n"
"Masters/othermasters/dl_toganoo/masters/3680508/ucla_3680508_087.tif","87","","Page 85","","","","ark:/21198/n16d13","ark:/21198/n16d13/p1254b24","Page","","succeeded","https://iiif.library.ucla.edu/iiif/2/ark%3A%2F21198%2Fn16d13%2Fp1254b24"
"Masters/othermasters/dl_toganoo/masters/3680508/ucla_3680508_088.tif","88","","Page 86","","","","ark:/21198/n16d13","ark:/21198/n16d13/cg53nj39","Page","","succeeded","https://iiif.library.ucla.edu/iiif/2/ark%3A%2F21198%2Fn16d13%2Fcg53nj39"
"Masters/othermasters/dl_toganoo/masters/3680508/ucla_3680508_089.tif","89","","Page 87","","","","ark:/21198/n16d13","ark:/21198/n16d13/wn22763z","Page","","succeeded","https://iiif.library.ucla.edu/iiif/2/ark%3A%2F21198%2Fn16d13%2Fwn22763z"
"Masters/othermasters/dl_toganoo/masters/3680508/ucla_3680508_090.tif","90","","Page 88","","","","ark:/21198/n16d13","ark:/21198/n16d13/wr713s2h","Page","","succeeded","https://iiif.library.ucla.edu/iiif/2/ark%3A%2F21198%2Fn16d13%2Fwr713s2h"
"Masters/othermasters/dl_toganoo/masters/3680508/ucla_3680508_091.tif","91","","Page 89","","","","ark:/21198/n16d13","ark:/21198/n16d13/hm51kp60","Page","","succeeded","https://iiif.library.ucla.edu/iiif/2/ark%3A%2F21198%2Fn16d13%2Fhm51kp60"
"Masters/othermasters/dl_toganoo/masters/3680508/ucla_3680508_092.tif","92","","Page 90","","","","ark:/21198/n16d13","ark:/21198/n16d13/dh56gv9k","Page","","succeeded","https://iiif.library.ucla.edu/iiif/2/ark%3A%2F21198%2Fn16d13%2Fdh56gv9k"
"Masters/othermasters/dl_toganoo/masters/3680508/ucla_3680508_093.tif","93","","Page 91","","","","ark:/21198/n16d13","ark:/21198/n16d13/j979027j","Page","","succeeded","https://iiif.library.ucla.edu/iiif/2/ark%3A%2F21198%2Fn16d13%2Fj979027j"
"Masters/othermasters/dl_toganoo/masters/3680508/ucla_3680508_094.tif","94","","Page 92","","","","ark:/21198/n16d13","ark:/21198/n16d13/rm34139t","Page","","succeeded","https://iiif.library.ucla.edu/iiif/2/ark%3A%2F21198%2Fn16d13%2Frm34139t"
"Masters/othermasters/dl_toganoo/masters/3680508/ucla_3680508_095.tif","95","","Page 93","","","","ark:/21198/n16d13","ark:/21198/n16d13/rh267p60","Page","","succeeded","https://iiif.library.ucla.edu/iiif/2/ark%3A%2F21198%2Fn16d13%2Frh267p60"
"Masters/othermasters/dl_toganoo/masters/3680508/ucla_3680508_096.tif","96","","Page 94","","","","ark:/21198/n16d13","ark:/21198/n16d13/3r37qp4v","Page","","succeeded","https://iiif.library.ucla.edu/iiif/2/ark%3A%2F21198%2Fn16d13%2F3r37qp4v"
"Masters/othermasters/dl_toganoo/masters/3680508/ucla_3680508_097.tif","97","","Page 95","","","","ark:/21198/n16d13","ark:/21198/n16d13/4063z175","Page","","succeeded","https://iiif.library.ucla.edu/iiif/2/ark%3A%2F21198%2Fn16d13%2F4063z175"
"Masters/othermasters/dl_toganoo/masters/3680508/ucla_3680508_098.tif","98","","Page 96","","","","ark:/21198/n16d13","ark:/21198/n16d13/p337ns3n","Page","","succeeded","https://iiif.library.ucla.edu/iiif/2/ark%3A%2F21198%2Fn16d13%2Fp337ns3n"
"Masters/othermasters/dl_toganoo/masters/3680508/ucla_3680508_099.tif","99","","Page 97","","","","ark:/21198/n16d13","ark:/21198/n16d13/8z40xv82","Page","","succeeded","https://iiif.library.ucla.edu/iiif/2/ark%3A%2F21198%2Fn16d13%2F8z40xv82"
"Masters/othermasters/dl_toganoo/masters/3680508/ucla_3680508_100.tif","100","","Page 98","","","","ark:/21198/n16d13","ark:/21198/n16d13/b1796d49","Page","","succeeded","https://iiif.library.ucla.edu/iiif/2/ark%3A%2F21198%2Fn16d13%2Fb1796d49"
"Masters/othermasters/dl_toganoo/masters/3680508/ucla_3680508_101.tif","101","","Page 99","","","","ark:/21198/n16d13","ark:/21198/n16d13/wg85dp23","Page","","succeeded","https://iiif.library.ucla.edu/iiif/2/ark%3A%2F21198%2Fn16d13%2Fwg85dp23"
"Masters/othermasters/dl_toganoo/masters/3680508/ucla_3680508_102.tif","102","","Page 100","","","","ark:/21198/n16d13","ark:/21198/n16d13/m150hw4g","Page","","succeeded","https://iiif.library.ucla.edu/iiif/2/ark%3A%2F21198%2Fn16d13%2Fm150hw4g"
"Masters/othermasters/dl_toganoo/masters/3680508/ucla_3680508_103.tif","103","","Page 101","","","","ark:/21198/n16d13","ark:/21198/n16d13/zj82b20v","Page","","succeeded","https://iiif.library.ucla.edu/iiif/2/ark%3A%2F21198%2Fn16d13%2Fzj82b20v"
"Masters/othermasters/dl_toganoo/masters/3680508/ucla_3680508_104.tif","104","","Page 102","","","","ark:/21198/n16d13","ark:/21198/n16d13/md49843b","Page","","succeeded","https://iiif.library.ucla.edu/iiif/2/ark%3A%2F21198%2Fn16d13%2Fmd49843b"
"Masters/othermasters/dl_toganoo/masters/3680508/ucla_3680508_105.tif","105","","Inside Back Cover","","","","ark:/21198/n16d13","ark:/21198/n16d13/3b094m6m","Page","","succeeded","https://iiif.library.ucla.edu/iiif/2/ark%3A%2F21198%2Fn16d13%2F3b094m6m"
"Masters/othermasters/dl_toganoo/masters/3680508/ucla_3680508_106.tif","106","","Back Cover","","","","ark:/21198/n16d13","ark:/21198/n16d13/s040d72v","Page","","succeeded","https://iiif.library.ucla.edu/iiif/2/ark%3A%2F21198%2Fn16d13%2Fs040d72v"
