Project Name,Item ARK,Parent ARK,Item Status ID,Item Status,Object Type,File Name,Item Sequence,Duplicate,Delete in Title,viewingHint,Text direction,Visibility,IIIF Range,Rights.copyrightStatus,Subject,Type.genre,Name.repository,Name.author,Name.attributedTo,Name.translator,Name.commentator,Name.scribe,Name.creator,Name.compiler,Name.annotator,Language.language,Language.script,Name.calligrapher,Alternate Identifier.local,Title,Relation.rectoVerso,Source,Date.creation,Format.dimensions,Alternate Title.other,Description.abstract,Description.microfilm,Description.citation,Alternate Title.scriptArab,Description.physical,Relation.textDirection,Date.normalized,Description.note,Format.extent,Relation,Description.stamp,Relation.citation,Alternate Title.spine,Description.marks,Description.colophon,thumbnailImageName,masterImageName,Description.tableOfContents,JSON,Metadata Only,Conceptual Work
Minasian (Caro) Collection of Persian and Arabic Manuscripts,ark:/21198/zz000w4sg7,ark:/21198/zz000srzdf,7,Completed,Page,Minasian/masters/1147_0577_0001.tif,1,,,,,,,pd,,,,,,,,,,,,,,,1147_0577_0001,cover,r,,,,,,,,,,,,,,,,,,,,1147_0577_0001.jpg,1147_0577_0001.tif,,"['{""Project Name"": ""Minasian (Caro) Collection of Persian and Arabic Manuscripts"", ""Item ARK"": ""ark:/21198/zz000w4sg7"", ""Parent ARK"": ""ark:/21198/zz000srzdf"", ""Item Status ID"": ""7"", ""Item Status"": ""Needs Review"", ""Object Type"": ""ChildWork"", ""File Name"": ""Minasian/masters/1147_0577_0001.tif"", ""Item Sequence"": ""1"", ""Duplicate"": """", ""Delete in Title"": """", ""viewingHint"": """", ""Text direction"": """", ""Visibility"": """", ""IIIF Range"": """", ""Rights.copyrightStatus"": ""pd"", ""Subject"": """", ""Type.genre"": """", ""Name.repository"": """", ""Name.author"": """", ""Name.attributedTo"": """", ""Name.translator"": """", ""Name.commentator"": """", ""Name.scribe"": """", ""Name.creator"": """", ""Name.compiler"": """", ""Name.annotator"": """", ""Language.language"": """", ""Language.script"": """", ""Name.calligrapher"": """", ""Alternate Identifier.local"": ""1147_0577_0001"", ""Title"": ""cover"", ""Relation.rectoVerso"": ""r"", ""Source"": """", ""Date.creation"": """", ""Format.dimensions"": """", ""Alternate Title.other"": """", ""Description.abstract"": """", ""Description.microfilm"": """", ""Description.citation"": """", ""Alternate Title.scriptArab"": """", ""Description.physical"": """", ""Relation.textDirection"": """", ""Date.normalized"": """", ""Description.note"": """", ""Format.extent"": """", ""Relation"": """", ""Description.stamp"": """", ""Relation.citation"": """", ""Alternate Title.spine"": """", ""Description.marks"": """", ""Description.colophon"": """", ""thumbnailImageName"": ""1147_0577_0001.jpg"", ""masterImageName"": ""1147_0577_0001.tif""}']",,No
Minasian (Caro) Collection of Persian and Arabic Manuscripts,ark:/21198/zz000w4shr,ark:/21198/zz000srzdf,7,Completed,Page,Minasian/masters/1147_0577_0002.tif,2,,,,,,,pd,,,,,,,,,,,,,,,1147_0577_0002,unnumbered page,v,,,,,,,,,,,,,,,,,,,,1147_0577_0002.jpg,1147_0577_0002.tif,,"['{""Project Name"": ""Minasian (Caro) Collection of Persian and Arabic Manuscripts"", ""Item ARK"": ""ark:/21198/zz000w4shr"", ""Parent ARK"": ""ark:/21198/zz000srzdf"", ""Item Status ID"": ""7"", ""Item Status"": ""Needs Review"", ""Object Type"": ""ChildWork"", ""File Name"": ""Minasian/masters/1147_0577_0002.tif"", ""Item Sequence"": ""2"", ""Duplicate"": """", ""Delete in Title"": """", ""viewingHint"": """", ""Text direction"": """", ""Visibility"": """", ""IIIF Range"": """", ""Rights.copyrightStatus"": ""pd"", ""Subject"": """", ""Type.genre"": """", ""Name.repository"": """", ""Name.author"": """", ""Name.attributedTo"": """", ""Name.translator"": """", ""Name.commentator"": """", ""Name.scribe"": """", ""Name.creator"": """", ""Name.compiler"": """", ""Name.annotator"": """", ""Language.language"": """", ""Language.script"": """", ""Name.calligrapher"": """", ""Alternate Identifier.local"": ""1147_0577_0002"", ""Title"": ""unnumbered page"", ""Relation.rectoVerso"": ""v"", ""Source"": """", ""Date.creation"": """", ""Format.dimensions"": """", ""Alternate Title.other"": """", ""Description.abstract"": """", ""Description.microfilm"": """", ""Description.citation"": """", ""Alternate Title.scriptArab"": """", ""Description.physical"": """", ""Relation.textDirection"": """", ""Date.normalized"": """", ""Description.note"": """", ""Format.extent"": """", ""Relation"": """", ""Description.stamp"": """", ""Relation.citation"": """", ""Alternate Title.spine"": """", ""Description.marks"": """", ""Description.colophon"": """", ""thumbnailImageName"": ""1147_0577_0002.jpg"", ""masterImageName"": ""1147_0577_0002.tif""}']",,No
Minasian (Caro) Collection of Persian and Arabic Manuscripts,ark:/21198/zz000w4sj8,ark:/21198/zz000srzdf,7,Completed,Page,Minasian/masters/1147_0577_0003.tif,3,,,,,,,pd,,,,,,,,,,,,,,,1147_0577_0003,page 2,r,,,,,,,,,,,,,,,,,,,,1147_0577_0003.jpg,1147_0577_0003.tif,,"['{""Project Name"": ""Minasian (Caro) Collection of Persian and Arabic Manuscripts"", ""Item ARK"": ""ark:/21198/zz000w4sj8"", ""Parent ARK"": ""ark:/21198/zz000srzdf"", ""Item Status ID"": ""7"", ""Item Status"": ""Needs Review"", ""Object Type"": ""ChildWork"", ""File Name"": ""Minasian/masters/1147_0577_0003.tif"", ""Item Sequence"": ""3"", ""Duplicate"": """", ""Delete in Title"": """", ""viewingHint"": """", ""Text direction"": """", ""Visibility"": """", ""IIIF Range"": """", ""Rights.copyrightStatus"": ""pd"", ""Subject"": """", ""Type.genre"": """", ""Name.repository"": """", ""Name.author"": """", ""Name.attributedTo"": """", ""Name.translator"": """", ""Name.commentator"": """", ""Name.scribe"": """", ""Name.creator"": """", ""Name.compiler"": """", ""Name.annotator"": """", ""Language.language"": """", ""Language.script"": """", ""Name.calligrapher"": """", ""Alternate Identifier.local"": ""1147_0577_0003"", ""Title"": ""page 2"", ""Relation.rectoVerso"": ""r"", ""Source"": """", ""Date.creation"": """", ""Format.dimensions"": """", ""Alternate Title.other"": """", ""Description.abstract"": """", ""Description.microfilm"": """", ""Description.citation"": """", ""Alternate Title.scriptArab"": """", ""Description.physical"": """", ""Relation.textDirection"": """", ""Date.normalized"": """", ""Description.note"": """", ""Format.extent"": """", ""Relation"": """", ""Description.stamp"": """", ""Relation.citation"": """", ""Alternate Title.spine"": """", ""Description.marks"": """", ""Description.colophon"": """", ""thumbnailImageName"": ""1147_0577_0003.jpg"", ""masterImageName"": ""1147_0577_0003.tif""}']",,No
Minasian (Caro) Collection of Persian and Arabic Manuscripts,ark:/21198/zz000w4sks,ark:/21198/zz000srzdf,7,Completed,Page,Minasian/masters/1147_0577_0004.tif,4,,,,,,,pd,,,,,,,,,,,,,,,1147_0577_0004,page 3,v,,,,,,,,,,,,,,,,,,,,1147_0577_0004.jpg,1147_0577_0004.tif,,"['{""Project Name"": ""Minasian (Caro) Collection of Persian and Arabic Manuscripts"", ""Item ARK"": ""ark:/21198/zz000w4sks"", ""Parent ARK"": ""ark:/21198/zz000srzdf"", ""Item Status ID"": ""7"", ""Item Status"": ""Needs Review"", ""Object Type"": ""ChildWork"", ""File Name"": ""Minasian/masters/1147_0577_0004.tif"", ""Item Sequence"": ""4"", ""Duplicate"": """", ""Delete in Title"": """", ""viewingHint"": """", ""Text direction"": """", ""Visibility"": """", ""IIIF Range"": """", ""Rights.copyrightStatus"": ""pd"", ""Subject"": """", ""Type.genre"": """", ""Name.repository"": """", ""Name.author"": """", ""Name.attributedTo"": """", ""Name.translator"": """", ""Name.commentator"": """", ""Name.scribe"": """", ""Name.creator"": """", ""Name.compiler"": """", ""Name.annotator"": """", ""Language.language"": """", ""Language.script"": """", ""Name.calligrapher"": """", ""Alternate Identifier.local"": ""1147_0577_0004"", ""Title"": ""page 3"", ""Relation.rectoVerso"": ""v"", ""Source"": """", ""Date.creation"": """", ""Format.dimensions"": """", ""Alternate Title.other"": """", ""Description.abstract"": """", ""Description.microfilm"": """", ""Description.citation"": """", ""Alternate Title.scriptArab"": """", ""Description.physical"": """", ""Relation.textDirection"": """", ""Date.normalized"": """", ""Description.note"": """", ""Format.extent"": """", ""Relation"": """", ""Description.stamp"": """", ""Relation.citation"": """", ""Alternate Title.spine"": """", ""Description.marks"": """", ""Description.colophon"": """", ""thumbnailImageName"": ""1147_0577_0004.jpg"", ""masterImageName"": ""1147_0577_0004.tif""}']",,No
Minasian (Caro) Collection of Persian and Arabic Manuscripts,ark:/21198/zz000w4sm9,ark:/21198/zz000srzdf,7,Completed,Page,Minasian/masters/1147_0577_0005.tif,5,,,,,,,pd,,,,,,,,,,,,,,,1147_0577_0005,page 4,r,,,,,,,,,,,,,,,,,,,,1147_0577_0005.jpg,1147_0577_0005.tif,,"['{""Project Name"": ""Minasian (Caro) Collection of Persian and Arabic Manuscripts"", ""Item ARK"": ""ark:/21198/zz000w4sm9"", ""Parent ARK"": ""ark:/21198/zz000srzdf"", ""Item Status ID"": ""7"", ""Item Status"": ""Needs Review"", ""Object Type"": ""ChildWork"", ""File Name"": ""Minasian/masters/1147_0577_0005.tif"", ""Item Sequence"": ""5"", ""Duplicate"": """", ""Delete in Title"": """", ""viewingHint"": """", ""Text direction"": """", ""Visibility"": """", ""IIIF Range"": """", ""Rights.copyrightStatus"": ""pd"", ""Subject"": """", ""Type.genre"": """", ""Name.repository"": """", ""Name.author"": """", ""Name.attributedTo"": """", ""Name.translator"": """", ""Name.commentator"": """", ""Name.scribe"": """", ""Name.creator"": """", ""Name.compiler"": """", ""Name.annotator"": """", ""Language.language"": """", ""Language.script"": """", ""Name.calligrapher"": """", ""Alternate Identifier.local"": ""1147_0577_0005"", ""Title"": ""page 4"", ""Relation.rectoVerso"": ""r"", ""Source"": """", ""Date.creation"": """", ""Format.dimensions"": """", ""Alternate Title.other"": """", ""Description.abstract"": """", ""Description.microfilm"": """", ""Description.citation"": """", ""Alternate Title.scriptArab"": """", ""Description.physical"": """", ""Relation.textDirection"": """", ""Date.normalized"": """", ""Description.note"": """", ""Format.extent"": """", ""Relation"": """", ""Description.stamp"": """", ""Relation.citation"": """", ""Alternate Title.spine"": """", ""Description.marks"": """", ""Description.colophon"": """", ""thumbnailImageName"": ""1147_0577_0005.jpg"", ""masterImageName"": ""1147_0577_0005.tif""}']",,No
Minasian (Caro) Collection of Persian and Arabic Manuscripts,ark:/21198/zz000w4snt,ark:/21198/zz000srzdf,7,Completed,Page,Minasian/masters/1147_0577_0006.tif,6,,,,,,,pd,,,,,,,,,,,,,,,1147_0577_0006,page 5,v,,,,,,,,,,,,,,,,,,,,1147_0577_0006.jpg,1147_0577_0006.tif,,"['{""Project Name"": ""Minasian (Caro) Collection of Persian and Arabic Manuscripts"", ""Item ARK"": ""ark:/21198/zz000w4snt"", ""Parent ARK"": ""ark:/21198/zz000srzdf"", ""Item Status ID"": ""7"", ""Item Status"": ""Needs Review"", ""Object Type"": ""ChildWork"", ""File Name"": ""Minasian/masters/1147_0577_0006.tif"", ""Item Sequence"": ""6"", ""Duplicate"": """", ""Delete in Title"": """", ""viewingHint"": """", ""Text direction"": """", ""Visibility"": """", ""IIIF Range"": """", ""Rights.copyrightStatus"": ""pd"", ""Subject"": """", ""Type.genre"": """", ""Name.repository"": """", ""Name.author"": """", ""Name.attributedTo"": """", ""Name.translator"": """", ""Name.commentator"": """", ""Name.scribe"": """", ""Name.creator"": """", ""Name.compiler"": """", ""Name.annotator"": """", ""Language.language"": """", ""Language.script"": """", ""Name.calligrapher"": """", ""Alternate Identifier.local"": ""1147_0577_0006"", ""Title"": ""page 5"", ""Relation.rectoVerso"": ""v"", ""Source"": """", ""Date.creation"": """", ""Format.dimensions"": """", ""Alternate Title.other"": """", ""Description.abstract"": """", ""Description.microfilm"": """", ""Description.citation"": """", ""Alternate Title.scriptArab"": """", ""Description.physical"": """", ""Relation.textDirection"": """", ""Date.normalized"": """", ""Description.note"": """", ""Format.extent"": """", ""Relation"": """", ""Description.stamp"": """", ""Relation.citation"": """", ""Alternate Title.spine"": """", ""Description.marks"": """", ""Description.colophon"": """", ""thumbnailImageName"": ""1147_0577_0006.jpg"", ""masterImageName"": ""1147_0577_0006.tif""}']",,No
Minasian (Caro) Collection of Persian and Arabic Manuscripts,ark:/21198/zz000w4spb,ark:/21198/zz000srzdf,7,Completed,Page,Minasian/masters/1147_0577_0007.tif,7,,,,,,,pd,,,,,,,,,,,,,,,1147_0577_0007,page 6,r,,,,,,,,,,,,,,,,,,,,1147_0577_0007.jpg,1147_0577_0007.tif,,"['{""Project Name"": ""Minasian (Caro) Collection of Persian and Arabic Manuscripts"", ""Item ARK"": ""ark:/21198/zz000w4spb"", ""Parent ARK"": ""ark:/21198/zz000srzdf"", ""Item Status ID"": ""7"", ""Item Status"": ""Needs Review"", ""Object Type"": ""ChildWork"", ""File Name"": ""Minasian/masters/1147_0577_0007.tif"", ""Item Sequence"": ""7"", ""Duplicate"": """", ""Delete in Title"": """", ""viewingHint"": """", ""Text direction"": """", ""Visibility"": """", ""IIIF Range"": """", ""Rights.copyrightStatus"": ""pd"", ""Subject"": """", ""Type.genre"": """", ""Name.repository"": """", ""Name.author"": """", ""Name.attributedTo"": """", ""Name.translator"": """", ""Name.commentator"": """", ""Name.scribe"": """", ""Name.creator"": """", ""Name.compiler"": """", ""Name.annotator"": """", ""Language.language"": """", ""Language.script"": """", ""Name.calligrapher"": """", ""Alternate Identifier.local"": ""1147_0577_0007"", ""Title"": ""page 6"", ""Relation.rectoVerso"": ""r"", ""Source"": """", ""Date.creation"": """", ""Format.dimensions"": """", ""Alternate Title.other"": """", ""Description.abstract"": """", ""Description.microfilm"": """", ""Description.citation"": """", ""Alternate Title.scriptArab"": """", ""Description.physical"": """", ""Relation.textDirection"": """", ""Date.normalized"": """", ""Description.note"": """", ""Format.extent"": """", ""Relation"": """", ""Description.stamp"": """", ""Relation.citation"": """", ""Alternate Title.spine"": """", ""Description.marks"": """", ""Description.colophon"": """", ""thumbnailImageName"": ""1147_0577_0007.jpg"", ""masterImageName"": ""1147_0577_0007.tif""}']",,No
Minasian (Caro) Collection of Persian and Arabic Manuscripts,ark:/21198/zz000w4sqv,ark:/21198/zz000srzdf,7,Completed,Page,Minasian/masters/1147_0577_0008.tif,8,,,,,,,pd,,,,,,,,,,,,,,,1147_0577_0008,page 7,v,,,,,,,,,,,,,,,,,,,,1147_0577_0008.jpg,1147_0577_0008.tif,,"['{""Project Name"": ""Minasian (Caro) Collection of Persian and Arabic Manuscripts"", ""Item ARK"": ""ark:/21198/zz000w4sqv"", ""Parent ARK"": ""ark:/21198/zz000srzdf"", ""Item Status ID"": ""7"", ""Item Status"": ""Needs Review"", ""Object Type"": ""ChildWork"", ""File Name"": ""Minasian/masters/1147_0577_0008.tif"", ""Item Sequence"": ""8"", ""Duplicate"": """", ""Delete in Title"": """", ""viewingHint"": """", ""Text direction"": """", ""Visibility"": """", ""IIIF Range"": """", ""Rights.copyrightStatus"": ""pd"", ""Subject"": """", ""Type.genre"": """", ""Name.repository"": """", ""Name.author"": """", ""Name.attributedTo"": """", ""Name.translator"": """", ""Name.commentator"": """", ""Name.scribe"": """", ""Name.creator"": """", ""Name.compiler"": """", ""Name.annotator"": """", ""Language.language"": """", ""Language.script"": """", ""Name.calligrapher"": """", ""Alternate Identifier.local"": ""1147_0577_0008"", ""Title"": ""page 7"", ""Relation.rectoVerso"": ""v"", ""Source"": """", ""Date.creation"": """", ""Format.dimensions"": """", ""Alternate Title.other"": """", ""Description.abstract"": """", ""Description.microfilm"": """", ""Description.citation"": """", ""Alternate Title.scriptArab"": """", ""Description.physical"": """", ""Relation.textDirection"": """", ""Date.normalized"": """", ""Description.note"": """", ""Format.extent"": """", ""Relation"": """", ""Description.stamp"": """", ""Relation.citation"": """", ""Alternate Title.spine"": """", ""Description.marks"": """", ""Description.colophon"": """", ""thumbnailImageName"": ""1147_0577_0008.jpg"", ""masterImageName"": ""1147_0577_0008.tif""}']",,No
Minasian (Caro) Collection of Persian and Arabic Manuscripts,ark:/21198/zz000w4src,ark:/21198/zz000srzdf,7,Completed,Page,Minasian/masters/1147_0577_0009.tif,9,,,,,,,pd,,,,,,,,,,,,,,,1147_0577_0009,page 8,r,,,,,,,,,,,,,,,,,,,,1147_0577_0009.jpg,1147_0577_0009.tif,,"['{""Project Name"": ""Minasian (Caro) Collection of Persian and Arabic Manuscripts"", ""Item ARK"": ""ark:/21198/zz000w4src"", ""Parent ARK"": ""ark:/21198/zz000srzdf"", ""Item Status ID"": ""7"", ""Item Status"": ""Needs Review"", ""Object Type"": ""ChildWork"", ""File Name"": ""Minasian/masters/1147_0577_0009.tif"", ""Item Sequence"": ""9"", ""Duplicate"": """", ""Delete in Title"": """", ""viewingHint"": """", ""Text direction"": """", ""Visibility"": """", ""IIIF Range"": """", ""Rights.copyrightStatus"": ""pd"", ""Subject"": """", ""Type.genre"": """", ""Name.repository"": """", ""Name.author"": """", ""Name.attributedTo"": """", ""Name.translator"": """", ""Name.commentator"": """", ""Name.scribe"": """", ""Name.creator"": """", ""Name.compiler"": """", ""Name.annotator"": """", ""Language.language"": """", ""Language.script"": """", ""Name.calligrapher"": """", ""Alternate Identifier.local"": ""1147_0577_0009"", ""Title"": ""page 8"", ""Relation.rectoVerso"": ""r"", ""Source"": """", ""Date.creation"": """", ""Format.dimensions"": """", ""Alternate Title.other"": """", ""Description.abstract"": """", ""Description.microfilm"": """", ""Description.citation"": """", ""Alternate Title.scriptArab"": """", ""Description.physical"": """", ""Relation.textDirection"": """", ""Date.normalized"": """", ""Description.note"": """", ""Format.extent"": """", ""Relation"": """", ""Description.stamp"": """", ""Relation.citation"": """", ""Alternate Title.spine"": """", ""Description.marks"": """", ""Description.colophon"": """", ""thumbnailImageName"": ""1147_0577_0009.jpg"", ""masterImageName"": ""1147_0577_0009.tif""}']",,No
Minasian (Caro) Collection of Persian and Arabic Manuscripts,ark:/21198/zz000w4ssw,ark:/21198/zz000srzdf,7,Completed,Page,Minasian/masters/1147_0577_0010.tif,10,,,,,,,pd,,,,,,,,,,,,,,,1147_0577_0010,page 9,v,,,,,,,,,,,,,,,,,,,,1147_0577_0010.jpg,1147_0577_0010.tif,,"['{""Project Name"": ""Minasian (Caro) Collection of Persian and Arabic Manuscripts"", ""Item ARK"": ""ark:/21198/zz000w4ssw"", ""Parent ARK"": ""ark:/21198/zz000srzdf"", ""Item Status ID"": ""7"", ""Item Status"": ""Needs Review"", ""Object Type"": ""ChildWork"", ""File Name"": ""Minasian/masters/1147_0577_0010.tif"", ""Item Sequence"": ""10"", ""Duplicate"": """", ""Delete in Title"": """", ""viewingHint"": """", ""Text direction"": """", ""Visibility"": """", ""IIIF Range"": """", ""Rights.copyrightStatus"": ""pd"", ""Subject"": """", ""Type.genre"": """", ""Name.repository"": """", ""Name.author"": """", ""Name.attributedTo"": """", ""Name.translator"": """", ""Name.commentator"": """", ""Name.scribe"": """", ""Name.creator"": """", ""Name.compiler"": """", ""Name.annotator"": """", ""Language.language"": """", ""Language.script"": """", ""Name.calligrapher"": """", ""Alternate Identifier.local"": ""1147_0577_0010"", ""Title"": ""page 9"", ""Relation.rectoVerso"": ""v"", ""Source"": """", ""Date.creation"": """", ""Format.dimensions"": """", ""Alternate Title.other"": """", ""Description.abstract"": """", ""Description.microfilm"": """", ""Description.citation"": """", ""Alternate Title.scriptArab"": """", ""Description.physical"": """", ""Relation.textDirection"": """", ""Date.normalized"": """", ""Description.note"": """", ""Format.extent"": """", ""Relation"": """", ""Description.stamp"": """", ""Relation.citation"": """", ""Alternate Title.spine"": """", ""Description.marks"": """", ""Description.colophon"": """", ""thumbnailImageName"": ""1147_0577_0010.jpg"", ""masterImageName"": ""1147_0577_0010.tif""}']",,No
Minasian (Caro) Collection of Persian and Arabic Manuscripts,ark:/21198/zz000w4std,ark:/21198/zz000srzdf,7,Completed,Page,Minasian/masters/1147_0577_0011.tif,11,,,,,,,pd,,,,,,,,,,,,,,,1147_0577_0011,page 10,r,,,,,,,,,,,,,,,,,,,,1147_0577_0011.jpg,1147_0577_0011.tif,,"['{""Project Name"": ""Minasian (Caro) Collection of Persian and Arabic Manuscripts"", ""Item ARK"": ""ark:/21198/zz000w4std"", ""Parent ARK"": ""ark:/21198/zz000srzdf"", ""Item Status ID"": ""7"", ""Item Status"": ""Needs Review"", ""Object Type"": ""ChildWork"", ""File Name"": ""Minasian/masters/1147_0577_0011.tif"", ""Item Sequence"": ""11"", ""Duplicate"": """", ""Delete in Title"": """", ""viewingHint"": """", ""Text direction"": """", ""Visibility"": """", ""IIIF Range"": """", ""Rights.copyrightStatus"": ""pd"", ""Subject"": """", ""Type.genre"": """", ""Name.repository"": """", ""Name.author"": """", ""Name.attributedTo"": """", ""Name.translator"": """", ""Name.commentator"": """", ""Name.scribe"": """", ""Name.creator"": """", ""Name.compiler"": """", ""Name.annotator"": """", ""Language.language"": """", ""Language.script"": """", ""Name.calligrapher"": """", ""Alternate Identifier.local"": ""1147_0577_0011"", ""Title"": ""page 10"", ""Relation.rectoVerso"": ""r"", ""Source"": """", ""Date.creation"": """", ""Format.dimensions"": """", ""Alternate Title.other"": """", ""Description.abstract"": """", ""Description.microfilm"": """", ""Description.citation"": """", ""Alternate Title.scriptArab"": """", ""Description.physical"": """", ""Relation.textDirection"": """", ""Date.normalized"": """", ""Description.note"": """", ""Format.extent"": """", ""Relation"": """", ""Description.stamp"": """", ""Relation.citation"": """", ""Alternate Title.spine"": """", ""Description.marks"": """", ""Description.colophon"": """", ""thumbnailImageName"": ""1147_0577_0011.jpg"", ""masterImageName"": ""1147_0577_0011.tif""}']",,No
Minasian (Caro) Collection of Persian and Arabic Manuscripts,ark:/21198/zz000w4svx,ark:/21198/zz000srzdf,7,Completed,Page,Minasian/masters/1147_0577_0012.tif,12,,,,,,,pd,,,,,,,,,,,,,,,1147_0577_0012,page 11,v,,,,,,,,,,,,,,,,,,,,1147_0577_0012.jpg,1147_0577_0012.tif,,"['{""Project Name"": ""Minasian (Caro) Collection of Persian and Arabic Manuscripts"", ""Item ARK"": ""ark:/21198/zz000w4svx"", ""Parent ARK"": ""ark:/21198/zz000srzdf"", ""Item Status ID"": ""7"", ""Item Status"": ""Needs Review"", ""Object Type"": ""ChildWork"", ""File Name"": ""Minasian/masters/1147_0577_0012.tif"", ""Item Sequence"": ""12"", ""Duplicate"": """", ""Delete in Title"": """", ""viewingHint"": """", ""Text direction"": """", ""Visibility"": """", ""IIIF Range"": """", ""Rights.copyrightStatus"": ""pd"", ""Subject"": """", ""Type.genre"": """", ""Name.repository"": """", ""Name.author"": """", ""Name.attributedTo"": """", ""Name.translator"": """", ""Name.commentator"": """", ""Name.scribe"": """", ""Name.creator"": """", ""Name.compiler"": """", ""Name.annotator"": """", ""Language.language"": """", ""Language.script"": """", ""Name.calligrapher"": """", ""Alternate Identifier.local"": ""1147_0577_0012"", ""Title"": ""page 11"", ""Relation.rectoVerso"": ""v"", ""Source"": """", ""Date.creation"": """", ""Format.dimensions"": """", ""Alternate Title.other"": """", ""Description.abstract"": """", ""Description.microfilm"": """", ""Description.citation"": """", ""Alternate Title.scriptArab"": """", ""Description.physical"": """", ""Relation.textDirection"": """", ""Date.normalized"": """", ""Description.note"": """", ""Format.extent"": """", ""Relation"": """", ""Description.stamp"": """", ""Relation.citation"": """", ""Alternate Title.spine"": """", ""Description.marks"": """", ""Description.colophon"": """", ""thumbnailImageName"": ""1147_0577_0012.jpg"", ""masterImageName"": ""1147_0577_0012.tif""}']",,No
Minasian (Caro) Collection of Persian and Arabic Manuscripts,ark:/21198/zz000w4swf,ark:/21198/zz000srzdf,7,Completed,Page,Minasian/masters/1147_0577_0013.tif,13,,,,,,,pd,,,,,,,,,,,,,,,1147_0577_0013,page 12,r,,,,,,,,,,,,,,,,,,,,1147_0577_0013.jpg,1147_0577_0013.tif,,"['{""Project Name"": ""Minasian (Caro) Collection of Persian and Arabic Manuscripts"", ""Item ARK"": ""ark:/21198/zz000w4swf"", ""Parent ARK"": ""ark:/21198/zz000srzdf"", ""Item Status ID"": ""7"", ""Item Status"": ""Needs Review"", ""Object Type"": ""ChildWork"", ""File Name"": ""Minasian/masters/1147_0577_0013.tif"", ""Item Sequence"": ""13"", ""Duplicate"": """", ""Delete in Title"": """", ""viewingHint"": """", ""Text direction"": """", ""Visibility"": """", ""IIIF Range"": """", ""Rights.copyrightStatus"": ""pd"", ""Subject"": """", ""Type.genre"": """", ""Name.repository"": """", ""Name.author"": """", ""Name.attributedTo"": """", ""Name.translator"": """", ""Name.commentator"": """", ""Name.scribe"": """", ""Name.creator"": """", ""Name.compiler"": """", ""Name.annotator"": """", ""Language.language"": """", ""Language.script"": """", ""Name.calligrapher"": """", ""Alternate Identifier.local"": ""1147_0577_0013"", ""Title"": ""page 12"", ""Relation.rectoVerso"": ""r"", ""Source"": """", ""Date.creation"": """", ""Format.dimensions"": """", ""Alternate Title.other"": """", ""Description.abstract"": """", ""Description.microfilm"": """", ""Description.citation"": """", ""Alternate Title.scriptArab"": """", ""Description.physical"": """", ""Relation.textDirection"": """", ""Date.normalized"": """", ""Description.note"": """", ""Format.extent"": """", ""Relation"": """", ""Description.stamp"": """", ""Relation.citation"": """", ""Alternate Title.spine"": """", ""Description.marks"": """", ""Description.colophon"": """", ""thumbnailImageName"": ""1147_0577_0013.jpg"", ""masterImageName"": ""1147_0577_0013.tif""}']",,No
Minasian (Caro) Collection of Persian and Arabic Manuscripts,ark:/21198/zz000w4sxz,ark:/21198/zz000srzdf,7,Completed,Page,Minasian/masters/1147_0577_0014.tif,14,,,,,,,pd,,,,,,,,,,,,,,,1147_0577_0014,page 13,v,,,,,,,,,,,,,,,,,,,,1147_0577_0014.jpg,1147_0577_0014.tif,,"['{""Project Name"": ""Minasian (Caro) Collection of Persian and Arabic Manuscripts"", ""Item ARK"": ""ark:/21198/zz000w4sxz"", ""Parent ARK"": ""ark:/21198/zz000srzdf"", ""Item Status ID"": ""7"", ""Item Status"": ""Needs Review"", ""Object Type"": ""ChildWork"", ""File Name"": ""Minasian/masters/1147_0577_0014.tif"", ""Item Sequence"": ""14"", ""Duplicate"": """", ""Delete in Title"": """", ""viewingHint"": """", ""Text direction"": """", ""Visibility"": """", ""IIIF Range"": """", ""Rights.copyrightStatus"": ""pd"", ""Subject"": """", ""Type.genre"": """", ""Name.repository"": """", ""Name.author"": """", ""Name.attributedTo"": """", ""Name.translator"": """", ""Name.commentator"": """", ""Name.scribe"": """", ""Name.creator"": """", ""Name.compiler"": """", ""Name.annotator"": """", ""Language.language"": """", ""Language.script"": """", ""Name.calligrapher"": """", ""Alternate Identifier.local"": ""1147_0577_0014"", ""Title"": ""page 13"", ""Relation.rectoVerso"": ""v"", ""Source"": """", ""Date.creation"": """", ""Format.dimensions"": """", ""Alternate Title.other"": """", ""Description.abstract"": """", ""Description.microfilm"": """", ""Description.citation"": """", ""Alternate Title.scriptArab"": """", ""Description.physical"": """", ""Relation.textDirection"": """", ""Date.normalized"": """", ""Description.note"": """", ""Format.extent"": """", ""Relation"": """", ""Description.stamp"": """", ""Relation.citation"": """", ""Alternate Title.spine"": """", ""Description.marks"": """", ""Description.colophon"": """", ""thumbnailImageName"": ""1147_0577_0014.jpg"", ""masterImageName"": ""1147_0577_0014.tif""}']",,No
Minasian (Caro) Collection of Persian and Arabic Manuscripts,ark:/21198/zz000w4szg,ark:/21198/zz000srzdf,7,Completed,Page,Minasian/masters/1147_0577_0015.tif,15,,,,,,,pd,,,,,,,,,,,,,,,1147_0577_0015,page 14,r,,,,,,,,,,,,,,,,,,,,1147_0577_0015.jpg,1147_0577_0015.tif,,"['{""Project Name"": ""Minasian (Caro) Collection of Persian and Arabic Manuscripts"", ""Item ARK"": ""ark:/21198/zz000w4szg"", ""Parent ARK"": ""ark:/21198/zz000srzdf"", ""Item Status ID"": ""7"", ""Item Status"": ""Needs Review"", ""Object Type"": ""ChildWork"", ""File Name"": ""Minasian/masters/1147_0577_0015.tif"", ""Item Sequence"": ""15"", ""Duplicate"": """", ""Delete in Title"": """", ""viewingHint"": """", ""Text direction"": """", ""Visibility"": """", ""IIIF Range"": """", ""Rights.copyrightStatus"": ""pd"", ""Subject"": """", ""Type.genre"": """", ""Name.repository"": """", ""Name.author"": """", ""Name.attributedTo"": """", ""Name.translator"": """", ""Name.commentator"": """", ""Name.scribe"": """", ""Name.creator"": """", ""Name.compiler"": """", ""Name.annotator"": """", ""Language.language"": """", ""Language.script"": """", ""Name.calligrapher"": """", ""Alternate Identifier.local"": ""1147_0577_0015"", ""Title"": ""page 14"", ""Relation.rectoVerso"": ""r"", ""Source"": """", ""Date.creation"": """", ""Format.dimensions"": """", ""Alternate Title.other"": """", ""Description.abstract"": """", ""Description.microfilm"": """", ""Description.citation"": """", ""Alternate Title.scriptArab"": """", ""Description.physical"": """", ""Relation.textDirection"": """", ""Date.normalized"": """", ""Description.note"": """", ""Format.extent"": """", ""Relation"": """", ""Description.stamp"": """", ""Relation.citation"": """", ""Alternate Title.spine"": """", ""Description.marks"": """", ""Description.colophon"": """", ""thumbnailImageName"": ""1147_0577_0015.jpg"", ""masterImageName"": ""1147_0577_0015.tif""}']",,No
Minasian (Caro) Collection of Persian and Arabic Manuscripts,ark:/21198/zz000w4t0g,ark:/21198/zz000srzdf,7,Completed,Page,Minasian/masters/1147_0577_0016.tif,16,,,,,,,pd,,,,,,,,,,,,,,,1147_0577_0016,page 15,v,,,,,,,,,,,,,,,,,,,,1147_0577_0016.jpg,1147_0577_0016.tif,,"['{""Project Name"": ""Minasian (Caro) Collection of Persian and Arabic Manuscripts"", ""Item ARK"": ""ark:/21198/zz000w4t0g"", ""Parent ARK"": ""ark:/21198/zz000srzdf"", ""Item Status ID"": ""7"", ""Item Status"": ""Needs Review"", ""Object Type"": ""ChildWork"", ""File Name"": ""Minasian/masters/1147_0577_0016.tif"", ""Item Sequence"": ""16"", ""Duplicate"": """", ""Delete in Title"": """", ""viewingHint"": """", ""Text direction"": """", ""Visibility"": """", ""IIIF Range"": """", ""Rights.copyrightStatus"": ""pd"", ""Subject"": """", ""Type.genre"": """", ""Name.repository"": """", ""Name.author"": """", ""Name.attributedTo"": """", ""Name.translator"": """", ""Name.commentator"": """", ""Name.scribe"": """", ""Name.creator"": """", ""Name.compiler"": """", ""Name.annotator"": """", ""Language.language"": """", ""Language.script"": """", ""Name.calligrapher"": """", ""Alternate Identifier.local"": ""1147_0577_0016"", ""Title"": ""page 15"", ""Relation.rectoVerso"": ""v"", ""Source"": """", ""Date.creation"": """", ""Format.dimensions"": """", ""Alternate Title.other"": """", ""Description.abstract"": """", ""Description.microfilm"": """", ""Description.citation"": """", ""Alternate Title.scriptArab"": """", ""Description.physical"": """", ""Relation.textDirection"": """", ""Date.normalized"": """", ""Description.note"": """", ""Format.extent"": """", ""Relation"": """", ""Description.stamp"": """", ""Relation.citation"": """", ""Alternate Title.spine"": """", ""Description.marks"": """", ""Description.colophon"": """", ""thumbnailImageName"": ""1147_0577_0016.jpg"", ""masterImageName"": ""1147_0577_0016.tif""}']",,No
Minasian (Caro) Collection of Persian and Arabic Manuscripts,ark:/21198/zz000w4t10,ark:/21198/zz000srzdf,7,Completed,Page,Minasian/masters/1147_0577_0017.tif,17,,,,,,,pd,,,,,,,,,,,,,,,1147_0577_0017,page 16,r,,,,,,,,,,,,,,,,,,,,1147_0577_0017.jpg,1147_0577_0017.tif,,"['{""Project Name"": ""Minasian (Caro) Collection of Persian and Arabic Manuscripts"", ""Item ARK"": ""ark:/21198/zz000w4t10"", ""Parent ARK"": ""ark:/21198/zz000srzdf"", ""Item Status ID"": ""7"", ""Item Status"": ""Needs Review"", ""Object Type"": ""ChildWork"", ""File Name"": ""Minasian/masters/1147_0577_0017.tif"", ""Item Sequence"": ""17"", ""Duplicate"": """", ""Delete in Title"": """", ""viewingHint"": """", ""Text direction"": """", ""Visibility"": """", ""IIIF Range"": """", ""Rights.copyrightStatus"": ""pd"", ""Subject"": """", ""Type.genre"": """", ""Name.repository"": """", ""Name.author"": """", ""Name.attributedTo"": """", ""Name.translator"": """", ""Name.commentator"": """", ""Name.scribe"": """", ""Name.creator"": """", ""Name.compiler"": """", ""Name.annotator"": """", ""Language.language"": """", ""Language.script"": """", ""Name.calligrapher"": """", ""Alternate Identifier.local"": ""1147_0577_0017"", ""Title"": ""page 16"", ""Relation.rectoVerso"": ""r"", ""Source"": """", ""Date.creation"": """", ""Format.dimensions"": """", ""Alternate Title.other"": """", ""Description.abstract"": """", ""Description.microfilm"": """", ""Description.citation"": """", ""Alternate Title.scriptArab"": """", ""Description.physical"": """", ""Relation.textDirection"": """", ""Date.normalized"": """", ""Description.note"": """", ""Format.extent"": """", ""Relation"": """", ""Description.stamp"": """", ""Relation.citation"": """", ""Alternate Title.spine"": """", ""Description.marks"": """", ""Description.colophon"": """", ""thumbnailImageName"": ""1147_0577_0017.jpg"", ""masterImageName"": ""1147_0577_0017.tif""}']",,No
Minasian (Caro) Collection of Persian and Arabic Manuscripts,ark:/21198/zz000w4t2h,ark:/21198/zz000srzdf,7,Completed,Page,Minasian/masters/1147_0577_0018.tif,18,,,,,,,pd,,,,,,,,,,,,,,,1147_0577_0018,page 17,v,,,,,,,,,,,,,,,,,,,,1147_0577_0018.jpg,1147_0577_0018.tif,,"['{""Project Name"": ""Minasian (Caro) Collection of Persian and Arabic Manuscripts"", ""Item ARK"": ""ark:/21198/zz000w4t2h"", ""Parent ARK"": ""ark:/21198/zz000srzdf"", ""Item Status ID"": ""7"", ""Item Status"": ""Needs Review"", ""Object Type"": ""ChildWork"", ""File Name"": ""Minasian/masters/1147_0577_0018.tif"", ""Item Sequence"": ""18"", ""Duplicate"": """", ""Delete in Title"": """", ""viewingHint"": """", ""Text direction"": """", ""Visibility"": """", ""IIIF Range"": """", ""Rights.copyrightStatus"": ""pd"", ""Subject"": """", ""Type.genre"": """", ""Name.repository"": """", ""Name.author"": """", ""Name.attributedTo"": """", ""Name.translator"": """", ""Name.commentator"": """", ""Name.scribe"": """", ""Name.creator"": """", ""Name.compiler"": """", ""Name.annotator"": """", ""Language.language"": """", ""Language.script"": """", ""Name.calligrapher"": """", ""Alternate Identifier.local"": ""1147_0577_0018"", ""Title"": ""page 17"", ""Relation.rectoVerso"": ""v"", ""Source"": """", ""Date.creation"": """", ""Format.dimensions"": """", ""Alternate Title.other"": """", ""Description.abstract"": """", ""Description.microfilm"": """", ""Description.citation"": """", ""Alternate Title.scriptArab"": """", ""Description.physical"": """", ""Relation.textDirection"": """", ""Date.normalized"": """", ""Description.note"": """", ""Format.extent"": """", ""Relation"": """", ""Description.stamp"": """", ""Relation.citation"": """", ""Alternate Title.spine"": """", ""Description.marks"": """", ""Description.colophon"": """", ""thumbnailImageName"": ""1147_0577_0018.jpg"", ""masterImageName"": ""1147_0577_0018.tif""}']",,No
Minasian (Caro) Collection of Persian and Arabic Manuscripts,ark:/21198/zz000w4t31,ark:/21198/zz000srzdf,7,Completed,Page,Minasian/masters/1147_0577_0019.tif,19,,,,,,,pd,,,,,,,,,,,,,,,1147_0577_0019,page 18,r,,,,,,,,,,,,,,,,,,,,1147_0577_0019.jpg,1147_0577_0019.tif,,"['{""Project Name"": ""Minasian (Caro) Collection of Persian and Arabic Manuscripts"", ""Item ARK"": ""ark:/21198/zz000w4t31"", ""Parent ARK"": ""ark:/21198/zz000srzdf"", ""Item Status ID"": ""7"", ""Item Status"": ""Needs Review"", ""Object Type"": ""ChildWork"", ""File Name"": ""Minasian/masters/1147_0577_0019.tif"", ""Item Sequence"": ""19"", ""Duplicate"": """", ""Delete in Title"": """", ""viewingHint"": """", ""Text direction"": """", ""Visibility"": """", ""IIIF Range"": """", ""Rights.copyrightStatus"": ""pd"", ""Subject"": """", ""Type.genre"": """", ""Name.repository"": """", ""Name.author"": """", ""Name.attributedTo"": """", ""Name.translator"": """", ""Name.commentator"": """", ""Name.scribe"": """", ""Name.creator"": """", ""Name.compiler"": """", ""Name.annotator"": """", ""Language.language"": """", ""Language.script"": """", ""Name.calligrapher"": """", ""Alternate Identifier.local"": ""1147_0577_0019"", ""Title"": ""page 18"", ""Relation.rectoVerso"": ""r"", ""Source"": """", ""Date.creation"": """", ""Format.dimensions"": """", ""Alternate Title.other"": """", ""Description.abstract"": """", ""Description.microfilm"": """", ""Description.citation"": """", ""Alternate Title.scriptArab"": """", ""Description.physical"": """", ""Relation.textDirection"": """", ""Date.normalized"": """", ""Description.note"": """", ""Format.extent"": """", ""Relation"": """", ""Description.stamp"": """", ""Relation.citation"": """", ""Alternate Title.spine"": """", ""Description.marks"": """", ""Description.colophon"": """", ""thumbnailImageName"": ""1147_0577_0019.jpg"", ""masterImageName"": ""1147_0577_0019.tif""}']",,No
Minasian (Caro) Collection of Persian and Arabic Manuscripts,ark:/21198/zz000w4t4j,ark:/21198/zz000srzdf,7,Completed,Page,Minasian/masters/1147_0577_0020.tif,20,,,,,,,pd,,,,,,,,,,,,,,,1147_0577_0020,page 19,v,,,,,,,,,,,,,,,,,,,,1147_0577_0020.jpg,1147_0577_0020.tif,,"['{""Project Name"": ""Minasian (Caro) Collection of Persian and Arabic Manuscripts"", ""Item ARK"": ""ark:/21198/zz000w4t4j"", ""Parent ARK"": ""ark:/21198/zz000srzdf"", ""Item Status ID"": ""7"", ""Item Status"": ""Needs Review"", ""Object Type"": ""ChildWork"", ""File Name"": ""Minasian/masters/1147_0577_0020.tif"", ""Item Sequence"": ""20"", ""Duplicate"": """", ""Delete in Title"": """", ""viewingHint"": """", ""Text direction"": """", ""Visibility"": """", ""IIIF Range"": """", ""Rights.copyrightStatus"": ""pd"", ""Subject"": """", ""Type.genre"": """", ""Name.repository"": """", ""Name.author"": """", ""Name.attributedTo"": """", ""Name.translator"": """", ""Name.commentator"": """", ""Name.scribe"": """", ""Name.creator"": """", ""Name.compiler"": """", ""Name.annotator"": """", ""Language.language"": """", ""Language.script"": """", ""Name.calligrapher"": """", ""Alternate Identifier.local"": ""1147_0577_0020"", ""Title"": ""page 19"", ""Relation.rectoVerso"": ""v"", ""Source"": """", ""Date.creation"": """", ""Format.dimensions"": """", ""Alternate Title.other"": """", ""Description.abstract"": """", ""Description.microfilm"": """", ""Description.citation"": """", ""Alternate Title.scriptArab"": """", ""Description.physical"": """", ""Relation.textDirection"": """", ""Date.normalized"": """", ""Description.note"": """", ""Format.extent"": """", ""Relation"": """", ""Description.stamp"": """", ""Relation.citation"": """", ""Alternate Title.spine"": """", ""Description.marks"": """", ""Description.colophon"": """", ""thumbnailImageName"": ""1147_0577_0020.jpg"", ""masterImageName"": ""1147_0577_0020.tif""}']",,No
Minasian (Caro) Collection of Persian and Arabic Manuscripts,ark:/21198/zz000w4t52,ark:/21198/zz000srzdf,7,Completed,Page,Minasian/masters/1147_0577_0021.tif,21,,,,,,,pd,,,,,,,,,,,,,,,1147_0577_0021,page 20,r,,,,,,,,,,,,,,,,,,,,1147_0577_0021.jpg,1147_0577_0021.tif,,"['{""Project Name"": ""Minasian (Caro) Collection of Persian and Arabic Manuscripts"", ""Item ARK"": ""ark:/21198/zz000w4t52"", ""Parent ARK"": ""ark:/21198/zz000srzdf"", ""Item Status ID"": ""7"", ""Item Status"": ""Needs Review"", ""Object Type"": ""ChildWork"", ""File Name"": ""Minasian/masters/1147_0577_0021.tif"", ""Item Sequence"": ""21"", ""Duplicate"": """", ""Delete in Title"": """", ""viewingHint"": """", ""Text direction"": """", ""Visibility"": """", ""IIIF Range"": """", ""Rights.copyrightStatus"": ""pd"", ""Subject"": """", ""Type.genre"": """", ""Name.repository"": """", ""Name.author"": """", ""Name.attributedTo"": """", ""Name.translator"": """", ""Name.commentator"": """", ""Name.scribe"": """", ""Name.creator"": """", ""Name.compiler"": """", ""Name.annotator"": """", ""Language.language"": """", ""Language.script"": """", ""Name.calligrapher"": """", ""Alternate Identifier.local"": ""1147_0577_0021"", ""Title"": ""page 20"", ""Relation.rectoVerso"": ""r"", ""Source"": """", ""Date.creation"": """", ""Format.dimensions"": """", ""Alternate Title.other"": """", ""Description.abstract"": """", ""Description.microfilm"": """", ""Description.citation"": """", ""Alternate Title.scriptArab"": """", ""Description.physical"": """", ""Relation.textDirection"": """", ""Date.normalized"": """", ""Description.note"": """", ""Format.extent"": """", ""Relation"": """", ""Description.stamp"": """", ""Relation.citation"": """", ""Alternate Title.spine"": """", ""Description.marks"": """", ""Description.colophon"": """", ""thumbnailImageName"": ""1147_0577_0021.jpg"", ""masterImageName"": ""1147_0577_0021.tif""}']",,No
Minasian (Caro) Collection of Persian and Arabic Manuscripts,ark:/21198/zz000w4t6k,ark:/21198/zz000srzdf,7,Completed,Page,Minasian/masters/1147_0577_0022.tif,22,,,,,,,pd,,,,,,,,,,,,,,,1147_0577_0022,page 21,v,,,,,,,,,,,,,,,,,,,,1147_0577_0022.jpg,1147_0577_0022.tif,,"['{""Project Name"": ""Minasian (Caro) Collection of Persian and Arabic Manuscripts"", ""Item ARK"": ""ark:/21198/zz000w4t6k"", ""Parent ARK"": ""ark:/21198/zz000srzdf"", ""Item Status ID"": ""7"", ""Item Status"": ""Needs Review"", ""Object Type"": ""ChildWork"", ""File Name"": ""Minasian/masters/1147_0577_0022.tif"", ""Item Sequence"": ""22"", ""Duplicate"": """", ""Delete in Title"": """", ""viewingHint"": """", ""Text direction"": """", ""Visibility"": """", ""IIIF Range"": """", ""Rights.copyrightStatus"": ""pd"", ""Subject"": """", ""Type.genre"": """", ""Name.repository"": """", ""Name.author"": """", ""Name.attributedTo"": """", ""Name.translator"": """", ""Name.commentator"": """", ""Name.scribe"": """", ""Name.creator"": """", ""Name.compiler"": """", ""Name.annotator"": """", ""Language.language"": """", ""Language.script"": """", ""Name.calligrapher"": """", ""Alternate Identifier.local"": ""1147_0577_0022"", ""Title"": ""page 21"", ""Relation.rectoVerso"": ""v"", ""Source"": """", ""Date.creation"": """", ""Format.dimensions"": """", ""Alternate Title.other"": """", ""Description.abstract"": """", ""Description.microfilm"": """", ""Description.citation"": """", ""Alternate Title.scriptArab"": """", ""Description.physical"": """", ""Relation.textDirection"": """", ""Date.normalized"": """", ""Description.note"": """", ""Format.extent"": """", ""Relation"": """", ""Description.stamp"": """", ""Relation.citation"": """", ""Alternate Title.spine"": """", ""Description.marks"": """", ""Description.colophon"": """", ""thumbnailImageName"": ""1147_0577_0022.jpg"", ""masterImageName"": ""1147_0577_0022.tif""}']",,No
Minasian (Caro) Collection of Persian and Arabic Manuscripts,ark:/21198/zz000w4t73,ark:/21198/zz000srzdf,7,Completed,Page,Minasian/masters/1147_0577_0023.tif,23,,,,,,,pd,,,,,,,,,,,,,,,1147_0577_0023,page 22,r,,,,,,,,,,,,,,,,,,,,1147_0577_0023.jpg,1147_0577_0023.tif,,"['{""Project Name"": ""Minasian (Caro) Collection of Persian and Arabic Manuscripts"", ""Item ARK"": ""ark:/21198/zz000w4t73"", ""Parent ARK"": ""ark:/21198/zz000srzdf"", ""Item Status ID"": ""7"", ""Item Status"": ""Needs Review"", ""Object Type"": ""ChildWork"", ""File Name"": ""Minasian/masters/1147_0577_0023.tif"", ""Item Sequence"": ""23"", ""Duplicate"": """", ""Delete in Title"": """", ""viewingHint"": """", ""Text direction"": """", ""Visibility"": """", ""IIIF Range"": """", ""Rights.copyrightStatus"": ""pd"", ""Subject"": """", ""Type.genre"": """", ""Name.repository"": """", ""Name.author"": """", ""Name.attributedTo"": """", ""Name.translator"": """", ""Name.commentator"": """", ""Name.scribe"": """", ""Name.creator"": """", ""Name.compiler"": """", ""Name.annotator"": """", ""Language.language"": """", ""Language.script"": """", ""Name.calligrapher"": """", ""Alternate Identifier.local"": ""1147_0577_0023"", ""Title"": ""page 22"", ""Relation.rectoVerso"": ""r"", ""Source"": """", ""Date.creation"": """", ""Format.dimensions"": """", ""Alternate Title.other"": """", ""Description.abstract"": """", ""Description.microfilm"": """", ""Description.citation"": """", ""Alternate Title.scriptArab"": """", ""Description.physical"": """", ""Relation.textDirection"": """", ""Date.normalized"": """", ""Description.note"": """", ""Format.extent"": """", ""Relation"": """", ""Description.stamp"": """", ""Relation.citation"": """", ""Alternate Title.spine"": """", ""Description.marks"": """", ""Description.colophon"": """", ""thumbnailImageName"": ""1147_0577_0023.jpg"", ""masterImageName"": ""1147_0577_0023.tif""}']",,No
Minasian (Caro) Collection of Persian and Arabic Manuscripts,ark:/21198/zz000w4t8m,ark:/21198/zz000srzdf,7,Completed,Page,Minasian/masters/1147_0577_0024.tif,24,,,,,,,pd,,,,,,,,,,,,,,,1147_0577_0024,page 23,v,,,,,,,,,,,,,,,,,,,,1147_0577_0024.jpg,1147_0577_0024.tif,,"['{""Project Name"": ""Minasian (Caro) Collection of Persian and Arabic Manuscripts"", ""Item ARK"": ""ark:/21198/zz000w4t8m"", ""Parent ARK"": ""ark:/21198/zz000srzdf"", ""Item Status ID"": ""7"", ""Item Status"": ""Needs Review"", ""Object Type"": ""ChildWork"", ""File Name"": ""Minasian/masters/1147_0577_0024.tif"", ""Item Sequence"": ""24"", ""Duplicate"": """", ""Delete in Title"": """", ""viewingHint"": """", ""Text direction"": """", ""Visibility"": """", ""IIIF Range"": """", ""Rights.copyrightStatus"": ""pd"", ""Subject"": """", ""Type.genre"": """", ""Name.repository"": """", ""Name.author"": """", ""Name.attributedTo"": """", ""Name.translator"": """", ""Name.commentator"": """", ""Name.scribe"": """", ""Name.creator"": """", ""Name.compiler"": """", ""Name.annotator"": """", ""Language.language"": """", ""Language.script"": """", ""Name.calligrapher"": """", ""Alternate Identifier.local"": ""1147_0577_0024"", ""Title"": ""page 23"", ""Relation.rectoVerso"": ""v"", ""Source"": """", ""Date.creation"": """", ""Format.dimensions"": """", ""Alternate Title.other"": """", ""Description.abstract"": """", ""Description.microfilm"": """", ""Description.citation"": """", ""Alternate Title.scriptArab"": """", ""Description.physical"": """", ""Relation.textDirection"": """", ""Date.normalized"": """", ""Description.note"": """", ""Format.extent"": """", ""Relation"": """", ""Description.stamp"": """", ""Relation.citation"": """", ""Alternate Title.spine"": """", ""Description.marks"": """", ""Description.colophon"": """", ""thumbnailImageName"": ""1147_0577_0024.jpg"", ""masterImageName"": ""1147_0577_0024.tif""}']",,No
Minasian (Caro) Collection of Persian and Arabic Manuscripts,ark:/21198/zz000w4t94,ark:/21198/zz000srzdf,7,Completed,Page,Minasian/masters/1147_0577_0025.tif,25,,,,,,,pd,,,,,,,,,,,,,,,1147_0577_0025,page 24,r,,,,,,,,,,,,,,,,,,,,1147_0577_0025.jpg,1147_0577_0025.tif,,"['{""Project Name"": ""Minasian (Caro) Collection of Persian and Arabic Manuscripts"", ""Item ARK"": ""ark:/21198/zz000w4t94"", ""Parent ARK"": ""ark:/21198/zz000srzdf"", ""Item Status ID"": ""7"", ""Item Status"": ""Needs Review"", ""Object Type"": ""ChildWork"", ""File Name"": ""Minasian/masters/1147_0577_0025.tif"", ""Item Sequence"": ""25"", ""Duplicate"": """", ""Delete in Title"": """", ""viewingHint"": """", ""Text direction"": """", ""Visibility"": """", ""IIIF Range"": """", ""Rights.copyrightStatus"": ""pd"", ""Subject"": """", ""Type.genre"": """", ""Name.repository"": """", ""Name.author"": """", ""Name.attributedTo"": """", ""Name.translator"": """", ""Name.commentator"": """", ""Name.scribe"": """", ""Name.creator"": """", ""Name.compiler"": """", ""Name.annotator"": """", ""Language.language"": """", ""Language.script"": """", ""Name.calligrapher"": """", ""Alternate Identifier.local"": ""1147_0577_0025"", ""Title"": ""page 24"", ""Relation.rectoVerso"": ""r"", ""Source"": """", ""Date.creation"": """", ""Format.dimensions"": """", ""Alternate Title.other"": """", ""Description.abstract"": """", ""Description.microfilm"": """", ""Description.citation"": """", ""Alternate Title.scriptArab"": """", ""Description.physical"": """", ""Relation.textDirection"": """", ""Date.normalized"": """", ""Description.note"": """", ""Format.extent"": """", ""Relation"": """", ""Description.stamp"": """", ""Relation.citation"": """", ""Alternate Title.spine"": """", ""Description.marks"": """", ""Description.colophon"": """", ""thumbnailImageName"": ""1147_0577_0025.jpg"", ""masterImageName"": ""1147_0577_0025.tif""}']",,No
Minasian (Caro) Collection of Persian and Arabic Manuscripts,ark:/21198/zz000w4tbn,ark:/21198/zz000srzdf,7,Completed,Page,Minasian/masters/1147_0577_0026.tif,26,,,,,,,pd,,,,,,,,,,,,,,,1147_0577_0026,page 25,v,,,,,,,,,,,,,,,,,,,,1147_0577_0026.jpg,1147_0577_0026.tif,,"['{""Project Name"": ""Minasian (Caro) Collection of Persian and Arabic Manuscripts"", ""Item ARK"": ""ark:/21198/zz000w4tbn"", ""Parent ARK"": ""ark:/21198/zz000srzdf"", ""Item Status ID"": ""7"", ""Item Status"": ""Needs Review"", ""Object Type"": ""ChildWork"", ""File Name"": ""Minasian/masters/1147_0577_0026.tif"", ""Item Sequence"": ""26"", ""Duplicate"": """", ""Delete in Title"": """", ""viewingHint"": """", ""Text direction"": """", ""Visibility"": """", ""IIIF Range"": """", ""Rights.copyrightStatus"": ""pd"", ""Subject"": """", ""Type.genre"": """", ""Name.repository"": """", ""Name.author"": """", ""Name.attributedTo"": """", ""Name.translator"": """", ""Name.commentator"": """", ""Name.scribe"": """", ""Name.creator"": """", ""Name.compiler"": """", ""Name.annotator"": """", ""Language.language"": """", ""Language.script"": """", ""Name.calligrapher"": """", ""Alternate Identifier.local"": ""1147_0577_0026"", ""Title"": ""page 25"", ""Relation.rectoVerso"": ""v"", ""Source"": """", ""Date.creation"": """", ""Format.dimensions"": """", ""Alternate Title.other"": """", ""Description.abstract"": """", ""Description.microfilm"": """", ""Description.citation"": """", ""Alternate Title.scriptArab"": """", ""Description.physical"": """", ""Relation.textDirection"": """", ""Date.normalized"": """", ""Description.note"": """", ""Format.extent"": """", ""Relation"": """", ""Description.stamp"": """", ""Relation.citation"": """", ""Alternate Title.spine"": """", ""Description.marks"": """", ""Description.colophon"": """", ""thumbnailImageName"": ""1147_0577_0026.jpg"", ""masterImageName"": ""1147_0577_0026.tif""}']",,No
Minasian (Caro) Collection of Persian and Arabic Manuscripts,ark:/21198/zz000w4tc5,ark:/21198/zz000srzdf,7,Completed,Page,Minasian/masters/1147_0577_0027.tif,27,,,,,,,pd,,,,,,,,,,,,,,,1147_0577_0027,page 26,r,,,,,,,,,,,,,,,,,,,,1147_0577_0027.jpg,1147_0577_0027.tif,,"['{""Project Name"": ""Minasian (Caro) Collection of Persian and Arabic Manuscripts"", ""Item ARK"": ""ark:/21198/zz000w4tc5"", ""Parent ARK"": ""ark:/21198/zz000srzdf"", ""Item Status ID"": ""7"", ""Item Status"": ""Needs Review"", ""Object Type"": ""ChildWork"", ""File Name"": ""Minasian/masters/1147_0577_0027.tif"", ""Item Sequence"": ""27"", ""Duplicate"": """", ""Delete in Title"": """", ""viewingHint"": """", ""Text direction"": """", ""Visibility"": """", ""IIIF Range"": """", ""Rights.copyrightStatus"": ""pd"", ""Subject"": """", ""Type.genre"": """", ""Name.repository"": """", ""Name.author"": """", ""Name.attributedTo"": """", ""Name.translator"": """", ""Name.commentator"": """", ""Name.scribe"": """", ""Name.creator"": """", ""Name.compiler"": """", ""Name.annotator"": """", ""Language.language"": """", ""Language.script"": """", ""Name.calligrapher"": """", ""Alternate Identifier.local"": ""1147_0577_0027"", ""Title"": ""page 26"", ""Relation.rectoVerso"": ""r"", ""Source"": """", ""Date.creation"": """", ""Format.dimensions"": """", ""Alternate Title.other"": """", ""Description.abstract"": """", ""Description.microfilm"": """", ""Description.citation"": """", ""Alternate Title.scriptArab"": """", ""Description.physical"": """", ""Relation.textDirection"": """", ""Date.normalized"": """", ""Description.note"": """", ""Format.extent"": """", ""Relation"": """", ""Description.stamp"": """", ""Relation.citation"": """", ""Alternate Title.spine"": """", ""Description.marks"": """", ""Description.colophon"": """", ""thumbnailImageName"": ""1147_0577_0027.jpg"", ""masterImageName"": ""1147_0577_0027.tif""}']",,No
Minasian (Caro) Collection of Persian and Arabic Manuscripts,ark:/21198/zz000w4tdp,ark:/21198/zz000srzdf,7,Completed,Page,Minasian/masters/1147_0577_0028.tif,28,,,,,,,pd,,,,,,,,,,,,,,,1147_0577_0028,page 27,v,,,,,,,,,,,,,,,,,,,,1147_0577_0028.jpg,1147_0577_0028.tif,,"['{""Project Name"": ""Minasian (Caro) Collection of Persian and Arabic Manuscripts"", ""Item ARK"": ""ark:/21198/zz000w4tdp"", ""Parent ARK"": ""ark:/21198/zz000srzdf"", ""Item Status ID"": ""7"", ""Item Status"": ""Needs Review"", ""Object Type"": ""ChildWork"", ""File Name"": ""Minasian/masters/1147_0577_0028.tif"", ""Item Sequence"": ""28"", ""Duplicate"": """", ""Delete in Title"": """", ""viewingHint"": """", ""Text direction"": """", ""Visibility"": """", ""IIIF Range"": """", ""Rights.copyrightStatus"": ""pd"", ""Subject"": """", ""Type.genre"": """", ""Name.repository"": """", ""Name.author"": """", ""Name.attributedTo"": """", ""Name.translator"": """", ""Name.commentator"": """", ""Name.scribe"": """", ""Name.creator"": """", ""Name.compiler"": """", ""Name.annotator"": """", ""Language.language"": """", ""Language.script"": """", ""Name.calligrapher"": """", ""Alternate Identifier.local"": ""1147_0577_0028"", ""Title"": ""page 27"", ""Relation.rectoVerso"": ""v"", ""Source"": """", ""Date.creation"": """", ""Format.dimensions"": """", ""Alternate Title.other"": """", ""Description.abstract"": """", ""Description.microfilm"": """", ""Description.citation"": """", ""Alternate Title.scriptArab"": """", ""Description.physical"": """", ""Relation.textDirection"": """", ""Date.normalized"": """", ""Description.note"": """", ""Format.extent"": """", ""Relation"": """", ""Description.stamp"": """", ""Relation.citation"": """", ""Alternate Title.spine"": """", ""Description.marks"": """", ""Description.colophon"": """", ""thumbnailImageName"": ""1147_0577_0028.jpg"", ""masterImageName"": ""1147_0577_0028.tif""}']",,No
Minasian (Caro) Collection of Persian and Arabic Manuscripts,ark:/21198/zz000w4tf6,ark:/21198/zz000srzdf,7,Completed,Page,Minasian/masters/1147_0577_0029.tif,29,,,,,,,pd,,,,,,,,,,,,,,,1147_0577_0029,page 28,r,,,,,,,,,,,,,,,,,,,,1147_0577_0029.jpg,1147_0577_0029.tif,,"['{""Project Name"": ""Minasian (Caro) Collection of Persian and Arabic Manuscripts"", ""Item ARK"": ""ark:/21198/zz000w4tf6"", ""Parent ARK"": ""ark:/21198/zz000srzdf"", ""Item Status ID"": ""7"", ""Item Status"": ""Needs Review"", ""Object Type"": ""ChildWork"", ""File Name"": ""Minasian/masters/1147_0577_0029.tif"", ""Item Sequence"": ""29"", ""Duplicate"": """", ""Delete in Title"": """", ""viewingHint"": """", ""Text direction"": """", ""Visibility"": """", ""IIIF Range"": """", ""Rights.copyrightStatus"": ""pd"", ""Subject"": """", ""Type.genre"": """", ""Name.repository"": """", ""Name.author"": """", ""Name.attributedTo"": """", ""Name.translator"": """", ""Name.commentator"": """", ""Name.scribe"": """", ""Name.creator"": """", ""Name.compiler"": """", ""Name.annotator"": """", ""Language.language"": """", ""Language.script"": """", ""Name.calligrapher"": """", ""Alternate Identifier.local"": ""1147_0577_0029"", ""Title"": ""page 28"", ""Relation.rectoVerso"": ""r"", ""Source"": """", ""Date.creation"": """", ""Format.dimensions"": """", ""Alternate Title.other"": """", ""Description.abstract"": """", ""Description.microfilm"": """", ""Description.citation"": """", ""Alternate Title.scriptArab"": """", ""Description.physical"": """", ""Relation.textDirection"": """", ""Date.normalized"": """", ""Description.note"": """", ""Format.extent"": """", ""Relation"": """", ""Description.stamp"": """", ""Relation.citation"": """", ""Alternate Title.spine"": """", ""Description.marks"": """", ""Description.colophon"": """", ""thumbnailImageName"": ""1147_0577_0029.jpg"", ""masterImageName"": ""1147_0577_0029.tif""}']",,No
Minasian (Caro) Collection of Persian and Arabic Manuscripts,ark:/21198/zz000w4tgq,ark:/21198/zz000srzdf,7,Completed,Page,Minasian/masters/1147_0577_0030.tif,30,,,,,,,pd,,,,,,,,,,,,,,,1147_0577_0030,page 29,v,,,,,,,,,,,,,,,,,,,,1147_0577_0030.jpg,1147_0577_0030.tif,,"['{""Project Name"": ""Minasian (Caro) Collection of Persian and Arabic Manuscripts"", ""Item ARK"": ""ark:/21198/zz000w4tgq"", ""Parent ARK"": ""ark:/21198/zz000srzdf"", ""Item Status ID"": ""7"", ""Item Status"": ""Needs Review"", ""Object Type"": ""ChildWork"", ""File Name"": ""Minasian/masters/1147_0577_0030.tif"", ""Item Sequence"": ""30"", ""Duplicate"": """", ""Delete in Title"": """", ""viewingHint"": """", ""Text direction"": """", ""Visibility"": """", ""IIIF Range"": """", ""Rights.copyrightStatus"": ""pd"", ""Subject"": """", ""Type.genre"": """", ""Name.repository"": """", ""Name.author"": """", ""Name.attributedTo"": """", ""Name.translator"": """", ""Name.commentator"": """", ""Name.scribe"": """", ""Name.creator"": """", ""Name.compiler"": """", ""Name.annotator"": """", ""Language.language"": """", ""Language.script"": """", ""Name.calligrapher"": """", ""Alternate Identifier.local"": ""1147_0577_0030"", ""Title"": ""page 29"", ""Relation.rectoVerso"": ""v"", ""Source"": """", ""Date.creation"": """", ""Format.dimensions"": """", ""Alternate Title.other"": """", ""Description.abstract"": """", ""Description.microfilm"": """", ""Description.citation"": """", ""Alternate Title.scriptArab"": """", ""Description.physical"": """", ""Relation.textDirection"": """", ""Date.normalized"": """", ""Description.note"": """", ""Format.extent"": """", ""Relation"": """", ""Description.stamp"": """", ""Relation.citation"": """", ""Alternate Title.spine"": """", ""Description.marks"": """", ""Description.colophon"": """", ""thumbnailImageName"": ""1147_0577_0030.jpg"", ""masterImageName"": ""1147_0577_0030.tif""}']",,No
Minasian (Caro) Collection of Persian and Arabic Manuscripts,ark:/21198/zz000w4th7,ark:/21198/zz000srzdf,7,Completed,Page,Minasian/masters/1147_0577_0031.tif,31,,,,,,,pd,,,,,,,,,,,,,,,1147_0577_0031,page 30,r,,,,,,,,,,,,,,,,,,,,1147_0577_0031.jpg,1147_0577_0031.tif,,"['{""Project Name"": ""Minasian (Caro) Collection of Persian and Arabic Manuscripts"", ""Item ARK"": ""ark:/21198/zz000w4th7"", ""Parent ARK"": ""ark:/21198/zz000srzdf"", ""Item Status ID"": ""7"", ""Item Status"": ""Needs Review"", ""Object Type"": ""ChildWork"", ""File Name"": ""Minasian/masters/1147_0577_0031.tif"", ""Item Sequence"": ""31"", ""Duplicate"": """", ""Delete in Title"": """", ""viewingHint"": """", ""Text direction"": """", ""Visibility"": """", ""IIIF Range"": """", ""Rights.copyrightStatus"": ""pd"", ""Subject"": """", ""Type.genre"": """", ""Name.repository"": """", ""Name.author"": """", ""Name.attributedTo"": """", ""Name.translator"": """", ""Name.commentator"": """", ""Name.scribe"": """", ""Name.creator"": """", ""Name.compiler"": """", ""Name.annotator"": """", ""Language.language"": """", ""Language.script"": """", ""Name.calligrapher"": """", ""Alternate Identifier.local"": ""1147_0577_0031"", ""Title"": ""page 30"", ""Relation.rectoVerso"": ""r"", ""Source"": """", ""Date.creation"": """", ""Format.dimensions"": """", ""Alternate Title.other"": """", ""Description.abstract"": """", ""Description.microfilm"": """", ""Description.citation"": """", ""Alternate Title.scriptArab"": """", ""Description.physical"": """", ""Relation.textDirection"": """", ""Date.normalized"": """", ""Description.note"": """", ""Format.extent"": """", ""Relation"": """", ""Description.stamp"": """", ""Relation.citation"": """", ""Alternate Title.spine"": """", ""Description.marks"": """", ""Description.colophon"": """", ""thumbnailImageName"": ""1147_0577_0031.jpg"", ""masterImageName"": ""1147_0577_0031.tif""}']",,No
Minasian (Caro) Collection of Persian and Arabic Manuscripts,ark:/21198/zz000w4tjr,ark:/21198/zz000srzdf,7,Completed,Page,Minasian/masters/1147_0577_0032.tif,32,,,,,,,pd,,,,,,,,,,,,,,,1147_0577_0032,page 31,v,,,,,,,,,,,,,,,,,,,,1147_0577_0032.jpg,1147_0577_0032.tif,,"['{""Project Name"": ""Minasian (Caro) Collection of Persian and Arabic Manuscripts"", ""Item ARK"": ""ark:/21198/zz000w4tjr"", ""Parent ARK"": ""ark:/21198/zz000srzdf"", ""Item Status ID"": ""7"", ""Item Status"": ""Needs Review"", ""Object Type"": ""ChildWork"", ""File Name"": ""Minasian/masters/1147_0577_0032.tif"", ""Item Sequence"": ""32"", ""Duplicate"": """", ""Delete in Title"": """", ""viewingHint"": """", ""Text direction"": """", ""Visibility"": """", ""IIIF Range"": """", ""Rights.copyrightStatus"": ""pd"", ""Subject"": """", ""Type.genre"": """", ""Name.repository"": """", ""Name.author"": """", ""Name.attributedTo"": """", ""Name.translator"": """", ""Name.commentator"": """", ""Name.scribe"": """", ""Name.creator"": """", ""Name.compiler"": """", ""Name.annotator"": """", ""Language.language"": """", ""Language.script"": """", ""Name.calligrapher"": """", ""Alternate Identifier.local"": ""1147_0577_0032"", ""Title"": ""page 31"", ""Relation.rectoVerso"": ""v"", ""Source"": """", ""Date.creation"": """", ""Format.dimensions"": """", ""Alternate Title.other"": """", ""Description.abstract"": """", ""Description.microfilm"": """", ""Description.citation"": """", ""Alternate Title.scriptArab"": """", ""Description.physical"": """", ""Relation.textDirection"": """", ""Date.normalized"": """", ""Description.note"": """", ""Format.extent"": """", ""Relation"": """", ""Description.stamp"": """", ""Relation.citation"": """", ""Alternate Title.spine"": """", ""Description.marks"": """", ""Description.colophon"": """", ""thumbnailImageName"": ""1147_0577_0032.jpg"", ""masterImageName"": ""1147_0577_0032.tif""}']",,No
Minasian (Caro) Collection of Persian and Arabic Manuscripts,ark:/21198/zz000w4tk8,ark:/21198/zz000srzdf,7,Completed,Page,Minasian/masters/1147_0577_0033.tif,33,,,,,,,pd,,,,,,,,,,,,,,,1147_0577_0033,page 32,r,,,,,,,,,,,,,,,,,,,,1147_0577_0033.jpg,1147_0577_0033.tif,,"['{""Project Name"": ""Minasian (Caro) Collection of Persian and Arabic Manuscripts"", ""Item ARK"": ""ark:/21198/zz000w4tk8"", ""Parent ARK"": ""ark:/21198/zz000srzdf"", ""Item Status ID"": ""7"", ""Item Status"": ""Needs Review"", ""Object Type"": ""ChildWork"", ""File Name"": ""Minasian/masters/1147_0577_0033.tif"", ""Item Sequence"": ""33"", ""Duplicate"": """", ""Delete in Title"": """", ""viewingHint"": """", ""Text direction"": """", ""Visibility"": """", ""IIIF Range"": """", ""Rights.copyrightStatus"": ""pd"", ""Subject"": """", ""Type.genre"": """", ""Name.repository"": """", ""Name.author"": """", ""Name.attributedTo"": """", ""Name.translator"": """", ""Name.commentator"": """", ""Name.scribe"": """", ""Name.creator"": """", ""Name.compiler"": """", ""Name.annotator"": """", ""Language.language"": """", ""Language.script"": """", ""Name.calligrapher"": """", ""Alternate Identifier.local"": ""1147_0577_0033"", ""Title"": ""page 32"", ""Relation.rectoVerso"": ""r"", ""Source"": """", ""Date.creation"": """", ""Format.dimensions"": """", ""Alternate Title.other"": """", ""Description.abstract"": """", ""Description.microfilm"": """", ""Description.citation"": """", ""Alternate Title.scriptArab"": """", ""Description.physical"": """", ""Relation.textDirection"": """", ""Date.normalized"": """", ""Description.note"": """", ""Format.extent"": """", ""Relation"": """", ""Description.stamp"": """", ""Relation.citation"": """", ""Alternate Title.spine"": """", ""Description.marks"": """", ""Description.colophon"": """", ""thumbnailImageName"": ""1147_0577_0033.jpg"", ""masterImageName"": ""1147_0577_0033.tif""}']",,No
Minasian (Caro) Collection of Persian and Arabic Manuscripts,ark:/21198/zz000w4tms,ark:/21198/zz000srzdf,7,Completed,Page,Minasian/masters/1147_0577_0034.tif,34,,,,,,,pd,,,,,,,,,,,,,,,1147_0577_0034,page 33,v,,,,,,,,,,,,,,,,,,,,1147_0577_0034.jpg,1147_0577_0034.tif,,"['{""Project Name"": ""Minasian (Caro) Collection of Persian and Arabic Manuscripts"", ""Item ARK"": ""ark:/21198/zz000w4tms"", ""Parent ARK"": ""ark:/21198/zz000srzdf"", ""Item Status ID"": ""7"", ""Item Status"": ""Needs Review"", ""Object Type"": ""ChildWork"", ""File Name"": ""Minasian/masters/1147_0577_0034.tif"", ""Item Sequence"": ""34"", ""Duplicate"": """", ""Delete in Title"": """", ""viewingHint"": """", ""Text direction"": """", ""Visibility"": """", ""IIIF Range"": """", ""Rights.copyrightStatus"": ""pd"", ""Subject"": """", ""Type.genre"": """", ""Name.repository"": """", ""Name.author"": """", ""Name.attributedTo"": """", ""Name.translator"": """", ""Name.commentator"": """", ""Name.scribe"": """", ""Name.creator"": """", ""Name.compiler"": """", ""Name.annotator"": """", ""Language.language"": """", ""Language.script"": """", ""Name.calligrapher"": """", ""Alternate Identifier.local"": ""1147_0577_0034"", ""Title"": ""page 33"", ""Relation.rectoVerso"": ""v"", ""Source"": """", ""Date.creation"": """", ""Format.dimensions"": """", ""Alternate Title.other"": """", ""Description.abstract"": """", ""Description.microfilm"": """", ""Description.citation"": """", ""Alternate Title.scriptArab"": """", ""Description.physical"": """", ""Relation.textDirection"": """", ""Date.normalized"": """", ""Description.note"": """", ""Format.extent"": """", ""Relation"": """", ""Description.stamp"": """", ""Relation.citation"": """", ""Alternate Title.spine"": """", ""Description.marks"": """", ""Description.colophon"": """", ""thumbnailImageName"": ""1147_0577_0034.jpg"", ""masterImageName"": ""1147_0577_0034.tif""}']",,No
Minasian (Caro) Collection of Persian and Arabic Manuscripts,ark:/21198/zz000w4tn9,ark:/21198/zz000srzdf,7,Completed,Page,Minasian/masters/1147_0577_0035.tif,35,,,,,,,pd,,,,,,,,,,,,,,,1147_0577_0035,page 34,r,,,,,,,,,,,,,,,,,,,,1147_0577_0035.jpg,1147_0577_0035.tif,,"['{""Project Name"": ""Minasian (Caro) Collection of Persian and Arabic Manuscripts"", ""Item ARK"": ""ark:/21198/zz000w4tn9"", ""Parent ARK"": ""ark:/21198/zz000srzdf"", ""Item Status ID"": ""7"", ""Item Status"": ""Needs Review"", ""Object Type"": ""ChildWork"", ""File Name"": ""Minasian/masters/1147_0577_0035.tif"", ""Item Sequence"": ""35"", ""Duplicate"": """", ""Delete in Title"": """", ""viewingHint"": """", ""Text direction"": """", ""Visibility"": """", ""IIIF Range"": """", ""Rights.copyrightStatus"": ""pd"", ""Subject"": """", ""Type.genre"": """", ""Name.repository"": """", ""Name.author"": """", ""Name.attributedTo"": """", ""Name.translator"": """", ""Name.commentator"": """", ""Name.scribe"": """", ""Name.creator"": """", ""Name.compiler"": """", ""Name.annotator"": """", ""Language.language"": """", ""Language.script"": """", ""Name.calligrapher"": """", ""Alternate Identifier.local"": ""1147_0577_0035"", ""Title"": ""page 34"", ""Relation.rectoVerso"": ""r"", ""Source"": """", ""Date.creation"": """", ""Format.dimensions"": """", ""Alternate Title.other"": """", ""Description.abstract"": """", ""Description.microfilm"": """", ""Description.citation"": """", ""Alternate Title.scriptArab"": """", ""Description.physical"": """", ""Relation.textDirection"": """", ""Date.normalized"": """", ""Description.note"": """", ""Format.extent"": """", ""Relation"": """", ""Description.stamp"": """", ""Relation.citation"": """", ""Alternate Title.spine"": """", ""Description.marks"": """", ""Description.colophon"": """", ""thumbnailImageName"": ""1147_0577_0035.jpg"", ""masterImageName"": ""1147_0577_0035.tif""}']",,No
Minasian (Caro) Collection of Persian and Arabic Manuscripts,ark:/21198/zz000w4tpt,ark:/21198/zz000srzdf,7,Completed,Page,Minasian/masters/1147_0577_0036.tif,36,,,,,,,pd,,,,,,,,,,,,,,,1147_0577_0036,page 35,v,,,,,,,,,,,,,,,,,,,,1147_0577_0036.jpg,1147_0577_0036.tif,,"['{""Project Name"": ""Minasian (Caro) Collection of Persian and Arabic Manuscripts"", ""Item ARK"": ""ark:/21198/zz000w4tpt"", ""Parent ARK"": ""ark:/21198/zz000srzdf"", ""Item Status ID"": ""7"", ""Item Status"": ""Needs Review"", ""Object Type"": ""ChildWork"", ""File Name"": ""Minasian/masters/1147_0577_0036.tif"", ""Item Sequence"": ""36"", ""Duplicate"": """", ""Delete in Title"": """", ""viewingHint"": """", ""Text direction"": """", ""Visibility"": """", ""IIIF Range"": """", ""Rights.copyrightStatus"": ""pd"", ""Subject"": """", ""Type.genre"": """", ""Name.repository"": """", ""Name.author"": """", ""Name.attributedTo"": """", ""Name.translator"": """", ""Name.commentator"": """", ""Name.scribe"": """", ""Name.creator"": """", ""Name.compiler"": """", ""Name.annotator"": """", ""Language.language"": """", ""Language.script"": """", ""Name.calligrapher"": """", ""Alternate Identifier.local"": ""1147_0577_0036"", ""Title"": ""page 35"", ""Relation.rectoVerso"": ""v"", ""Source"": """", ""Date.creation"": """", ""Format.dimensions"": """", ""Alternate Title.other"": """", ""Description.abstract"": """", ""Description.microfilm"": """", ""Description.citation"": """", ""Alternate Title.scriptArab"": """", ""Description.physical"": """", ""Relation.textDirection"": """", ""Date.normalized"": """", ""Description.note"": """", ""Format.extent"": """", ""Relation"": """", ""Description.stamp"": """", ""Relation.citation"": """", ""Alternate Title.spine"": """", ""Description.marks"": """", ""Description.colophon"": """", ""thumbnailImageName"": ""1147_0577_0036.jpg"", ""masterImageName"": ""1147_0577_0036.tif""}']",,No
Minasian (Caro) Collection of Persian and Arabic Manuscripts,ark:/21198/zz000w4tqb,ark:/21198/zz000srzdf,7,Completed,Page,Minasian/masters/1147_0577_0037.tif,37,,,,,,,pd,,,,,,,,,,,,,,,1147_0577_0037,page 36,r,,,,,,,,,,,,,,,,,,,,1147_0577_0037.jpg,1147_0577_0037.tif,,"['{""Project Name"": ""Minasian (Caro) Collection of Persian and Arabic Manuscripts"", ""Item ARK"": ""ark:/21198/zz000w4tqb"", ""Parent ARK"": ""ark:/21198/zz000srzdf"", ""Item Status ID"": ""7"", ""Item Status"": ""Needs Review"", ""Object Type"": ""ChildWork"", ""File Name"": ""Minasian/masters/1147_0577_0037.tif"", ""Item Sequence"": ""37"", ""Duplicate"": """", ""Delete in Title"": """", ""viewingHint"": """", ""Text direction"": """", ""Visibility"": """", ""IIIF Range"": """", ""Rights.copyrightStatus"": ""pd"", ""Subject"": """", ""Type.genre"": """", ""Name.repository"": """", ""Name.author"": """", ""Name.attributedTo"": """", ""Name.translator"": """", ""Name.commentator"": """", ""Name.scribe"": """", ""Name.creator"": """", ""Name.compiler"": """", ""Name.annotator"": """", ""Language.language"": """", ""Language.script"": """", ""Name.calligrapher"": """", ""Alternate Identifier.local"": ""1147_0577_0037"", ""Title"": ""page 36"", ""Relation.rectoVerso"": ""r"", ""Source"": """", ""Date.creation"": """", ""Format.dimensions"": """", ""Alternate Title.other"": """", ""Description.abstract"": """", ""Description.microfilm"": """", ""Description.citation"": """", ""Alternate Title.scriptArab"": """", ""Description.physical"": """", ""Relation.textDirection"": """", ""Date.normalized"": """", ""Description.note"": """", ""Format.extent"": """", ""Relation"": """", ""Description.stamp"": """", ""Relation.citation"": """", ""Alternate Title.spine"": """", ""Description.marks"": """", ""Description.colophon"": """", ""thumbnailImageName"": ""1147_0577_0037.jpg"", ""masterImageName"": ""1147_0577_0037.tif""}']",,No
Minasian (Caro) Collection of Persian and Arabic Manuscripts,ark:/21198/zz000w4trv,ark:/21198/zz000srzdf,7,Completed,Page,Minasian/masters/1147_0577_0038.tif,38,,,,,,,pd,,,,,,,,,,,,,,,1147_0577_0038,page 37,v,,,,,,,,,,,,,,,,,,,,1147_0577_0038.jpg,1147_0577_0038.tif,,"['{""Project Name"": ""Minasian (Caro) Collection of Persian and Arabic Manuscripts"", ""Item ARK"": ""ark:/21198/zz000w4trv"", ""Parent ARK"": ""ark:/21198/zz000srzdf"", ""Item Status ID"": ""7"", ""Item Status"": ""Needs Review"", ""Object Type"": ""ChildWork"", ""File Name"": ""Minasian/masters/1147_0577_0038.tif"", ""Item Sequence"": ""38"", ""Duplicate"": """", ""Delete in Title"": """", ""viewingHint"": """", ""Text direction"": """", ""Visibility"": """", ""IIIF Range"": """", ""Rights.copyrightStatus"": ""pd"", ""Subject"": """", ""Type.genre"": """", ""Name.repository"": """", ""Name.author"": """", ""Name.attributedTo"": """", ""Name.translator"": """", ""Name.commentator"": """", ""Name.scribe"": """", ""Name.creator"": """", ""Name.compiler"": """", ""Name.annotator"": """", ""Language.language"": """", ""Language.script"": """", ""Name.calligrapher"": """", ""Alternate Identifier.local"": ""1147_0577_0038"", ""Title"": ""page 37"", ""Relation.rectoVerso"": ""v"", ""Source"": """", ""Date.creation"": """", ""Format.dimensions"": """", ""Alternate Title.other"": """", ""Description.abstract"": """", ""Description.microfilm"": """", ""Description.citation"": """", ""Alternate Title.scriptArab"": """", ""Description.physical"": """", ""Relation.textDirection"": """", ""Date.normalized"": """", ""Description.note"": """", ""Format.extent"": """", ""Relation"": """", ""Description.stamp"": """", ""Relation.citation"": """", ""Alternate Title.spine"": """", ""Description.marks"": """", ""Description.colophon"": """", ""thumbnailImageName"": ""1147_0577_0038.jpg"", ""masterImageName"": ""1147_0577_0038.tif""}']",,No
Minasian (Caro) Collection of Persian and Arabic Manuscripts,ark:/21198/zz000w4tsc,ark:/21198/zz000srzdf,7,Completed,Page,Minasian/masters/1147_0577_0039.tif,39,,,,,,,pd,,,,,,,,,,,,,,,1147_0577_0039,page 38,r,,,,,,,,,,,,,,,,,,,,1147_0577_0039.jpg,1147_0577_0039.tif,,"['{""Project Name"": ""Minasian (Caro) Collection of Persian and Arabic Manuscripts"", ""Item ARK"": ""ark:/21198/zz000w4tsc"", ""Parent ARK"": ""ark:/21198/zz000srzdf"", ""Item Status ID"": ""7"", ""Item Status"": ""Needs Review"", ""Object Type"": ""ChildWork"", ""File Name"": ""Minasian/masters/1147_0577_0039.tif"", ""Item Sequence"": ""39"", ""Duplicate"": """", ""Delete in Title"": """", ""viewingHint"": """", ""Text direction"": """", ""Visibility"": """", ""IIIF Range"": """", ""Rights.copyrightStatus"": ""pd"", ""Subject"": """", ""Type.genre"": """", ""Name.repository"": """", ""Name.author"": """", ""Name.attributedTo"": """", ""Name.translator"": """", ""Name.commentator"": """", ""Name.scribe"": """", ""Name.creator"": """", ""Name.compiler"": """", ""Name.annotator"": """", ""Language.language"": """", ""Language.script"": """", ""Name.calligrapher"": """", ""Alternate Identifier.local"": ""1147_0577_0039"", ""Title"": ""page 38"", ""Relation.rectoVerso"": ""r"", ""Source"": """", ""Date.creation"": """", ""Format.dimensions"": """", ""Alternate Title.other"": """", ""Description.abstract"": """", ""Description.microfilm"": """", ""Description.citation"": """", ""Alternate Title.scriptArab"": """", ""Description.physical"": """", ""Relation.textDirection"": """", ""Date.normalized"": """", ""Description.note"": """", ""Format.extent"": """", ""Relation"": """", ""Description.stamp"": """", ""Relation.citation"": """", ""Alternate Title.spine"": """", ""Description.marks"": """", ""Description.colophon"": """", ""thumbnailImageName"": ""1147_0577_0039.jpg"", ""masterImageName"": ""1147_0577_0039.tif""}']",,No
Minasian (Caro) Collection of Persian and Arabic Manuscripts,ark:/21198/zz000w4ttw,ark:/21198/zz000srzdf,7,Completed,Page,Minasian/masters/1147_0577_0040.tif,40,,,,,,,pd,,,,,,,,,,,,,,,1147_0577_0040,page 39,v,,,,,,,,,,,,,,,,,,,,1147_0577_0040.jpg,1147_0577_0040.tif,,"['{""Project Name"": ""Minasian (Caro) Collection of Persian and Arabic Manuscripts"", ""Item ARK"": ""ark:/21198/zz000w4ttw"", ""Parent ARK"": ""ark:/21198/zz000srzdf"", ""Item Status ID"": ""7"", ""Item Status"": ""Needs Review"", ""Object Type"": ""ChildWork"", ""File Name"": ""Minasian/masters/1147_0577_0040.tif"", ""Item Sequence"": ""40"", ""Duplicate"": """", ""Delete in Title"": """", ""viewingHint"": """", ""Text direction"": """", ""Visibility"": """", ""IIIF Range"": """", ""Rights.copyrightStatus"": ""pd"", ""Subject"": """", ""Type.genre"": """", ""Name.repository"": """", ""Name.author"": """", ""Name.attributedTo"": """", ""Name.translator"": """", ""Name.commentator"": """", ""Name.scribe"": """", ""Name.creator"": """", ""Name.compiler"": """", ""Name.annotator"": """", ""Language.language"": """", ""Language.script"": """", ""Name.calligrapher"": """", ""Alternate Identifier.local"": ""1147_0577_0040"", ""Title"": ""page 39"", ""Relation.rectoVerso"": ""v"", ""Source"": """", ""Date.creation"": """", ""Format.dimensions"": """", ""Alternate Title.other"": """", ""Description.abstract"": """", ""Description.microfilm"": """", ""Description.citation"": """", ""Alternate Title.scriptArab"": """", ""Description.physical"": """", ""Relation.textDirection"": """", ""Date.normalized"": """", ""Description.note"": """", ""Format.extent"": """", ""Relation"": """", ""Description.stamp"": """", ""Relation.citation"": """", ""Alternate Title.spine"": """", ""Description.marks"": """", ""Description.colophon"": """", ""thumbnailImageName"": ""1147_0577_0040.jpg"", ""masterImageName"": ""1147_0577_0040.tif""}']",,No
