Project Name,Parent ARK,Item ARK,Object Type,File Name,AltIdentifier.local,viewingHint,Text direction ,Item Sequence,Title,Type.typeOfResource,Type.genre,Rights.copyrightStatus,Rights.servicesContact,Language,Name.repository,AltTitle.other,AltTitle.translated,AltTitle.uniform,Place of origin,Date.creation,Date.normalized,Format.extent,Format.dimensions,Support,Relation.rectoVerso,Description.note,Description.history,Description.condition,Coverage.temporal,Description.collation,Description.binding,Description.tableOfContents,Description.contents,Description.abstract,Bucketeer State,IIIF Access URL,IIIF Manifest URL
Ethiopic Manuscripts,ark:/21198/zz001hmcq5,ark:/21198/zz001hpw2g,Page,ethiopian/masters/21198-zz001hpw2g_1307624_master.tif,Ms. 59_1,,,1,Page 1,,,pd,,gez,,መጽሐፈ ዚቅ,Book of Ziq,Church Hymns,Ethiopia,20th c.,1900/1999,1 Page,130 mm x 100 mm,Vellum,,Book of Ziq መጽሐፈ ዚቅ,,,,,,,,,succeeded,https://iiif.library.ucla.edu/iiif/2/ark%3A%2F21198%2Fzz001hpw2g,
Ethiopic Manuscripts,ark:/21198/zz001hmcq5,ark:/21198/zz001hpw30,Page,ethiopian/masters/21198-zz001hpw30_1307627_master.tif,Ms. 59_2,,,2,Page 2,,,pd,,gez,,መጽሐፈ ዚቅ,Book of Ziq,Church Hymns,Ethiopia,20th c.,1900/1999,1 Page,130 mm x 100 mm,Vellum,,Book of Ziq መጽሐፈ ዚቅ,,,,,,,,,succeeded,https://iiif.library.ucla.edu/iiif/2/ark%3A%2F21198%2Fzz001hpw30,
Ethiopic Manuscripts,ark:/21198/zz001hmcq5,ark:/21198/zz001hpw4h,Page,ethiopian/masters/21198-zz001hpw4h_1307630_master.tif,Ms. 59_3,,,3,Page 3,,,pd,,gez,,መጽሐፈ ዚቅ,Book of Ziq,Church Hymns,Ethiopia,20th c.,1900/1999,1 Page,130 mm x 100 mm,Vellum,,Book of Ziq መጽሐፈ ዚቅ,,,,,,,,,succeeded,https://iiif.library.ucla.edu/iiif/2/ark%3A%2F21198%2Fzz001hpw4h,
Ethiopic Manuscripts,ark:/21198/zz001hmcq5,ark:/21198/zz001hpw51,Page,ethiopian/masters/21198-zz001hpw51_1307633_master.tif,Ms. 59_4,,,4,Page 4,,,pd,,gez,,መጽሐፈ ዚቅ,Book of Ziq,Church Hymns,Ethiopia,20th c.,1900/1999,1 Page,130 mm x 100 mm,Vellum,,Book of Ziq መጽሐፈ ዚቅ,,,,,,,,,succeeded,https://iiif.library.ucla.edu/iiif/2/ark%3A%2F21198%2Fzz001hpw51,
Ethiopic Manuscripts,ark:/21198/zz001hmcq5,ark:/21198/zz001hpw6j,Page,ethiopian/masters/21198-zz001hpw6j_1307636_master.tif,Ms. 59_5,,,5,Page 5,,,pd,,gez,,መጽሐፈ ዚቅ,Book of Ziq,Church Hymns,Ethiopia,20th c.,1900/1999,1 Page,130 mm x 100 mm,Vellum,,Book of Ziq መጽሐፈ ዚቅ,,,,,,,,,succeeded,https://iiif.library.ucla.edu/iiif/2/ark%3A%2F21198%2Fzz001hpw6j,
Ethiopic Manuscripts,ark:/21198/zz001hmcq5,ark:/21198/zz001hpw72,Page,ethiopian/masters/21198-zz001hpw72_1307639_master.tif,Ms. 59_6,,,6,Page 6,,,pd,,gez,,መጽሐፈ ዚቅ,Book of Ziq,Church Hymns,Ethiopia,20th c.,1900/1999,1 Page,130 mm x 100 mm,Vellum,,Book of Ziq መጽሐፈ ዚቅ,,,,,,,,,succeeded,https://iiif.library.ucla.edu/iiif/2/ark%3A%2F21198%2Fzz001hpw72,
Ethiopic Manuscripts,ark:/21198/zz001hmcq5,ark:/21198/zz001hpw8k,Page,ethiopian/masters/21198-zz001hpw8k_1307642_master.tif,Ms. 59_7,,,7,Page 7,,,pd,,gez,,መጽሐፈ ዚቅ,Book of Ziq,Church Hymns,Ethiopia,20th c.,1900/1999,1 Page,130 mm x 100 mm,Vellum,,Book of Ziq መጽሐፈ ዚቅ,,,,,,,,,succeeded,https://iiif.library.ucla.edu/iiif/2/ark%3A%2F21198%2Fzz001hpw8k,
Ethiopic Manuscripts,ark:/21198/zz001hmcq5,ark:/21198/zz001hpw93,Page,ethiopian/masters/21198-zz001hpw93_1307645_master.tif,Ms. 59_8,,,8,Page 8,,,pd,,gez,,መጽሐፈ ዚቅ,Book of Ziq,Church Hymns,Ethiopia,20th c.,1900/1999,1 Page,130 mm x 100 mm,Vellum,,Book of Ziq መጽሐፈ ዚቅ,,,,,,,,,succeeded,https://iiif.library.ucla.edu/iiif/2/ark%3A%2F21198%2Fzz001hpw93,
Ethiopic Manuscripts,ark:/21198/zz001hmcq5,ark:/21198/zz001hpwbm,Page,ethiopian/masters/21198-zz001hpwbm_1307648_master.tif,Ms. 59_9,,,9,Page 9,,,pd,,gez,,መጽሐፈ ዚቅ,Book of Ziq,Church Hymns,Ethiopia,20th c.,1900/1999,1 Page,130 mm x 100 mm,Vellum,,Book of Ziq መጽሐፈ ዚቅ,,,,,,,,,succeeded,https://iiif.library.ucla.edu/iiif/2/ark%3A%2F21198%2Fzz001hpwbm,
Ethiopic Manuscripts,ark:/21198/zz001hmcq5,ark:/21198/zz001hpwc4,Page,ethiopian/masters/21198-zz001hpwc4_1307651_master.tif,Ms. 59_10,,,10,Page 10,,,pd,,gez,,መጽሐፈ ዚቅ,Book of Ziq,Church Hymns,Ethiopia,20th c.,1900/1999,1 Page,130 mm x 100 mm,Vellum,,Book of Ziq መጽሐፈ ዚቅ,,,,,,,,,succeeded,https://iiif.library.ucla.edu/iiif/2/ark%3A%2F21198%2Fzz001hpwc4,
Ethiopic Manuscripts,ark:/21198/zz001hmcq5,ark:/21198/zz001hpwdn,Page,ethiopian/masters/21198-zz001hpwdn_1307654_master.tif,Ms. 59_11,,,11,Page 11,,,pd,,gez,,መጽሐፈ ዚቅ,Book of Ziq,Church Hymns,Ethiopia,20th c.,1900/1999,1 Page,130 mm x 100 mm,Vellum,,Book of Ziq መጽሐፈ ዚቅ,,,,,,,,,succeeded,https://iiif.library.ucla.edu/iiif/2/ark%3A%2F21198%2Fzz001hpwdn,
Ethiopic Manuscripts,ark:/21198/zz001hmcq5,ark:/21198/zz001hpwf5,Page,ethiopian/masters/21198-zz001hpwf5_1307657_master.tif,Ms. 59_12,,,12,Page 12,,,pd,,gez,,መጽሐፈ ዚቅ,Book of Ziq,Church Hymns,Ethiopia,20th c.,1900/1999,1 Page,130 mm x 100 mm,Vellum,,Book of Ziq መጽሐፈ ዚቅ,,,,,,,,,succeeded,https://iiif.library.ucla.edu/iiif/2/ark%3A%2F21198%2Fzz001hpwf5,
Ethiopic Manuscripts,ark:/21198/zz001hmcq5,ark:/21198/zz001hpwgp,Page,ethiopian/masters/21198-zz001hpwgp_1307660_master.tif,Ms. 59_13,,,13,Page 13,,,pd,,gez,,መጽሐፈ ዚቅ,Book of Ziq,Church Hymns,Ethiopia,20th c.,1900/1999,1 Page,130 mm x 100 mm,Vellum,,Book of Ziq መጽሐፈ ዚቅ,,,,,,,,,succeeded,https://iiif.library.ucla.edu/iiif/2/ark%3A%2F21198%2Fzz001hpwgp,
Ethiopic Manuscripts,ark:/21198/zz001hmcq5,ark:/21198/zz001hpwh6,Page,ethiopian/masters/21198-zz001hpwh6_1307663_master.tif,Ms. 59_14,,,14,Page 14,,,pd,,gez,,መጽሐፈ ዚቅ,Book of Ziq,Church Hymns,Ethiopia,20th c.,1900/1999,1 Page,130 mm x 100 mm,Vellum,,Book of Ziq መጽሐፈ ዚቅ,,,,,,,,,succeeded,https://iiif.library.ucla.edu/iiif/2/ark%3A%2F21198%2Fzz001hpwh6,
Ethiopic Manuscripts,ark:/21198/zz001hmcq5,ark:/21198/zz001hpwjq,Page,ethiopian/masters/21198-zz001hpwjq_1307666_master.tif,Ms. 59_15,,,15,Page 15,,,pd,,gez,,መጽሐፈ ዚቅ,Book of Ziq,Church Hymns,Ethiopia,20th c.,1900/1999,1 Page,130 mm x 100 mm,Vellum,,Book of Ziq መጽሐፈ ዚቅ,,,,,,,,,succeeded,https://iiif.library.ucla.edu/iiif/2/ark%3A%2F21198%2Fzz001hpwjq,
Ethiopic Manuscripts,ark:/21198/zz001hmcq5,ark:/21198/zz001hpwk7,Page,ethiopian/masters/21198-zz001hpwk7_1307669_master.tif,Ms. 59_16,,,16,Page 16,,,pd,,gez,,መጽሐፈ ዚቅ,Book of Ziq,Church Hymns,Ethiopia,20th c.,1900/1999,1 Page,130 mm x 100 mm,Vellum,,Book of Ziq መጽሐፈ ዚቅ,,,,,,,,,succeeded,https://iiif.library.ucla.edu/iiif/2/ark%3A%2F21198%2Fzz001hpwk7,
Ethiopic Manuscripts,ark:/21198/zz001hmcq5,ark:/21198/zz001hpwmr,Page,ethiopian/masters/21198-zz001hpwmr_1307672_master.tif,Ms. 59_17,,,17,Page 17,,,pd,,gez,,መጽሐፈ ዚቅ,Book of Ziq,Church Hymns,Ethiopia,20th c.,1900/1999,1 Page,130 mm x 100 mm,Vellum,,Book of Ziq መጽሐፈ ዚቅ,,,,,,,,,succeeded,https://iiif.library.ucla.edu/iiif/2/ark%3A%2F21198%2Fzz001hpwmr,
Ethiopic Manuscripts,ark:/21198/zz001hmcq5,ark:/21198/zz001hpwn8,Page,ethiopian/masters/21198-zz001hpwn8_1307675_master.tif,Ms. 59_18,,,18,Page 18,,,pd,,gez,,መጽሐፈ ዚቅ,Book of Ziq,Church Hymns,Ethiopia,20th c.,1900/1999,1 Page,130 mm x 100 mm,Vellum,,Book of Ziq መጽሐፈ ዚቅ,,,,,,,,,succeeded,https://iiif.library.ucla.edu/iiif/2/ark%3A%2F21198%2Fzz001hpwn8,
Ethiopic Manuscripts,ark:/21198/zz001hmcq5,ark:/21198/zz001hpwps,Page,ethiopian/masters/21198-zz001hpwps_1307678_master.tif,Ms. 59_19,,,19,Page 19,,,pd,,gez,,መጽሐፈ ዚቅ,Book of Ziq,Church Hymns,Ethiopia,20th c.,1900/1999,1 Page,130 mm x 100 mm,Vellum,,Book of Ziq መጽሐፈ ዚቅ,,,,,,,,,succeeded,https://iiif.library.ucla.edu/iiif/2/ark%3A%2F21198%2Fzz001hpwps,
Ethiopic Manuscripts,ark:/21198/zz001hmcq5,ark:/21198/zz001hpwq9,Page,ethiopian/masters/21198-zz001hpwq9_1307681_master.tif,Ms. 59_20,,,20,Page 20,,,pd,,gez,,መጽሐፈ ዚቅ,Book of Ziq,Church Hymns,Ethiopia,20th c.,1900/1999,1 Page,130 mm x 100 mm,Vellum,,Book of Ziq መጽሐፈ ዚቅ,,,,,,,,,succeeded,https://iiif.library.ucla.edu/iiif/2/ark%3A%2F21198%2Fzz001hpwq9,
Ethiopic Manuscripts,ark:/21198/zz001hmcq5,ark:/21198/zz001hpwrt,Page,ethiopian/masters/21198-zz001hpwrt_1307684_master.tif,Ms. 59_21,,,21,Page 21,,,pd,,gez,,መጽሐፈ ዚቅ,Book of Ziq,Church Hymns,Ethiopia,20th c.,1900/1999,1 Page,130 mm x 100 mm,Vellum,,Book of Ziq መጽሐፈ ዚቅ,,,,,,,,,succeeded,https://iiif.library.ucla.edu/iiif/2/ark%3A%2F21198%2Fzz001hpwrt,
Ethiopic Manuscripts,ark:/21198/zz001hmcq5,ark:/21198/zz001hpwsb,Page,ethiopian/masters/21198-zz001hpwsb_1307687_master.tif,Ms. 59_22,,,22,Page 22,,,pd,,gez,,መጽሐፈ ዚቅ,Book of Ziq,Church Hymns,Ethiopia,20th c.,1900/1999,1 Page,130 mm x 100 mm,Vellum,,Book of Ziq መጽሐፈ ዚቅ,,,,,,,,,succeeded,https://iiif.library.ucla.edu/iiif/2/ark%3A%2F21198%2Fzz001hpwsb,
Ethiopic Manuscripts,ark:/21198/zz001hmcq5,ark:/21198/zz001hpwtv,Page,ethiopian/masters/21198-zz001hpwtv_1307690_master.tif,Ms. 59_23,,,23,Page 23,,,pd,,gez,,መጽሐፈ ዚቅ,Book of Ziq,Church Hymns,Ethiopia,20th c.,1900/1999,1 Page,130 mm x 100 mm,Vellum,,Book of Ziq መጽሐፈ ዚቅ,,,,,,,,,succeeded,https://iiif.library.ucla.edu/iiif/2/ark%3A%2F21198%2Fzz001hpwtv,
Ethiopic Manuscripts,ark:/21198/zz001hmcq5,ark:/21198/zz001hpwvc,Page,ethiopian/masters/21198-zz001hpwvc_1307693_master.tif,Ms. 59_24,,,24,Page 24,,,pd,,gez,,መጽሐፈ ዚቅ,Book of Ziq,Church Hymns,Ethiopia,20th c.,1900/1999,1 Page,130 mm x 100 mm,Vellum,,Book of Ziq መጽሐፈ ዚቅ,,,,,,,,,succeeded,https://iiif.library.ucla.edu/iiif/2/ark%3A%2F21198%2Fzz001hpwvc,
Ethiopic Manuscripts,ark:/21198/zz001hmcq5,ark:/21198/zz001hpwww,Page,ethiopian/masters/21198-zz001hpwww_1307696_master.tif,Ms. 59_25,,,25,Page 25,,,pd,,gez,,መጽሐፈ ዚቅ,Book of Ziq,Church Hymns,Ethiopia,20th c.,1900/1999,1 Page,130 mm x 100 mm,Vellum,,Book of Ziq መጽሐፈ ዚቅ,,,,,,,,,succeeded,https://iiif.library.ucla.edu/iiif/2/ark%3A%2F21198%2Fzz001hpwww,
Ethiopic Manuscripts,ark:/21198/zz001hmcq5,ark:/21198/zz001hpwxd,Page,ethiopian/masters/21198-zz001hpwxd_1307699_master.tif,Ms. 59_26,,,26,Page 26,,,pd,,gez,,መጽሐፈ ዚቅ,Book of Ziq,Church Hymns,Ethiopia,20th c.,1900/1999,1 Page,130 mm x 100 mm,Vellum,,Book of Ziq መጽሐፈ ዚቅ,,,,,,,,,succeeded,https://iiif.library.ucla.edu/iiif/2/ark%3A%2F21198%2Fzz001hpwxd,
Ethiopic Manuscripts,ark:/21198/zz001hmcq5,ark:/21198/zz001hpwzx,Page,ethiopian/masters/21198-zz001hpwzx_1307702_master.tif,Ms. 59_27,,,27,Page 27,,,pd,,gez,,መጽሐፈ ዚቅ,Book of Ziq,Church Hymns,Ethiopia,20th c.,1900/1999,1 Page,130 mm x 100 mm,Vellum,,Book of Ziq መጽሐፈ ዚቅ,,,,,,,,,succeeded,https://iiif.library.ucla.edu/iiif/2/ark%3A%2F21198%2Fzz001hpwzx,
Ethiopic Manuscripts,ark:/21198/zz001hmcq5,ark:/21198/zz001hpx0x,Page,ethiopian/masters/21198-zz001hpx0x_1307705_master.tif,Ms. 59_28,,,28,Page 28,,,pd,,gez,,መጽሐፈ ዚቅ,Book of Ziq,Church Hymns,Ethiopia,20th c.,1900/1999,1 Page,130 mm x 100 mm,Vellum,,Book of Ziq መጽሐፈ ዚቅ,,,,,,,,,succeeded,https://iiif.library.ucla.edu/iiif/2/ark%3A%2F21198%2Fzz001hpx0x,
Ethiopic Manuscripts,ark:/21198/zz001hmcq5,ark:/21198/zz001hpx1f,Page,ethiopian/masters/21198-zz001hpx1f_1307708_master.tif,Ms. 59_29,,,29,Page 29,,,pd,,gez,,መጽሐፈ ዚቅ,Book of Ziq,Church Hymns,Ethiopia,20th c.,1900/1999,1 Page,130 mm x 100 mm,Vellum,,Book of Ziq መጽሐፈ ዚቅ,,,,,,,,,succeeded,https://iiif.library.ucla.edu/iiif/2/ark%3A%2F21198%2Fzz001hpx1f,
Ethiopic Manuscripts,ark:/21198/zz001hmcq5,ark:/21198/zz001hpx2z,Page,ethiopian/masters/21198-zz001hpx2z_1307711_master.tif,Ms. 59_30,,,30,Page 30,,,pd,,gez,,መጽሐፈ ዚቅ,Book of Ziq,Church Hymns,Ethiopia,20th c.,1900/1999,1 Page,130 mm x 100 mm,Vellum,,Book of Ziq መጽሐፈ ዚቅ,,,,,,,,,succeeded,https://iiif.library.ucla.edu/iiif/2/ark%3A%2F21198%2Fzz001hpx2z,
Ethiopic Manuscripts,ark:/21198/zz001hmcq5,ark:/21198/zz001hpx3g,Page,ethiopian/masters/21198-zz001hpx3g_1307714_master.tif,Ms. 59_31,,,31,Page 31,,,pd,,gez,,መጽሐፈ ዚቅ,Book of Ziq,Church Hymns,Ethiopia,20th c.,1900/1999,1 Page,130 mm x 100 mm,Vellum,,Book of Ziq መጽሐፈ ዚቅ,,,,,,,,,succeeded,https://iiif.library.ucla.edu/iiif/2/ark%3A%2F21198%2Fzz001hpx3g,
Ethiopic Manuscripts,ark:/21198/zz001hmcq5,ark:/21198/zz001hpx40,Page,ethiopian/masters/21198-zz001hpx40_1307717_master.tif,Ms. 59_32,,,32,Page 32,,,pd,,gez,,መጽሐፈ ዚቅ,Book of Ziq,Church Hymns,Ethiopia,20th c.,1900/1999,1 Page,130 mm x 100 mm,Vellum,,Book of Ziq መጽሐፈ ዚቅ,,,,,,,,,succeeded,https://iiif.library.ucla.edu/iiif/2/ark%3A%2F21198%2Fzz001hpx40,
Ethiopic Manuscripts,ark:/21198/zz001hmcq5,ark:/21198/zz001hpx5h,Page,ethiopian/masters/21198-zz001hpx5h_1307720_master.tif,Ms. 59_33,,,33,Page 33,,,pd,,gez,,መጽሐፈ ዚቅ,Book of Ziq,Church Hymns,Ethiopia,20th c.,1900/1999,1 Page,130 mm x 100 mm,Vellum,,Book of Ziq መጽሐፈ ዚቅ,,,,,,,,,succeeded,https://iiif.library.ucla.edu/iiif/2/ark%3A%2F21198%2Fzz001hpx5h,
Ethiopic Manuscripts,ark:/21198/zz001hmcq5,ark:/21198/zz001hpx61,Page,ethiopian/masters/21198-zz001hpx61_1307723_master.tif,Ms. 59_34,,,34,Page 34,,,pd,,gez,,መጽሐፈ ዚቅ,Book of Ziq,Church Hymns,Ethiopia,20th c.,1900/1999,1 Page,130 mm x 100 mm,Vellum,,Book of Ziq መጽሐፈ ዚቅ,,,,,,,,,succeeded,https://iiif.library.ucla.edu/iiif/2/ark%3A%2F21198%2Fzz001hpx61,
Ethiopic Manuscripts,ark:/21198/zz001hmcq5,ark:/21198/zz001hpx7j,Page,ethiopian/masters/21198-zz001hpx7j_1307726_master.tif,Ms. 59_35,,,35,Page 35,,,pd,,gez,,መጽሐፈ ዚቅ,Book of Ziq,Church Hymns,Ethiopia,20th c.,1900/1999,1 Page,130 mm x 100 mm,Vellum,,Book of Ziq መጽሐፈ ዚቅ,,,,,,,,,succeeded,https://iiif.library.ucla.edu/iiif/2/ark%3A%2F21198%2Fzz001hpx7j,
Ethiopic Manuscripts,ark:/21198/zz001hmcq5,ark:/21198/zz001hpx82,Page,ethiopian/masters/21198-zz001hpx82_1307729_master.tif,Ms. 59_36,,,36,Page 36,,,pd,,gez,,መጽሐፈ ዚቅ,Book of Ziq,Church Hymns,Ethiopia,20th c.,1900/1999,1 Page,130 mm x 100 mm,Vellum,,Book of Ziq መጽሐፈ ዚቅ,,,,,,,,,succeeded,https://iiif.library.ucla.edu/iiif/2/ark%3A%2F21198%2Fzz001hpx82,
Ethiopic Manuscripts,ark:/21198/zz001hmcq5,ark:/21198/zz001hpx9k,Page,ethiopian/masters/21198-zz001hpx9k_1307732_master.tif,Ms. 59_37,,,37,Page 37,,,pd,,gez,,መጽሐፈ ዚቅ,Book of Ziq,Church Hymns,Ethiopia,20th c.,1900/1999,1 Page,130 mm x 100 mm,Vellum,,Book of Ziq መጽሐፈ ዚቅ,,,,,,,,,succeeded,https://iiif.library.ucla.edu/iiif/2/ark%3A%2F21198%2Fzz001hpx9k,
Ethiopic Manuscripts,ark:/21198/zz001hmcq5,ark:/21198/zz001hpxb3,Page,ethiopian/masters/21198-zz001hpxb3_1307735_master.tif,Ms. 59_38,,,38,Page 38,,,pd,,gez,,መጽሐፈ ዚቅ,Book of Ziq,Church Hymns,Ethiopia,20th c.,1900/1999,1 Page,130 mm x 100 mm,Vellum,,Book of Ziq መጽሐፈ ዚቅ,,,,,,,,,succeeded,https://iiif.library.ucla.edu/iiif/2/ark%3A%2F21198%2Fzz001hpxb3,
Ethiopic Manuscripts,ark:/21198/zz001hmcq5,ark:/21198/zz001hpxcm,Page,ethiopian/masters/21198-zz001hpxcm_1307738_master.tif,Ms. 59_39,,,39,Page 39,,,pd,,gez,,መጽሐፈ ዚቅ,Book of Ziq,Church Hymns,Ethiopia,20th c.,1900/1999,1 Page,130 mm x 100 mm,Vellum,,Book of Ziq መጽሐፈ ዚቅ,,,,,,,,,succeeded,https://iiif.library.ucla.edu/iiif/2/ark%3A%2F21198%2Fzz001hpxcm,
Ethiopic Manuscripts,ark:/21198/zz001hmcq5,ark:/21198/zz001hpxd4,Page,ethiopian/masters/21198-zz001hpxd4_1307741_master.tif,Ms. 59_40,,,40,Page 40,,,pd,,gez,,መጽሐፈ ዚቅ,Book of Ziq,Church Hymns,Ethiopia,20th c.,1900/1999,1 Page,130 mm x 100 mm,Vellum,,Book of Ziq መጽሐፈ ዚቅ,,,,,,,,,succeeded,https://iiif.library.ucla.edu/iiif/2/ark%3A%2F21198%2Fzz001hpxd4,
Ethiopic Manuscripts,ark:/21198/zz001hmcq5,ark:/21198/zz001hpxfn,Page,ethiopian/masters/21198-zz001hpxfn_1307744_master.tif,Ms. 59_41,,,41,Page 41,,,pd,,gez,,መጽሐፈ ዚቅ,Book of Ziq,Church Hymns,Ethiopia,20th c.,1900/1999,1 Page,130 mm x 100 mm,Vellum,,Book of Ziq መጽሐፈ ዚቅ,,,,,,,,,succeeded,https://iiif.library.ucla.edu/iiif/2/ark%3A%2F21198%2Fzz001hpxfn,
Ethiopic Manuscripts,ark:/21198/zz001hmcq5,ark:/21198/zz001hpxg5,Page,ethiopian/masters/21198-zz001hpxg5_1307747_master.tif,Ms. 59_42,,,42,Page 42,,,pd,,gez,,መጽሐፈ ዚቅ,Book of Ziq,Church Hymns,Ethiopia,20th c.,1900/1999,1 Page,130 mm x 100 mm,Vellum,,Book of Ziq መጽሐፈ ዚቅ,,,,,,,,,succeeded,https://iiif.library.ucla.edu/iiif/2/ark%3A%2F21198%2Fzz001hpxg5,
Ethiopic Manuscripts,ark:/21198/zz001hmcq5,ark:/21198/zz001hpxhp,Page,ethiopian/masters/21198-zz001hpxhp_1307750_master.tif,Ms. 59_43,,,43,Page 43,,,pd,,gez,,መጽሐፈ ዚቅ,Book of Ziq,Church Hymns,Ethiopia,20th c.,1900/1999,1 Page,130 mm x 100 mm,Vellum,,Book of Ziq መጽሐፈ ዚቅ,,,,,,,,,succeeded,https://iiif.library.ucla.edu/iiif/2/ark%3A%2F21198%2Fzz001hpxhp,
Ethiopic Manuscripts,ark:/21198/zz001hmcq5,ark:/21198/zz001hpxj6,Page,ethiopian/masters/21198-zz001hpxj6_1307753_master.tif,Ms. 59_44,,,44,Page 44,,,pd,,gez,,መጽሐፈ ዚቅ,Book of Ziq,Church Hymns,Ethiopia,20th c.,1900/1999,1 Page,130 mm x 100 mm,Vellum,,Book of Ziq መጽሐፈ ዚቅ,,,,,,,,,succeeded,https://iiif.library.ucla.edu/iiif/2/ark%3A%2F21198%2Fzz001hpxj6,
Ethiopic Manuscripts,ark:/21198/zz001hmcq5,ark:/21198/zz001hpxkq,Page,ethiopian/masters/21198-zz001hpxkq_1307756_master.tif,Ms. 59_45,,,45,Page 45,,,pd,,gez,,መጽሐፈ ዚቅ,Book of Ziq,Church Hymns,Ethiopia,20th c.,1900/1999,1 Page,130 mm x 100 mm,Vellum,,Book of Ziq መጽሐፈ ዚቅ,,,,,,,,,succeeded,https://iiif.library.ucla.edu/iiif/2/ark%3A%2F21198%2Fzz001hpxkq,
Ethiopic Manuscripts,ark:/21198/zz001hmcq5,ark:/21198/zz001hpxm7,Page,ethiopian/masters/21198-zz001hpxm7_1307759_master.tif,Ms. 59_46,,,46,Page 46,,,pd,,gez,,መጽሐፈ ዚቅ,Book of Ziq,Church Hymns,Ethiopia,20th c.,1900/1999,1 Page,130 mm x 100 mm,Vellum,,Book of Ziq መጽሐፈ ዚቅ,,,,,,,,,succeeded,https://iiif.library.ucla.edu/iiif/2/ark%3A%2F21198%2Fzz001hpxm7,
Ethiopic Manuscripts,ark:/21198/zz001hmcq5,ark:/21198/zz001hpxnr,Page,ethiopian/masters/21198-zz001hpxnr_1307762_master.tif,Ms. 59_47,,,47,Page 47,,,pd,,gez,,መጽሐፈ ዚቅ,Book of Ziq,Church Hymns,Ethiopia,20th c.,1900/1999,1 Page,130 mm x 100 mm,Vellum,,Book of Ziq መጽሐፈ ዚቅ,,,,,,,,,succeeded,https://iiif.library.ucla.edu/iiif/2/ark%3A%2F21198%2Fzz001hpxnr,
Ethiopic Manuscripts,ark:/21198/zz001hmcq5,ark:/21198/zz001hpxp8,Page,ethiopian/masters/21198-zz001hpxp8_1307765_master.tif,Ms. 59_48,,,48,Page 48,,,pd,,gez,,መጽሐፈ ዚቅ,Book of Ziq,Church Hymns,Ethiopia,20th c.,1900/1999,1 Page,130 mm x 100 mm,Vellum,,Book of Ziq መጽሐፈ ዚቅ,,,,,,,,,succeeded,https://iiif.library.ucla.edu/iiif/2/ark%3A%2F21198%2Fzz001hpxp8,
Ethiopic Manuscripts,ark:/21198/zz001hmcq5,ark:/21198/zz001hpxqs,Page,ethiopian/masters/21198-zz001hpxqs_1307768_master.tif,Ms. 59_49,,,49,Page 49,,,pd,,gez,,መጽሐፈ ዚቅ,Book of Ziq,Church Hymns,Ethiopia,20th c.,1900/1999,1 Page,130 mm x 100 mm,Vellum,,Book of Ziq መጽሐፈ ዚቅ,,,,,,,,,succeeded,https://iiif.library.ucla.edu/iiif/2/ark%3A%2F21198%2Fzz001hpxqs,
Ethiopic Manuscripts,ark:/21198/zz001hmcq5,ark:/21198/zz001hpxr9,Page,ethiopian/masters/21198-zz001hpxr9_1307771_master.tif,Ms. 59_50,,,50,Page 50,,,pd,,gez,,መጽሐፈ ዚቅ,Book of Ziq,Church Hymns,Ethiopia,20th c.,1900/1999,1 Page,130 mm x 100 mm,Vellum,,Book of Ziq መጽሐፈ ዚቅ,,,,,,,,,succeeded,https://iiif.library.ucla.edu/iiif/2/ark%3A%2F21198%2Fzz001hpxr9,
Ethiopic Manuscripts,ark:/21198/zz001hmcq5,ark:/21198/zz001hpxst,Page,ethiopian/masters/21198-zz001hpxst_1307774_master.tif,Ms. 59_51,,,51,Page 51,,,pd,,gez,,መጽሐፈ ዚቅ,Book of Ziq,Church Hymns,Ethiopia,20th c.,1900/1999,1 Page,130 mm x 100 mm,Vellum,,Book of Ziq መጽሐፈ ዚቅ,,,,,,,,,succeeded,https://iiif.library.ucla.edu/iiif/2/ark%3A%2F21198%2Fzz001hpxst,
Ethiopic Manuscripts,ark:/21198/zz001hmcq5,ark:/21198/zz001hpxtb,Page,ethiopian/masters/21198-zz001hpxtb_1307777_master.tif,Ms. 59_52,,,52,Page 52,,,pd,,gez,,መጽሐፈ ዚቅ,Book of Ziq,Church Hymns,Ethiopia,20th c.,1900/1999,1 Page,130 mm x 100 mm,Vellum,,Book of Ziq መጽሐፈ ዚቅ,,,,,,,,,succeeded,https://iiif.library.ucla.edu/iiif/2/ark%3A%2F21198%2Fzz001hpxtb,
Ethiopic Manuscripts,ark:/21198/zz001hmcq5,ark:/21198/zz001hpxvv,Page,ethiopian/masters/21198-zz001hpxvv_1307780_master.tif,Ms. 59_53,,,53,Page 53,,,pd,,gez,,መጽሐፈ ዚቅ,Book of Ziq,Church Hymns,Ethiopia,20th c.,1900/1999,1 Page,130 mm x 100 mm,Vellum,,Book of Ziq መጽሐፈ ዚቅ,,,,,,,,,succeeded,https://iiif.library.ucla.edu/iiif/2/ark%3A%2F21198%2Fzz001hpxvv,
Ethiopic Manuscripts,ark:/21198/zz001hmcq5,ark:/21198/zz001hpxwc,Page,ethiopian/masters/21198-zz001hpxwc_1307783_master.tif,Ms. 59_54,,,54,Page 54,,,pd,,gez,,መጽሐፈ ዚቅ,Book of Ziq,Church Hymns,Ethiopia,20th c.,1900/1999,1 Page,130 mm x 100 mm,Vellum,,Book of Ziq መጽሐፈ ዚቅ,,,,,,,,,succeeded,https://iiif.library.ucla.edu/iiif/2/ark%3A%2F21198%2Fzz001hpxwc,
Ethiopic Manuscripts,ark:/21198/zz001hmcq5,ark:/21198/zz001hpxxw,Page,ethiopian/masters/21198-zz001hpxxw_1307786_master.tif,Ms. 59_55,,,55,Page 55,,,pd,,gez,,መጽሐፈ ዚቅ,Book of Ziq,Church Hymns,Ethiopia,20th c.,1900/1999,1 Page,130 mm x 100 mm,Vellum,,Book of Ziq መጽሐፈ ዚቅ,,,,,,,,,succeeded,https://iiif.library.ucla.edu/iiif/2/ark%3A%2F21198%2Fzz001hpxxw,
Ethiopic Manuscripts,ark:/21198/zz001hmcq5,ark:/21198/zz001hpxzd,Page,ethiopian/masters/21198-zz001hpxzd_1307789_master.tif,Ms. 59_56,,,56,Page 56,,,pd,,gez,,መጽሐፈ ዚቅ,Book of Ziq,Church Hymns,Ethiopia,20th c.,1900/1999,1 Page,130 mm x 100 mm,Vellum,,Book of Ziq መጽሐፈ ዚቅ,,,,,,,,,succeeded,https://iiif.library.ucla.edu/iiif/2/ark%3A%2F21198%2Fzz001hpxzd,
Ethiopic Manuscripts,ark:/21198/zz001hmcq5,ark:/21198/zz001hpz0d,Page,ethiopian/masters/21198-zz001hpz0d_1307792_master.tif,Ms. 59_57,,,57,Page 57,,,pd,,gez,,መጽሐፈ ዚቅ,Book of Ziq,Church Hymns,Ethiopia,20th c.,1900/1999,1 Page,130 mm x 100 mm,Vellum,,Book of Ziq መጽሐፈ ዚቅ,,,,,,,,,succeeded,https://iiif.library.ucla.edu/iiif/2/ark%3A%2F21198%2Fzz001hpz0d,
Ethiopic Manuscripts,ark:/21198/zz001hmcq5,ark:/21198/zz001hpz1x,Page,ethiopian/masters/21198-zz001hpz1x_1307795_master.tif,Ms. 59_58,,,58,Page 58,,,pd,,gez,,መጽሐፈ ዚቅ,Book of Ziq,Church Hymns,Ethiopia,20th c.,1900/1999,1 Page,130 mm x 100 mm,Vellum,,Book of Ziq መጽሐፈ ዚቅ,,,,,,,,,succeeded,https://iiif.library.ucla.edu/iiif/2/ark%3A%2F21198%2Fzz001hpz1x,
Ethiopic Manuscripts,ark:/21198/zz001hmcq5,ark:/21198/zz001hpz2f,Page,ethiopian/masters/21198-zz001hpz2f_1307798_master.tif,Ms. 59_59,,,59,Page 59,,,pd,,gez,,መጽሐፈ ዚቅ,Book of Ziq,Church Hymns,Ethiopia,20th c.,1900/1999,1 Page,130 mm x 100 mm,Vellum,,Book of Ziq መጽሐፈ ዚቅ,,,,,,,,,succeeded,https://iiif.library.ucla.edu/iiif/2/ark%3A%2F21198%2Fzz001hpz2f,
Ethiopic Manuscripts,ark:/21198/zz001hmcq5,ark:/21198/zz001hpz3z,Page,ethiopian/masters/21198-zz001hpz3z_1307801_master.tif,Ms. 59_60,,,60,Page 60,,,pd,,gez,,መጽሐፈ ዚቅ,Book of Ziq,Church Hymns,Ethiopia,20th c.,1900/1999,1 Page,130 mm x 100 mm,Vellum,,Book of Ziq መጽሐፈ ዚቅ,,,,,,,,,succeeded,https://iiif.library.ucla.edu/iiif/2/ark%3A%2F21198%2Fzz001hpz3z,
Ethiopic Manuscripts,ark:/21198/zz001hmcq5,ark:/21198/zz001hpz4g,Page,ethiopian/masters/21198-zz001hpz4g_1307804_master.tif,Ms. 59_61,,,61,Page 61,,,pd,,gez,,መጽሐፈ ዚቅ,Book of Ziq,Church Hymns,Ethiopia,20th c.,1900/1999,1 Page,130 mm x 100 mm,Vellum,,Book of Ziq መጽሐፈ ዚቅ,,,,,,,,,succeeded,https://iiif.library.ucla.edu/iiif/2/ark%3A%2F21198%2Fzz001hpz4g,
Ethiopic Manuscripts,ark:/21198/zz001hmcq5,ark:/21198/zz001hpz50,Page,ethiopian/masters/21198-zz001hpz50_1307807_master.tif,Ms. 59_62,,,62,Page 62,,,pd,,gez,,መጽሐፈ ዚቅ,Book of Ziq,Church Hymns,Ethiopia,20th c.,1900/1999,1 Page,130 mm x 100 mm,Vellum,,Book of Ziq መጽሐፈ ዚቅ,,,,,,,,,succeeded,https://iiif.library.ucla.edu/iiif/2/ark%3A%2F21198%2Fzz001hpz50,
Ethiopic Manuscripts,ark:/21198/zz001hmcq5,ark:/21198/zz001hpz6h,Page,ethiopian/masters/21198-zz001hpz6h_1307810_master.tif,Ms. 59_63,,,63,Page 63,,,pd,,gez,,መጽሐፈ ዚቅ,Book of Ziq,Church Hymns,Ethiopia,20th c.,1900/1999,1 Page,130 mm x 100 mm,Vellum,,Book of Ziq መጽሐፈ ዚቅ,,,,,,,,,succeeded,https://iiif.library.ucla.edu/iiif/2/ark%3A%2F21198%2Fzz001hpz6h,
Ethiopic Manuscripts,ark:/21198/zz001hmcq5,ark:/21198/zz001hpz71,Page,ethiopian/masters/21198-zz001hpz71_1307813_master.tif,Ms. 59_64,,,64,Page 64,,,pd,,gez,,መጽሐፈ ዚቅ,Book of Ziq,Church Hymns,Ethiopia,20th c.,1900/1999,1 Page,130 mm x 100 mm,Vellum,,Book of Ziq መጽሐፈ ዚቅ,,,,,,,,,succeeded,https://iiif.library.ucla.edu/iiif/2/ark%3A%2F21198%2Fzz001hpz71,
Ethiopic Manuscripts,ark:/21198/zz001hmcq5,ark:/21198/zz001hpz8j,Page,ethiopian/masters/21198-zz001hpz8j_1307816_master.tif,Ms. 59_65,,,65,Page 65,,,pd,,gez,,መጽሐፈ ዚቅ,Book of Ziq,Church Hymns,Ethiopia,20th c.,1900/1999,1 Page,130 mm x 100 mm,Vellum,,Book of Ziq መጽሐፈ ዚቅ,,,,,,,,,succeeded,https://iiif.library.ucla.edu/iiif/2/ark%3A%2F21198%2Fzz001hpz8j,
Ethiopic Manuscripts,ark:/21198/zz001hmcq5,ark:/21198/zz001hpz92,Page,ethiopian/masters/21198-zz001hpz92_1307819_master.tif,Ms. 59_66,,,66,Page 66,,,pd,,gez,,መጽሐፈ ዚቅ,Book of Ziq,Church Hymns,Ethiopia,20th c.,1900/1999,1 Page,130 mm x 100 mm,Vellum,,Book of Ziq መጽሐፈ ዚቅ,,,,,,,,,succeeded,https://iiif.library.ucla.edu/iiif/2/ark%3A%2F21198%2Fzz001hpz92,
Ethiopic Manuscripts,ark:/21198/zz001hmcq5,ark:/21198/zz001hpzbk,Page,ethiopian/masters/21198-zz001hpzbk_1307822_master.tif,Ms. 59_67,,,67,Page 67,,,pd,,gez,,መጽሐፈ ዚቅ,Book of Ziq,Church Hymns,Ethiopia,20th c.,1900/1999,1 Page,130 mm x 100 mm,Vellum,,Book of Ziq መጽሐፈ ዚቅ,,,,,,,,,succeeded,https://iiif.library.ucla.edu/iiif/2/ark%3A%2F21198%2Fzz001hpzbk,
Ethiopic Manuscripts,ark:/21198/zz001hmcq5,ark:/21198/zz001hpzc3,Page,ethiopian/masters/21198-zz001hpzc3_1307825_master.tif,Ms. 59_68,,,68,Page 68,,,pd,,gez,,መጽሐፈ ዚቅ,Book of Ziq,Church Hymns,Ethiopia,20th c.,1900/1999,1 Page,130 mm x 100 mm,Vellum,,Book of Ziq መጽሐፈ ዚቅ,,,,,,,,,succeeded,https://iiif.library.ucla.edu/iiif/2/ark%3A%2F21198%2Fzz001hpzc3,
Ethiopic Manuscripts,ark:/21198/zz001hmcq5,ark:/21198/zz001hpzdm,Page,ethiopian/masters/21198-zz001hpzdm_1307828_master.tif,Ms. 59_69,,,69,Page 69,,,pd,,gez,,መጽሐፈ ዚቅ,Book of Ziq,Church Hymns,Ethiopia,20th c.,1900/1999,1 Page,130 mm x 100 mm,Vellum,,Book of Ziq መጽሐፈ ዚቅ,,,,,,,,,succeeded,https://iiif.library.ucla.edu/iiif/2/ark%3A%2F21198%2Fzz001hpzdm,
Ethiopic Manuscripts,ark:/21198/zz001hmcq5,ark:/21198/zz001hpzf4,Page,ethiopian/masters/21198-zz001hpzf4_1307831_master.tif,Ms. 59_70,,,70,Page 70,,,pd,,gez,,መጽሐፈ ዚቅ,Book of Ziq,Church Hymns,Ethiopia,20th c.,1900/1999,1 Page,130 mm x 100 mm,Vellum,,Book of Ziq መጽሐፈ ዚቅ,,,,,,,,,succeeded,https://iiif.library.ucla.edu/iiif/2/ark%3A%2F21198%2Fzz001hpzf4,
Ethiopic Manuscripts,ark:/21198/zz001hmcq5,ark:/21198/zz001hpzgn,Page,ethiopian/masters/21198-zz001hpzgn_1307834_master.tif,Ms. 59_71,,,71,Page 71,,,pd,,gez,,መጽሐፈ ዚቅ,Book of Ziq,Church Hymns,Ethiopia,20th c.,1900/1999,1 Page,130 mm x 100 mm,Vellum,,Book of Ziq መጽሐፈ ዚቅ,,,,,,,,,succeeded,https://iiif.library.ucla.edu/iiif/2/ark%3A%2F21198%2Fzz001hpzgn,
Ethiopic Manuscripts,ark:/21198/zz001hmcq5,ark:/21198/zz001hpzh5,Page,ethiopian/masters/21198-zz001hpzh5_1307837_master.tif,Ms. 59_72,,,72,Page 72,,,pd,,gez,,መጽሐፈ ዚቅ,Book of Ziq,Church Hymns,Ethiopia,20th c.,1900/1999,1 Page,130 mm x 100 mm,Vellum,,Book of Ziq መጽሐፈ ዚቅ,,,,,,,,,succeeded,https://iiif.library.ucla.edu/iiif/2/ark%3A%2F21198%2Fzz001hpzh5,
Ethiopic Manuscripts,ark:/21198/zz001hmcq5,ark:/21198/zz001hpzjp,Page,ethiopian/masters/21198-zz001hpzjp_1307840_master.tif,Ms. 59_73,,,73,Page 73,,,pd,,gez,,መጽሐፈ ዚቅ,Book of Ziq,Church Hymns,Ethiopia,20th c.,1900/1999,1 Page,130 mm x 100 mm,Vellum,,Book of Ziq መጽሐፈ ዚቅ,,,,,,,,,succeeded,https://iiif.library.ucla.edu/iiif/2/ark%3A%2F21198%2Fzz001hpzjp,
Ethiopic Manuscripts,ark:/21198/zz001hmcq5,ark:/21198/zz001hpzk6,Page,ethiopian/masters/21198-zz001hpzk6_1307843_master.tif,Ms. 59_74,,,74,Page 74,,,pd,,gez,,መጽሐፈ ዚቅ,Book of Ziq,Church Hymns,Ethiopia,20th c.,1900/1999,1 Page,130 mm x 100 mm,Vellum,,Book of Ziq መጽሐፈ ዚቅ,,,,,,,,,succeeded,https://iiif.library.ucla.edu/iiif/2/ark%3A%2F21198%2Fzz001hpzk6,
Ethiopic Manuscripts,ark:/21198/zz001hmcq5,ark:/21198/zz001hpzmq,Page,ethiopian/masters/21198-zz001hpzmq_1307846_master.tif,Ms. 59_75,,,75,Page 75,,,pd,,gez,,መጽሐፈ ዚቅ,Book of Ziq,Church Hymns,Ethiopia,20th c.,1900/1999,1 Page,130 mm x 100 mm,Vellum,,Book of Ziq መጽሐፈ ዚቅ,,,,,,,,,succeeded,https://iiif.library.ucla.edu/iiif/2/ark%3A%2F21198%2Fzz001hpzmq,
Ethiopic Manuscripts,ark:/21198/zz001hmcq5,ark:/21198/zz001hpzn7,Page,ethiopian/masters/21198-zz001hpzn7_1307849_master.tif,Ms. 59_76,,,76,Page 76,,,pd,,gez,,መጽሐፈ ዚቅ,Book of Ziq,Church Hymns,Ethiopia,20th c.,1900/1999,1 Page,130 mm x 100 mm,Vellum,,Book of Ziq መጽሐፈ ዚቅ,,,,,,,,,succeeded,https://iiif.library.ucla.edu/iiif/2/ark%3A%2F21198%2Fzz001hpzn7,
Ethiopic Manuscripts,ark:/21198/zz001hmcq5,ark:/21198/zz001hpzpr,Page,ethiopian/masters/21198-zz001hpzpr_1307852_master.tif,Ms. 59_77,,,77,Page 77,,,pd,,gez,,መጽሐፈ ዚቅ,Book of Ziq,Church Hymns,Ethiopia,20th c.,1900/1999,1 Page,130 mm x 100 mm,Vellum,,Book of Ziq መጽሐፈ ዚቅ,,,,,,,,,succeeded,https://iiif.library.ucla.edu/iiif/2/ark%3A%2F21198%2Fzz001hpzpr,
Ethiopic Manuscripts,ark:/21198/zz001hmcq5,ark:/21198/zz001hpzq8,Page,ethiopian/masters/21198-zz001hpzq8_1307855_master.tif,Ms. 59_78,,,78,Page 78,,,pd,,gez,,መጽሐፈ ዚቅ,Book of Ziq,Church Hymns,Ethiopia,20th c.,1900/1999,1 Page,130 mm x 100 mm,Vellum,,Book of Ziq መጽሐፈ ዚቅ,,,,,,,,,succeeded,https://iiif.library.ucla.edu/iiif/2/ark%3A%2F21198%2Fzz001hpzq8,
Ethiopic Manuscripts,ark:/21198/zz001hmcq5,ark:/21198/zz001hpzrs,Page,ethiopian/masters/21198-zz001hpzrs_1307858_master.tif,Ms. 59_79,,,79,Page 79,,,pd,,gez,,መጽሐፈ ዚቅ,Book of Ziq,Church Hymns,Ethiopia,20th c.,1900/1999,1 Page,130 mm x 100 mm,Vellum,,Book of Ziq መጽሐፈ ዚቅ,,,,,,,,,succeeded,https://iiif.library.ucla.edu/iiif/2/ark%3A%2F21198%2Fzz001hpzrs,
Ethiopic Manuscripts,ark:/21198/zz001hmcq5,ark:/21198/zz001hpzs9,Page,ethiopian/masters/21198-zz001hpzs9_1307861_master.tif,Ms. 59_80,,,80,Page 80,,,pd,,gez,,መጽሐፈ ዚቅ,Book of Ziq,Church Hymns,Ethiopia,20th c.,1900/1999,1 Page,130 mm x 100 mm,Vellum,,Book of Ziq መጽሐፈ ዚቅ,,,,,,,,,succeeded,https://iiif.library.ucla.edu/iiif/2/ark%3A%2F21198%2Fzz001hpzs9,
Ethiopic Manuscripts,ark:/21198/zz001hmcq5,ark:/21198/zz001hpztt,Page,ethiopian/masters/21198-zz001hpztt_1307864_master.tif,Ms. 59_81,,,81,Page 81,,,pd,,gez,,መጽሐፈ ዚቅ,Book of Ziq,Church Hymns,Ethiopia,20th c.,1900/1999,1 Page,130 mm x 100 mm,Vellum,,Book of Ziq መጽሐፈ ዚቅ,,,,,,,,,succeeded,https://iiif.library.ucla.edu/iiif/2/ark%3A%2F21198%2Fzz001hpztt,
Ethiopic Manuscripts,ark:/21198/zz001hmcq5,ark:/21198/zz001hpzvb,Page,ethiopian/masters/21198-zz001hpzvb_1307867_master.tif,Ms. 59_82,,,82,Page 82,,,pd,,gez,,መጽሐፈ ዚቅ,Book of Ziq,Church Hymns,Ethiopia,20th c.,1900/1999,1 Page,130 mm x 100 mm,Vellum,,Book of Ziq መጽሐፈ ዚቅ,,,,,,,,,succeeded,https://iiif.library.ucla.edu/iiif/2/ark%3A%2F21198%2Fzz001hpzvb,
Ethiopic Manuscripts,ark:/21198/zz001hmcq5,ark:/21198/zz001hpzwv,Page,ethiopian/masters/21198-zz001hpzwv_1307870_master.tif,Ms. 59_83,,,83,Page 83,,,pd,,gez,,መጽሐፈ ዚቅ,Book of Ziq,Church Hymns,Ethiopia,20th c.,1900/1999,1 Page,130 mm x 100 mm,Vellum,,Book of Ziq መጽሐፈ ዚቅ,,,,,,,,,succeeded,https://iiif.library.ucla.edu/iiif/2/ark%3A%2F21198%2Fzz001hpzwv,
Ethiopic Manuscripts,ark:/21198/zz001hmcq5,ark:/21198/zz001hpzxc,Page,ethiopian/masters/21198-zz001hpzxc_1307873_master.tif,Ms. 59_84,,,84,Page 84,,,pd,,gez,,መጽሐፈ ዚቅ,Book of Ziq,Church Hymns,Ethiopia,20th c.,1900/1999,1 Page,130 mm x 100 mm,Vellum,,Book of Ziq መጽሐፈ ዚቅ,,,,,,,,,succeeded,https://iiif.library.ucla.edu/iiif/2/ark%3A%2F21198%2Fzz001hpzxc,
Ethiopic Manuscripts,ark:/21198/zz001hmcq5,ark:/21198/zz001hpzzw,Page,ethiopian/masters/21198-zz001hpzzw_1307876_master.tif,Ms. 59_85,,,85,Page 85,,,pd,,gez,,መጽሐፈ ዚቅ,Book of Ziq,Church Hymns,Ethiopia,20th c.,1900/1999,1 Page,130 mm x 100 mm,Vellum,,Book of Ziq መጽሐፈ ዚቅ,,,,,,,,,succeeded,https://iiif.library.ucla.edu/iiif/2/ark%3A%2F21198%2Fzz001hpzzw,
Ethiopic Manuscripts,ark:/21198/zz001hmcq5,ark:/21198/zz001hq00b,Page,ethiopian/masters/21198-zz001hq00b_1307879_master.tif,Ms. 59_86,,,86,Page 86,,,pd,,gez,,መጽሐፈ ዚቅ,Book of Ziq,Church Hymns,Ethiopia,20th c.,1900/1999,1 Page,130 mm x 100 mm,Vellum,,Book of Ziq መጽሐፈ ዚቅ,,,,,,,,,succeeded,https://iiif.library.ucla.edu/iiif/2/ark%3A%2F21198%2Fzz001hq00b,
Ethiopic Manuscripts,ark:/21198/zz001hmcq5,ark:/21198/zz001hq01v,Page,ethiopian/masters/21198-zz001hq01v_1307882_master.tif,Ms. 59_87,,,87,Page 87,,,pd,,gez,,መጽሐፈ ዚቅ,Book of Ziq,Church Hymns,Ethiopia,20th c.,1900/1999,1 Page,130 mm x 100 mm,Vellum,,Book of Ziq መጽሐፈ ዚቅ,,,,,,,,,succeeded,https://iiif.library.ucla.edu/iiif/2/ark%3A%2F21198%2Fzz001hq01v,
Ethiopic Manuscripts,ark:/21198/zz001hmcq5,ark:/21198/zz001hq02c,Page,ethiopian/masters/21198-zz001hq02c_1307885_master.tif,Ms. 59_88,,,88,Page 88,,,pd,,gez,,መጽሐፈ ዚቅ,Book of Ziq,Church Hymns,Ethiopia,20th c.,1900/1999,1 Page,130 mm x 100 mm,Vellum,,Book of Ziq መጽሐፈ ዚቅ,,,,,,,,,succeeded,https://iiif.library.ucla.edu/iiif/2/ark%3A%2F21198%2Fzz001hq02c,
Ethiopic Manuscripts,ark:/21198/zz001hmcq5,ark:/21198/zz001hq03w,Page,ethiopian/masters/21198-zz001hq03w_1307888_master.tif,Ms. 59_89,,,89,Page 89,,,pd,,gez,,መጽሐፈ ዚቅ,Book of Ziq,Church Hymns,Ethiopia,20th c.,1900/1999,1 Page,130 mm x 100 mm,Vellum,,Book of Ziq መጽሐፈ ዚቅ,,,,,,,,,succeeded,https://iiif.library.ucla.edu/iiif/2/ark%3A%2F21198%2Fzz001hq03w,
Ethiopic Manuscripts,ark:/21198/zz001hmcq5,ark:/21198/zz001hq04d,Page,ethiopian/masters/21198-zz001hq04d_1307891_master.tif,Ms. 59_90,,,90,Page 90,,,pd,,gez,,መጽሐፈ ዚቅ,Book of Ziq,Church Hymns,Ethiopia,20th c.,1900/1999,1 Page,130 mm x 100 mm,Vellum,,Book of Ziq መጽሐፈ ዚቅ,,,,,,,,,succeeded,https://iiif.library.ucla.edu/iiif/2/ark%3A%2F21198%2Fzz001hq04d,
Ethiopic Manuscripts,ark:/21198/zz001hmcq5,ark:/21198/zz001hq05x,Page,ethiopian/masters/21198-zz001hq05x_1307894_master.tif,Ms. 59_91,,,91,Page 91,,,pd,,gez,,መጽሐፈ ዚቅ,Book of Ziq,Church Hymns,Ethiopia,20th c.,1900/1999,1 Page,130 mm x 100 mm,Vellum,,Book of Ziq መጽሐፈ ዚቅ,,,,,,,,,succeeded,https://iiif.library.ucla.edu/iiif/2/ark%3A%2F21198%2Fzz001hq05x,
Ethiopic Manuscripts,ark:/21198/zz001hmcq5,ark:/21198/zz001hq06f,Page,ethiopian/masters/21198-zz001hq06f_1307897_master.tif,Ms. 59_92,,,92,Page 92,,,pd,,gez,,መጽሐፈ ዚቅ,Book of Ziq,Church Hymns,Ethiopia,20th c.,1900/1999,1 Page,130 mm x 100 mm,Vellum,,Book of Ziq መጽሐፈ ዚቅ,,,,,,,,,succeeded,https://iiif.library.ucla.edu/iiif/2/ark%3A%2F21198%2Fzz001hq06f,
Ethiopic Manuscripts,ark:/21198/zz001hmcq5,ark:/21198/zz001hq07z,Page,ethiopian/masters/21198-zz001hq07z_1307900_master.tif,Ms. 59_93,,,93,Page 93,,,pd,,gez,,መጽሐፈ ዚቅ,Book of Ziq,Church Hymns,Ethiopia,20th c.,1900/1999,1 Page,130 mm x 100 mm,Vellum,,Book of Ziq መጽሐፈ ዚቅ,,,,,,,,,succeeded,https://iiif.library.ucla.edu/iiif/2/ark%3A%2F21198%2Fzz001hq07z,
Ethiopic Manuscripts,ark:/21198/zz001hmcq5,ark:/21198/zz001hq08g,Page,,Ms. 59_94,,,94,Page 94 [IMAGE MISSING],,,pd,,gez,,መጽሐፈ ዚቅ,Book of Ziq,Church Hymns,Ethiopia,20th c.,1900/1999,1 Page,130 mm x 100 mm,Vellum,,Book of Ziq መጽሐፈ ዚቅ,,,,,,,,,missing,,
Ethiopic Manuscripts,ark:/21198/zz001hmcq5,ark:/21198/zz001hq090,Page,,Ms. 59_95,,,95,Page 95 [IMAGE MISSING],,,pd,,gez,,መጽሐፈ ዚቅ,Book of Ziq,Church Hymns,Ethiopia,20th c.,1900/1999,1 Page,130 mm x 100 mm,Vellum,,Book of Ziq መጽሐፈ ዚቅ,,,,,,,,,missing,,
Ethiopic Manuscripts,ark:/21198/zz001hmcq5,ark:/21198/zz001hq0bh,Page,ethiopian/masters/21198-zz001hq0bh_1307909_master.tif,Ms. 59_96,,,96,Page 96,,,pd,,gez,,መጽሐፈ ዚቅ,Book of Ziq,Church Hymns,Ethiopia,20th c.,1900/1999,1 Page,130 mm x 100 mm,Vellum,,Book of Ziq መጽሐፈ ዚቅ,,,,,,,,,succeeded,https://iiif.library.ucla.edu/iiif/2/ark%3A%2F21198%2Fzz001hq0bh,
Ethiopic Manuscripts,ark:/21198/zz001hmcq5,ark:/21198/zz001hq0c1,Page,ethiopian/masters/21198-zz001hq0c1_1307915_master.tif,Ms. 59_97,,,97,Page 97,,,pd,,gez,,መጽሐፈ ዚቅ,Book of Ziq,Church Hymns,Ethiopia,20th c.,1900/1999,1 Page,130 mm x 100 mm,Vellum,,Book of Ziq መጽሐፈ ዚቅ,,,,,,,,,succeeded,https://iiif.library.ucla.edu/iiif/2/ark%3A%2F21198%2Fzz001hq0c1,
Ethiopic Manuscripts,ark:/21198/zz001hmcq5,ark:/21198/zz001hq0dj,Page,ethiopian/masters/21198-zz001hq0dj_1307918_master.tif,Ms. 59_98,,,98,Page 98,,,pd,,gez,,መጽሐፈ ዚቅ,Book of Ziq,Church Hymns,Ethiopia,20th c.,1900/1999,1 Page,130 mm x 100 mm,Vellum,,Book of Ziq መጽሐፈ ዚቅ,,,,,,,,,succeeded,https://iiif.library.ucla.edu/iiif/2/ark%3A%2F21198%2Fzz001hq0dj,
Ethiopic Manuscripts,ark:/21198/zz001hmcq5,ark:/21198/zz001hq0f2,Page,ethiopian/masters/21198-zz001hq0f2_1307921_master.tif,Ms. 59_99,,,99,Page 99,,,pd,,gez,,መጽሐፈ ዚቅ,Book of Ziq,Church Hymns,Ethiopia,20th c.,1900/1999,1 Page,130 mm x 100 mm,Vellum,,Book of Ziq መጽሐፈ ዚቅ,,,,,,,,,succeeded,https://iiif.library.ucla.edu/iiif/2/ark%3A%2F21198%2Fzz001hq0f2,
Ethiopic Manuscripts,ark:/21198/zz001hmcq5,ark:/21198/zz001hq0gk,Page,ethiopian/masters/21198-zz001hq0gk_1307924_master.tif,Ms. 59_100,,,100,Page 100,,,pd,,gez,,መጽሐፈ ዚቅ,Book of Ziq,Church Hymns,Ethiopia,20th c.,1900/1999,1 Page,130 mm x 100 mm,Vellum,,Book of Ziq መጽሐፈ ዚቅ,,,,,,,,,succeeded,https://iiif.library.ucla.edu/iiif/2/ark%3A%2F21198%2Fzz001hq0gk,
Ethiopic Manuscripts,ark:/21198/zz001hmcq5,ark:/21198/zz001hq0h3,Page,ethiopian/masters/21198-zz001hq0h3_1307927_master.tif,Ms. 59_101,,,101,Page 101,,,pd,,gez,,መጽሐፈ ዚቅ,Book of Ziq,Church Hymns,Ethiopia,20th c.,1900/1999,1 Page,130 mm x 100 mm,Vellum,,Book of Ziq መጽሐፈ ዚቅ,,,,,,,,,succeeded,https://iiif.library.ucla.edu/iiif/2/ark%3A%2F21198%2Fzz001hq0h3,
Ethiopic Manuscripts,ark:/21198/zz001hmcq5,ark:/21198/zz001hq0jm,Page,ethiopian/masters/21198-zz001hq0jm_1307930_master.tif,Ms. 59_102,,,102,Page 102,,,pd,,gez,,መጽሐፈ ዚቅ,Book of Ziq,Church Hymns,Ethiopia,20th c.,1900/1999,1 Page,130 mm x 100 mm,Vellum,,Book of Ziq መጽሐፈ ዚቅ,,,,,,,,,succeeded,https://iiif.library.ucla.edu/iiif/2/ark%3A%2F21198%2Fzz001hq0jm,
Ethiopic Manuscripts,ark:/21198/zz001hmcq5,ark:/21198/zz001hq0k4,Page,ethiopian/masters/21198-zz001hq0k4_1307933_master.tif,Ms. 59_103,,,103,Page 103,,,pd,,gez,,መጽሐፈ ዚቅ,Book of Ziq,Church Hymns,Ethiopia,20th c.,1900/1999,1 Page,130 mm x 100 mm,Vellum,,Book of Ziq መጽሐፈ ዚቅ,,,,,,,,,succeeded,https://iiif.library.ucla.edu/iiif/2/ark%3A%2F21198%2Fzz001hq0k4,
Ethiopic Manuscripts,ark:/21198/zz001hmcq5,ark:/21198/zz001hq0mn,Page,ethiopian/masters/21198-zz001hq0mn_1307936_master.tif,Ms. 59_104,,,104,Page 104,,,pd,,gez,,መጽሐፈ ዚቅ,Book of Ziq,Church Hymns,Ethiopia,20th c.,1900/1999,1 Page,130 mm x 100 mm,Vellum,,Book of Ziq መጽሐፈ ዚቅ,,,,,,,,,succeeded,https://iiif.library.ucla.edu/iiif/2/ark%3A%2F21198%2Fzz001hq0mn,
Ethiopic Manuscripts,ark:/21198/zz001hmcq5,ark:/21198/zz001hq0n5,Page,ethiopian/masters/21198-zz001hq0n5_1307939_master.tif,Ms. 59_105,,,105,Page 105,,,pd,,gez,,መጽሐፈ ዚቅ,Book of Ziq,Church Hymns,Ethiopia,20th c.,1900/1999,1 Page,130 mm x 100 mm,Vellum,,Book of Ziq መጽሐፈ ዚቅ,,,,,,,,,succeeded,https://iiif.library.ucla.edu/iiif/2/ark%3A%2F21198%2Fzz001hq0n5,
Ethiopic Manuscripts,ark:/21198/zz001hmcq5,ark:/21198/zz001hq0pp,Page,ethiopian/masters/21198-zz001hq0pp_1307942_master.tif,Ms. 59_106,,,106,Page 106,,,pd,,gez,,መጽሐፈ ዚቅ,Book of Ziq,Church Hymns,Ethiopia,20th c.,1900/1999,1 Page,130 mm x 100 mm,Vellum,,Book of Ziq መጽሐፈ ዚቅ,,,,,,,,,succeeded,https://iiif.library.ucla.edu/iiif/2/ark%3A%2F21198%2Fzz001hq0pp,
Ethiopic Manuscripts,ark:/21198/zz001hmcq5,ark:/21198/zz001hq0q6,Page,ethiopian/masters/21198-zz001hq0q6_1307945_master.tif,Ms. 59_107,,,107,Page 107,,,pd,,gez,,መጽሐፈ ዚቅ,Book of Ziq,Church Hymns,Ethiopia,20th c.,1900/1999,1 Page,130 mm x 100 mm,Vellum,,Book of Ziq መጽሐፈ ዚቅ,,,,,,,,,succeeded,https://iiif.library.ucla.edu/iiif/2/ark%3A%2F21198%2Fzz001hq0q6,
Ethiopic Manuscripts,ark:/21198/zz001hmcq5,ark:/21198/zz001hq0rq,Page,ethiopian/masters/21198-zz001hq0rq_1307948_master.tif,Ms. 59_108,,,108,Page 108,,,pd,,gez,,መጽሐፈ ዚቅ,Book of Ziq,Church Hymns,Ethiopia,20th c.,1900/1999,1 Page,130 mm x 100 mm,Vellum,,Book of Ziq መጽሐፈ ዚቅ,,,,,,,,,succeeded,https://iiif.library.ucla.edu/iiif/2/ark%3A%2F21198%2Fzz001hq0rq,
Ethiopic Manuscripts,ark:/21198/zz001hmcq5,ark:/21198/zz001hq0s7,Page,ethiopian/masters/21198-zz001hq0s7_1307951_master.tif,Ms. 59_109,,,109,Page 109,,,pd,,gez,,መጽሐፈ ዚቅ,Book of Ziq,Church Hymns,Ethiopia,20th c.,1900/1999,1 Page,130 mm x 100 mm,Vellum,,Book of Ziq መጽሐፈ ዚቅ,,,,,,,,,succeeded,https://iiif.library.ucla.edu/iiif/2/ark%3A%2F21198%2Fzz001hq0s7,
Ethiopic Manuscripts,ark:/21198/zz001hmcq5,ark:/21198/zz001hq0tr,Page,ethiopian/masters/21198-zz001hq0tr_1307954_master.tif,Ms. 59_110,,,110,Page 110,,,pd,,gez,,መጽሐፈ ዚቅ,Book of Ziq,Church Hymns,Ethiopia,20th c.,1900/1999,1 Page,130 mm x 100 mm,Vellum,,Book of Ziq መጽሐፈ ዚቅ,,,,,,,,,succeeded,https://iiif.library.ucla.edu/iiif/2/ark%3A%2F21198%2Fzz001hq0tr,
Ethiopic Manuscripts,ark:/21198/zz001hmcq5,ark:/21198/zz001hq0v8,Page,ethiopian/masters/21198-zz001hq0v8_1307957_master.tif,Ms. 59_111,,,111,Page 111,,,pd,,gez,,መጽሐፈ ዚቅ,Book of Ziq,Church Hymns,Ethiopia,20th c.,1900/1999,1 Page,130 mm x 100 mm,Vellum,,Book of Ziq መጽሐፈ ዚቅ,,,,,,,,,succeeded,https://iiif.library.ucla.edu/iiif/2/ark%3A%2F21198%2Fzz001hq0v8,
Ethiopic Manuscripts,ark:/21198/zz001hmcq5,ark:/21198/zz001hq0ws,Page,ethiopian/masters/21198-zz001hq0ws_1307960_master.tif,Ms. 59_112,,,112,Page 112,,,pd,,gez,,መጽሐፈ ዚቅ,Book of Ziq,Church Hymns,Ethiopia,20th c.,1900/1999,1 Page,130 mm x 100 mm,Vellum,,Book of Ziq መጽሐፈ ዚቅ,,,,,,,,,succeeded,https://iiif.library.ucla.edu/iiif/2/ark%3A%2F21198%2Fzz001hq0ws,
Ethiopic Manuscripts,ark:/21198/zz001hmcq5,ark:/21198/zz001hq0x9,Page,ethiopian/masters/21198-zz001hq0x9_1307963_master.tif,Ms. 59_113,,,113,Page 113,,,pd,,gez,,መጽሐፈ ዚቅ,Book of Ziq,Church Hymns,Ethiopia,20th c.,1900/1999,1 Page,130 mm x 100 mm,Vellum,,Book of Ziq መጽሐፈ ዚቅ,,,,,,,,,succeeded,https://iiif.library.ucla.edu/iiif/2/ark%3A%2F21198%2Fzz001hq0x9,
Ethiopic Manuscripts,ark:/21198/zz001hmcq5,ark:/21198/zz001hq0zt,Page,ethiopian/masters/21198-zz001hq0zt_1307966_master.tif,Ms. 59_114,,,114,Page 114,,,pd,,gez,,መጽሐፈ ዚቅ,Book of Ziq,Church Hymns,Ethiopia,20th c.,1900/1999,1 Page,130 mm x 100 mm,Vellum,,Book of Ziq መጽሐፈ ዚቅ,,,,,,,,,succeeded,https://iiif.library.ucla.edu/iiif/2/ark%3A%2F21198%2Fzz001hq0zt,
Ethiopic Manuscripts,ark:/21198/zz001hmcq5,ark:/21198/zz001hq10t,Page,ethiopian/masters/21198-zz001hq10t_1307969_master.tif,Ms. 59_115,,,115,Page 115,,,pd,,gez,,መጽሐፈ ዚቅ,Book of Ziq,Church Hymns,Ethiopia,20th c.,1900/1999,1 Page,130 mm x 100 mm,Vellum,,Book of Ziq መጽሐፈ ዚቅ,,,,,,,,,succeeded,https://iiif.library.ucla.edu/iiif/2/ark%3A%2F21198%2Fzz001hq10t,
Ethiopic Manuscripts,ark:/21198/zz001hmcq5,ark:/21198/zz001hq11b,Page,ethiopian/masters/21198-zz001hq11b_1307972_master.tif,Ms. 59_116,,,116,Page 116,,,pd,,gez,,መጽሐፈ ዚቅ,Book of Ziq,Church Hymns,Ethiopia,20th c.,1900/1999,1 Page,130 mm x 100 mm,Vellum,,Book of Ziq መጽሐፈ ዚቅ,,,,,,,,,succeeded,https://iiif.library.ucla.edu/iiif/2/ark%3A%2F21198%2Fzz001hq11b,
Ethiopic Manuscripts,ark:/21198/zz001hmcq5,ark:/21198/zz001hq12v,Page,ethiopian/masters/21198-zz001hq12v_1307975_master.tif,Ms. 59_117,,,117,Page 117,,,pd,,gez,,መጽሐፈ ዚቅ,Book of Ziq,Church Hymns,Ethiopia,20th c.,1900/1999,1 Page,130 mm x 100 mm,Vellum,,Book of Ziq መጽሐፈ ዚቅ,,,,,,,,,succeeded,https://iiif.library.ucla.edu/iiif/2/ark%3A%2F21198%2Fzz001hq12v,
Ethiopic Manuscripts,ark:/21198/zz001hmcq5,ark:/21198/zz001hq13c,Page,ethiopian/masters/21198-zz001hq13c_1307978_master.tif,Ms. 59_118,,,118,Page 118,,,pd,,gez,,መጽሐፈ ዚቅ,Book of Ziq,Church Hymns,Ethiopia,20th c.,1900/1999,1 Page,130 mm x 100 mm,Vellum,,Book of Ziq መጽሐፈ ዚቅ,,,,,,,,,succeeded,https://iiif.library.ucla.edu/iiif/2/ark%3A%2F21198%2Fzz001hq13c,
Ethiopic Manuscripts,ark:/21198/zz001hmcq5,ark:/21198/zz001hq14w,Page,ethiopian/masters/21198-zz001hq14w_1307981_master.tif,Ms. 59_119,,,119,Page 119,,,pd,,gez,,መጽሐፈ ዚቅ,Book of Ziq,Church Hymns,Ethiopia,20th c.,1900/1999,1 Page,130 mm x 100 mm,Vellum,,Book of Ziq መጽሐፈ ዚቅ,,,,,,,,,succeeded,https://iiif.library.ucla.edu/iiif/2/ark%3A%2F21198%2Fzz001hq14w,
Ethiopic Manuscripts,ark:/21198/zz001hmcq5,ark:/21198/zz001hq15d,Page,ethiopian/masters/21198-zz001hq15d_1307984_master.tif,Ms. 59_120,,,120,Page 120,,,pd,,gez,,መጽሐፈ ዚቅ,Book of Ziq,Church Hymns,Ethiopia,20th c.,1900/1999,1 Page,130 mm x 100 mm,Vellum,,Book of Ziq መጽሐፈ ዚቅ,,,,,,,,,succeeded,https://iiif.library.ucla.edu/iiif/2/ark%3A%2F21198%2Fzz001hq15d,
Ethiopic Manuscripts,ark:/21198/zz001hmcq5,ark:/21198/zz001hq16x,Page,ethiopian/masters/21198-zz001hq16x_1307987_master.tif,Ms. 59_121,,,121,Page 121,,,pd,,gez,,መጽሐፈ ዚቅ,Book of Ziq,Church Hymns,Ethiopia,20th c.,1900/1999,1 Page,130 mm x 100 mm,Vellum,,Book of Ziq መጽሐፈ ዚቅ,,,,,,,,,succeeded,https://iiif.library.ucla.edu/iiif/2/ark%3A%2F21198%2Fzz001hq16x,
Ethiopic Manuscripts,ark:/21198/zz001hmcq5,ark:/21198/zz001hq17f,Page,ethiopian/masters/21198-zz001hq17f_1307990_master.tif,Ms. 59_122,,,122,Page 122,,,pd,,gez,,መጽሐፈ ዚቅ,Book of Ziq,Church Hymns,Ethiopia,20th c.,1900/1999,1 Page,130 mm x 100 mm,Vellum,,Book of Ziq መጽሐፈ ዚቅ,,,,,,,,,succeeded,https://iiif.library.ucla.edu/iiif/2/ark%3A%2F21198%2Fzz001hq17f,
Ethiopic Manuscripts,ark:/21198/zz001hmcq5,ark:/21198/zz001hq18z,Page,ethiopian/masters/21198-zz001hq18z_1307993_master.tif,Ms. 59_123,,,123,Page 123,,,pd,,gez,,መጽሐፈ ዚቅ,Book of Ziq,Church Hymns,Ethiopia,20th c.,1900/1999,1 Page,130 mm x 100 mm,Vellum,,Book of Ziq መጽሐፈ ዚቅ,,,,,,,,,succeeded,https://iiif.library.ucla.edu/iiif/2/ark%3A%2F21198%2Fzz001hq18z,
Ethiopic Manuscripts,ark:/21198/zz001hmcq5,ark:/21198/zz001hq19g,Page,ethiopian/masters/21198-zz001hq19g_1307996_master.tif,Ms. 59_124,,,124,Page 124,,,pd,,gez,,መጽሐፈ ዚቅ,Book of Ziq,Church Hymns,Ethiopia,20th c.,1900/1999,1 Page,130 mm x 100 mm,Vellum,,Book of Ziq መጽሐፈ ዚቅ,,,,,,,,,succeeded,https://iiif.library.ucla.edu/iiif/2/ark%3A%2F21198%2Fzz001hq19g,
Ethiopic Manuscripts,ark:/21198/zz001hmcq5,ark:/21198/zz001hq1b0,Page,ethiopian/masters/21198-zz001hq1b0_1307999_master.tif,Ms. 59_125,,,125,Page 125,,,pd,,gez,,መጽሐፈ ዚቅ,Book of Ziq,Church Hymns,Ethiopia,20th c.,1900/1999,1 Page,130 mm x 100 mm,Vellum,,Book of Ziq መጽሐፈ ዚቅ,,,,,,,,,succeeded,https://iiif.library.ucla.edu/iiif/2/ark%3A%2F21198%2Fzz001hq1b0,
Ethiopic Manuscripts,ark:/21198/zz001hmcq5,ark:/21198/zz001hq1ch,Page,ethiopian/masters/21198-zz001hq1ch_1308002_master.tif,Ms. 59_126,,,126,Page 126,,,pd,,gez,,መጽሐፈ ዚቅ,Book of Ziq,Church Hymns,Ethiopia,20th c.,1900/1999,1 Page,130 mm x 100 mm,Vellum,,Book of Ziq መጽሐፈ ዚቅ,,,,,,,,,succeeded,https://iiif.library.ucla.edu/iiif/2/ark%3A%2F21198%2Fzz001hq1ch,
Ethiopic Manuscripts,ark:/21198/zz001hmcq5,ark:/21198/zz001hq1d1,Page,ethiopian/masters/21198-zz001hq1d1_1308005_master.tif,Ms. 59_127,,,127,Page 127,,,pd,,gez,,መጽሐፈ ዚቅ,Book of Ziq,Church Hymns,Ethiopia,20th c.,1900/1999,1 Page,130 mm x 100 mm,Vellum,,Book of Ziq መጽሐፈ ዚቅ,,,,,,,,,succeeded,https://iiif.library.ucla.edu/iiif/2/ark%3A%2F21198%2Fzz001hq1d1,
Ethiopic Manuscripts,ark:/21198/zz001hmcq5,ark:/21198/zz001hq1fj,Page,ethiopian/masters/21198-zz001hq1fj_1308008_master.tif,Ms. 59_128,,,128,Page 128,,,pd,,gez,,መጽሐፈ ዚቅ,Book of Ziq,Church Hymns,Ethiopia,20th c.,1900/1999,1 Page,130 mm x 100 mm,Vellum,,Book of Ziq መጽሐፈ ዚቅ,,,,,,,,,succeeded,https://iiif.library.ucla.edu/iiif/2/ark%3A%2F21198%2Fzz001hq1fj,
Ethiopic Manuscripts,ark:/21198/zz001hmcq5,ark:/21198/zz001hq1g2,Page,ethiopian/masters/21198-zz001hq1g2_1308011_master.tif,Ms. 59_129,,,129,Page 129,,,pd,,gez,,መጽሐፈ ዚቅ,Book of Ziq,Church Hymns,Ethiopia,20th c.,1900/1999,1 Page,130 mm x 100 mm,Vellum,,Book of Ziq መጽሐፈ ዚቅ,,,,,,,,,succeeded,https://iiif.library.ucla.edu/iiif/2/ark%3A%2F21198%2Fzz001hq1g2,
Ethiopic Manuscripts,ark:/21198/zz001hmcq5,ark:/21198/zz001hq1hk,Page,ethiopian/masters/21198-zz001hq1hk_1308014_master.tif,Ms. 59_130,,,130,Page 130,,,pd,,gez,,መጽሐፈ ዚቅ,Book of Ziq,Church Hymns,Ethiopia,20th c.,1900/1999,1 Page,130 mm x 100 mm,Vellum,,Book of Ziq መጽሐፈ ዚቅ,,,,,,,,,succeeded,https://iiif.library.ucla.edu/iiif/2/ark%3A%2F21198%2Fzz001hq1hk,
Ethiopic Manuscripts,ark:/21198/zz001hmcq5,ark:/21198/zz001hq1j3,Page,ethiopian/masters/21198-zz001hq1j3_1308017_master.tif,Ms. 59_131,,,131,Page 131,,,pd,,gez,,መጽሐፈ ዚቅ,Book of Ziq,Church Hymns,Ethiopia,20th c.,1900/1999,1 Page,130 mm x 100 mm,Vellum,,Book of Ziq መጽሐፈ ዚቅ,,,,,,,,,succeeded,https://iiif.library.ucla.edu/iiif/2/ark%3A%2F21198%2Fzz001hq1j3,
Ethiopic Manuscripts,ark:/21198/zz001hmcq5,ark:/21198/zz001hq1km,Page,ethiopian/masters/21198-zz001hq1km_1308020_master.tif,Ms. 59_132,,,132,Page 132,,,pd,,gez,,መጽሐፈ ዚቅ,Book of Ziq,Church Hymns,Ethiopia,20th c.,1900/1999,1 Page,130 mm x 100 mm,Vellum,,Book of Ziq መጽሐፈ ዚቅ,,,,,,,,,succeeded,https://iiif.library.ucla.edu/iiif/2/ark%3A%2F21198%2Fzz001hq1km,
Ethiopic Manuscripts,ark:/21198/zz001hmcq5,ark:/21198/zz001hq1m4,Page,ethiopian/masters/21198-zz001hq1m4_1308023_master.tif,Ms. 59_133,,,133,Page 133,,,pd,,gez,,መጽሐፈ ዚቅ,Book of Ziq,Church Hymns,Ethiopia,20th c.,1900/1999,1 Page,130 mm x 100 mm,Vellum,,Book of Ziq መጽሐፈ ዚቅ,,,,,,,,,succeeded,https://iiif.library.ucla.edu/iiif/2/ark%3A%2F21198%2Fzz001hq1m4,
Ethiopic Manuscripts,ark:/21198/zz001hmcq5,ark:/21198/zz001hq1nn,Page,ethiopian/masters/21198-zz001hq1nn_1308026_master.tif,Ms. 59_134,,,134,Page 134,,,pd,,gez,,መጽሐፈ ዚቅ,Book of Ziq,Church Hymns,Ethiopia,20th c.,1900/1999,1 Page,130 mm x 100 mm,Vellum,,Book of Ziq መጽሐፈ ዚቅ,,,,,,,,,succeeded,https://iiif.library.ucla.edu/iiif/2/ark%3A%2F21198%2Fzz001hq1nn,
Ethiopic Manuscripts,ark:/21198/zz001hmcq5,ark:/21198/zz001hq1p5,Page,ethiopian/masters/21198-zz001hq1p5_1308029_master.tif,Ms. 59_135,,,135,Page 135,,,pd,,gez,,መጽሐፈ ዚቅ,Book of Ziq,Church Hymns,Ethiopia,20th c.,1900/1999,1 Page,130 mm x 100 mm,Vellum,,Book of Ziq መጽሐፈ ዚቅ,,,,,,,,,succeeded,https://iiif.library.ucla.edu/iiif/2/ark%3A%2F21198%2Fzz001hq1p5,
Ethiopic Manuscripts,ark:/21198/zz001hmcq5,ark:/21198/zz001hq1qp,Page,ethiopian/masters/21198-zz001hq1qp_1308032_master.tif,Ms. 59_136,,,136,Page 136,,,pd,,gez,,መጽሐፈ ዚቅ,Book of Ziq,Church Hymns,Ethiopia,20th c.,1900/1999,1 Page,130 mm x 100 mm,Vellum,,Book of Ziq መጽሐፈ ዚቅ,,,,,,,,,succeeded,https://iiif.library.ucla.edu/iiif/2/ark%3A%2F21198%2Fzz001hq1qp,
Ethiopic Manuscripts,ark:/21198/zz001hmcq5,ark:/21198/zz001hq1r6,Page,ethiopian/masters/21198-zz001hq1r6_1308035_master.tif,Ms. 59_137,,,137,Page 137,,,pd,,gez,,መጽሐፈ ዚቅ,Book of Ziq,Church Hymns,Ethiopia,20th c.,1900/1999,1 Page,130 mm x 100 mm,Vellum,,Book of Ziq መጽሐፈ ዚቅ,,,,,,,,,succeeded,https://iiif.library.ucla.edu/iiif/2/ark%3A%2F21198%2Fzz001hq1r6,
Ethiopic Manuscripts,ark:/21198/zz001hmcq5,ark:/21198/zz001hq1sq,Page,ethiopian/masters/21198-zz001hq1sq_1308038_master.tif,Ms. 59_138,,,138,Page 138,,,pd,,gez,,መጽሐፈ ዚቅ,Book of Ziq,Church Hymns,Ethiopia,20th c.,1900/1999,1 Page,130 mm x 100 mm,Vellum,,Book of Ziq መጽሐፈ ዚቅ,,,,,,,,,succeeded,https://iiif.library.ucla.edu/iiif/2/ark%3A%2F21198%2Fzz001hq1sq,
Ethiopic Manuscripts,ark:/21198/zz001hmcq5,ark:/21198/zz001hq1t7,Page,ethiopian/masters/21198-zz001hq1t7_1308041_master.tif,Ms. 59_139,,,139,Page 139,,,pd,,gez,,መጽሐፈ ዚቅ,Book of Ziq,Church Hymns,Ethiopia,20th c.,1900/1999,1 Page,130 mm x 100 mm,Vellum,,Book of Ziq መጽሐፈ ዚቅ,,,,,,,,,succeeded,https://iiif.library.ucla.edu/iiif/2/ark%3A%2F21198%2Fzz001hq1t7,
Ethiopic Manuscripts,ark:/21198/zz001hmcq5,ark:/21198/zz001hq1vr,Page,ethiopian/masters/21198-zz001hq1vr_1308044_master.tif,Ms. 59_140,,,140,Page 140,,,pd,,gez,,መጽሐፈ ዚቅ,Book of Ziq,Church Hymns,Ethiopia,20th c.,1900/1999,1 Page,130 mm x 100 mm,Vellum,,Book of Ziq መጽሐፈ ዚቅ,,,,,,,,,succeeded,https://iiif.library.ucla.edu/iiif/2/ark%3A%2F21198%2Fzz001hq1vr,
Ethiopic Manuscripts,ark:/21198/zz001hmcq5,ark:/21198/zz001hq1w8,Page,ethiopian/masters/21198-zz001hq1w8_1308047_master.tif,Ms. 59_141,,,141,Page 141,,,pd,,gez,,መጽሐፈ ዚቅ,Book of Ziq,Church Hymns,Ethiopia,20th c.,1900/1999,1 Page,130 mm x 100 mm,Vellum,,Book of Ziq መጽሐፈ ዚቅ,,,,,,,,,succeeded,https://iiif.library.ucla.edu/iiif/2/ark%3A%2F21198%2Fzz001hq1w8,
Ethiopic Manuscripts,ark:/21198/zz001hmcq5,ark:/21198/zz001hq1xs,Page,ethiopian/masters/21198-zz001hq1xs_1308050_master.tif,Ms. 59_142,,,142,Page 142,,,pd,,gez,,መጽሐፈ ዚቅ|~|መልክአ ሥላሴ,Book of Ziq|~|Image of the Trinity,Church Hymns,Ethiopia,20th c.,1900/1999,1 Page,130 mm x 100 mm,Vellum,,Book of Ziq መጽሐፈ ዚቅ|~|Image of Trinity መልክአ ሥላሴ,,,,,,,,,succeeded,https://iiif.library.ucla.edu/iiif/2/ark%3A%2F21198%2Fzz001hq1xs,
Ethiopic Manuscripts,ark:/21198/zz001hmcq5,ark:/21198/zz001hq1z9,Page,ethiopian/masters/21198-zz001hq1z9_1308053_master.tif,Ms. 59_143,,,143,Page 143,,,pd,,gez,,መልክአ ሥላሴ,Image of the Trinity,Church Hymns,Ethiopia,20th c.,1900/1999,1 Page,130 mm x 100 mm,Vellum,,Image of Trinity መልክአ ሥላሴ,,,,,,,,,succeeded,https://iiif.library.ucla.edu/iiif/2/ark%3A%2F21198%2Fzz001hq1z9,
Ethiopic Manuscripts,ark:/21198/zz001hmcq5,ark:/21198/zz001hq209,Page,ethiopian/masters/21198-zz001hq209_1308056_master.tif,Ms. 59_144,,,144,Page 144,,,pd,,gez,,መልክአ ሥላሴ,Image of the Trinity,Church Hymns,Ethiopia,20th c.,1900/1999,1 Page,130 mm x 100 mm,Vellum,,Image of Trinity መልክአ ሥላሴ,,,,,,,,,succeeded,https://iiif.library.ucla.edu/iiif/2/ark%3A%2F21198%2Fzz001hq209,
Ethiopic Manuscripts,ark:/21198/zz001hmcq5,ark:/21198/zz001hq21t,Page,ethiopian/masters/21198-zz001hq21t_1308059_master.tif,Ms. 59_145,,,145,Page 145,,,pd,,gez,,መልክአ ሥላሴ,Image of the Trinity,Church Hymns,Ethiopia,20th c.,1900/1999,1 Page,130 mm x 100 mm,Vellum,,Image of Trinity መልክአ ሥላሴ,,,,,,,,,succeeded,https://iiif.library.ucla.edu/iiif/2/ark%3A%2F21198%2Fzz001hq21t,
Ethiopic Manuscripts,ark:/21198/zz001hmcq5,ark:/21198/zz001hq22b,Page,ethiopian/masters/21198-zz001hq22b_1308062_master.tif,Ms. 59_146,,,146,Page 146,,,pd,,gez,,መልክአ ሥላሴ,Image of the Trinity,Church Hymns,Ethiopia,20th c.,1900/1999,1 Page,130 mm x 100 mm,Vellum,,Image of Trinity መልክአ ሥላሴ,,,,,,,,,succeeded,https://iiif.library.ucla.edu/iiif/2/ark%3A%2F21198%2Fzz001hq22b,
Ethiopic Manuscripts,ark:/21198/zz001hmcq5,ark:/21198/zz001hq23v,Page,ethiopian/masters/21198-zz001hq23v_1308065_master.tif,Ms. 59_147,,,147,Page 147,,,pd,,gez,,መልክአ ሥላሴ,Image of the Trinity,Church Hymns,Ethiopia,20th c.,1900/1999,1 Page,130 mm x 100 mm,Vellum,,Image of Trinity መልክአ ሥላሴ,,,,,,,,,succeeded,https://iiif.library.ucla.edu/iiif/2/ark%3A%2F21198%2Fzz001hq23v,
Ethiopic Manuscripts,ark:/21198/zz001hmcq5,ark:/21198/zz001hq24c,Page,ethiopian/masters/21198-zz001hq24c_1308068_master.tif,Ms. 59_148,,,148,Page 148,,,pd,,gez,,መልክአ ሥላሴ,Image of the Trinity,Church Hymns,Ethiopia,20th c.,1900/1999,1 Page,130 mm x 100 mm,Vellum,,Image of Trinity መልክአ ሥላሴ,,,,,,,,,succeeded,https://iiif.library.ucla.edu/iiif/2/ark%3A%2F21198%2Fzz001hq24c,
Ethiopic Manuscripts,ark:/21198/zz001hmcq5,ark:/21198/zz001hq25w,Page,ethiopian/masters/21198-zz001hq25w_1308071_master.tif,Ms. 59_149,,,149,Page 149,,,pd,,gez,,መልክአ ሥላሴ,Image of the Trinity,Church Hymns,Ethiopia,20th c.,1900/1999,1 Page,130 mm x 100 mm,Vellum,,Image of Trinity መልክአ ሥላሴ,,,,,,,,,succeeded,https://iiif.library.ucla.edu/iiif/2/ark%3A%2F21198%2Fzz001hq25w,
Ethiopic Manuscripts,ark:/21198/zz001hmcq5,ark:/21198/zz001hq26d,Page,ethiopian/masters/21198-zz001hq26d_1308074_master.tif,Ms. 59_150,,,150,Page 150,,,pd,,gez,,መልክአ ሥላሴ,Image of the Trinity,Church Hymns,Ethiopia,20th c.,1900/1999,1 Page,130 mm x 100 mm,Vellum,,Image of Trinity መልክአ ሥላሴ,,,,,,,,,succeeded,https://iiif.library.ucla.edu/iiif/2/ark%3A%2F21198%2Fzz001hq26d,
Ethiopic Manuscripts,ark:/21198/zz001hmcq5,ark:/21198/zz001hq27x,Page,ethiopian/masters/21198-zz001hq27x_1308077_master.tif,Ms. 59_151,,,151,Page 151,,,pd,,gez,,መልክአ ሥላሴ,Image of the Trinity,Church Hymns,Ethiopia,20th c.,1900/1999,1 Page,130 mm x 100 mm,Vellum,,Image of Trinity መልክአ ሥላሴ,,,,,,,,,succeeded,https://iiif.library.ucla.edu/iiif/2/ark%3A%2F21198%2Fzz001hq27x,
Ethiopic Manuscripts,ark:/21198/zz001hmcq5,ark:/21198/zz001hq28f,Page,ethiopian/masters/21198-zz001hq28f_1308080_master.tif,Ms. 59_152,,,152,Page 152,,,pd,,gez,,መልክአ ሥላሴ,Image of the Trinity,Church Hymns,Ethiopia,20th c.,1900/1999,1 Page,130 mm x 100 mm,Vellum,,Image of Trinity መልክአ ሥላሴ,,,,,,,,,succeeded,https://iiif.library.ucla.edu/iiif/2/ark%3A%2F21198%2Fzz001hq28f,
Ethiopic Manuscripts,ark:/21198/zz001hmcq5,ark:/21198/zz001hq29z,Page,ethiopian/masters/21198-zz001hq29z_1308083_master.tif,Ms. 59_153,,,153,Page 153,,,pd,,gez,,መልክአ ሥላሴ,Image of the Trinity,Church Hymns,Ethiopia,20th c.,1900/1999,1 Page,130 mm x 100 mm,Vellum,,Image of Trinity መልክአ ሥላሴ,,,,,,,,,succeeded,https://iiif.library.ucla.edu/iiif/2/ark%3A%2F21198%2Fzz001hq29z,
Ethiopic Manuscripts,ark:/21198/zz001hmcq5,ark:/21198/zz001hq2bg,Page,ethiopian/masters/21198-zz001hq2bg_1308086_master.tif,Ms. 59_154,,,154,Page 154,,,pd,,gez,,መልክአ ሥላሴ,Image of the Trinity,Church Hymns,Ethiopia,20th c.,1900/1999,1 Page,130 mm x 100 mm,Vellum,,Image of Trinity መልክአ ሥላሴ,,,,,,,,,succeeded,https://iiif.library.ucla.edu/iiif/2/ark%3A%2F21198%2Fzz001hq2bg,
Ethiopic Manuscripts,ark:/21198/zz001hmcq5,ark:/21198/zz001hq2c0,Page,ethiopian/masters/21198-zz001hq2c0_1308089_master.tif,Ms. 59_155,,,155,Page 155,,,pd,,gez,,መልክአ ሥላሴ,Image of the Trinity,Church Hymns,Ethiopia,20th c.,1900/1999,1 Page,130 mm x 100 mm,Vellum,,Image of Trinity መልክአ ሥላሴ,,,,,,,,,succeeded,https://iiif.library.ucla.edu/iiif/2/ark%3A%2F21198%2Fzz001hq2c0,
Ethiopic Manuscripts,ark:/21198/zz001hmcq5,ark:/21198/zz001hq2dh,Page,ethiopian/masters/21198-zz001hq2dh_1308092_master.tif,Ms. 59_156,,,156,Page 156,,,pd,,gez,,መልክአ ሥላሴ,Image of the Trinity,Church Hymns,Ethiopia,20th c.,1900/1999,1 Page,130 mm x 100 mm,Vellum,,Image of Trinity መልክአ ሥላሴ,,,,,,,,,succeeded,https://iiif.library.ucla.edu/iiif/2/ark%3A%2F21198%2Fzz001hq2dh,
Ethiopic Manuscripts,ark:/21198/zz001hmcq5,ark:/21198/zz001hq2f1,Page,ethiopian/masters/21198-zz001hq2f1_1308095_master.tif,Ms. 59_157,,,157,Page 157,,,pd,,gez,,መልክአ ሥላሴ,Image of the Trinity,Church Hymns,Ethiopia,20th c.,1900/1999,1 Page,130 mm x 100 mm,Vellum,,Image of Trinity መልክአ ሥላሴ,,,,,,,,,succeeded,https://iiif.library.ucla.edu/iiif/2/ark%3A%2F21198%2Fzz001hq2f1,
Ethiopic Manuscripts,ark:/21198/zz001hmcq5,ark:/21198/zz001hq2gj,Page,ethiopian/masters/21198-zz001hq2gj_1308098_master.tif,Ms. 59_158,,,158,Page 158,,,pd,,gez,,መልክአ ሥላሴ,Image of the Trinity,Church Hymns,Ethiopia,20th c.,1900/1999,1 Page,130 mm x 100 mm,Vellum,,Image of Trinity መልክአ ሥላሴ,"The owner's name is erased on p. 175, but elsewhere retained as Takela Haymanot Waleda Mareyam (p. 158).",,,,,,,,succeeded,https://iiif.library.ucla.edu/iiif/2/ark%3A%2F21198%2Fzz001hq2gj,
Ethiopic Manuscripts,ark:/21198/zz001hmcq5,ark:/21198/zz001hq2h2,Page,ethiopian/masters/21198-zz001hq2h2_1308101_master.tif,Ms. 59_159,,,159,Page 159,,,pd,,gez,,መልክአ ሥላሴ,Image of the Trinity,Church Hymns,Ethiopia,20th c.,1900/1999,1 Page,130 mm x 100 mm,Vellum,,Image of Trinity መልክአ ሥላሴ|~|Rule of measuring the sun shadow for time  ሥፍረ ፀሐይ,,,,,,,,,succeeded,https://iiif.library.ucla.edu/iiif/2/ark%3A%2F21198%2Fzz001hq2h2,
Ethiopic Manuscripts,ark:/21198/zz001hmcq5,ark:/21198/zz001hq2jk,Page,ethiopian/masters/21198-zz001hq2jk_1308104_master.tif,Ms. 59_160,,,160,Page 160,,,pd,,gez,,,,Church Hymns,Ethiopia,20th c.,1900/1999,1 Page,130 mm x 100 mm,Vellum,,Magical prayer against the evil eye|~|Rule of measuring the sun shadow for time  ሥፍረ ፀሐይ,,,,,,,,,succeeded,https://iiif.library.ucla.edu/iiif/2/ark%3A%2F21198%2Fzz001hq2jk,
Ethiopic Manuscripts,ark:/21198/zz001hmcq5,ark:/21198/zz001hq2k3,Page,ethiopian/masters/21198-zz001hq2k3_1308107_master.tif,Ms. 59_161,,,161,Page 161,,,pd,,gez,,,,Church Hymns,Ethiopia,20th c.,1900/1999,1 Page,130 mm x 100 mm,Vellum,,"Magical prayer against the evil eye|~|Instruction for the making of medicine for evil eye, syphilis, etc.",,,,,,,,,succeeded,https://iiif.library.ucla.edu/iiif/2/ark%3A%2F21198%2Fzz001hq2k3,
Ethiopic Manuscripts,ark:/21198/zz001hmcq5,ark:/21198/zz001hq2mm,Page,ethiopian/masters/21198-zz001hq2mm_1308110_master.tif,Ms. 59_162,,,162,Page 162,,,pd,,gez,,,,Church Hymns,Ethiopia,20th c.,1900/1999,1 Page,130 mm x 100 mm,Vellum,,"Instruction for the making of medicine for evil eye, syphilis, etc.",,,,,,,,,succeeded,https://iiif.library.ucla.edu/iiif/2/ark%3A%2F21198%2Fzz001hq2mm,
Ethiopic Manuscripts,ark:/21198/zz001hmcq5,ark:/21198/zz001hq2n4,Page,ethiopian/masters/21198-zz001hq2n4_1308113_master.tif,Ms. 59_163,,,163,Page 163,,,pd,,gez,,,,Church Hymns,Ethiopia,20th c.,1900/1999,1 Page,130 mm x 100 mm,Vellum,,"Instruction for the making of medicine for evil eye, syphilis, etc.",,,,,,,,,succeeded,https://iiif.library.ucla.edu/iiif/2/ark%3A%2F21198%2Fzz001hq2n4,
Ethiopic Manuscripts,ark:/21198/zz001hmcq5,ark:/21198/zz001hq2pn,Page,ethiopian/masters/21198-zz001hq2pn_1308116_master.tif,Ms. 59_164,,,164,Page 164,,,pd,,gez,,,,Church Hymns,Ethiopia,20th c.,1900/1999,1 Page,130 mm x 100 mm,Vellum,,"Instruction for the making of medicine for evil eye, syphilis, etc.",,,,,,,,,succeeded,https://iiif.library.ucla.edu/iiif/2/ark%3A%2F21198%2Fzz001hq2pn,
Ethiopic Manuscripts,ark:/21198/zz001hmcq5,ark:/21198/zz001hq2q5,Page,ethiopian/masters/21198-zz001hq2q5_1308119_master.tif,Ms. 59_165,,,165,Page 165,,,pd,,gez,,,,Church Hymns,Ethiopia,20th c.,1900/1999,1 Page,130 mm x 100 mm,Vellum,,"Instruction for the making of medicine for evil eye, syphilis, etc.",,,,,,,,,succeeded,https://iiif.library.ucla.edu/iiif/2/ark%3A%2F21198%2Fzz001hq2q5,
Ethiopic Manuscripts,ark:/21198/zz001hmcq5,ark:/21198/zz001hq2rp,Page,ethiopian/masters/21198-zz001hq2rp_1308122_master.tif,Ms. 59_166,,,166,Page 166,,,pd,,gez,,መጽሐፈ ዚቅ,Book of Ziq,Church Hymns,Ethiopia,20th c.,1900/1999,1 Page,130 mm x 100 mm,Vellum,,Portion of the Book of Ziq (መጽሐፈ ዚቅ),,,,,,,,,succeeded,https://iiif.library.ucla.edu/iiif/2/ark%3A%2F21198%2Fzz001hq2rp,
Ethiopic Manuscripts,ark:/21198/zz001hmcq5,ark:/21198/zz001hq2s6,Page,ethiopian/masters/21198-zz001hq2s6_1308125_master.tif,Ms. 59_167,,,167,Page 167,,,pd,,gez,,መጽሐፈ ዚቅ,Book of Ziq,Church Hymns,Ethiopia,20th c.,1900/1999,1 Page,130 mm x 100 mm,Vellum,,Portion of the Book of Ziq (መጽሐፈ ዚቅ),,,,,,,,,succeeded,https://iiif.library.ucla.edu/iiif/2/ark%3A%2F21198%2Fzz001hq2s6,
Ethiopic Manuscripts,ark:/21198/zz001hmcq5,ark:/21198/zz001hq2tq,Page,ethiopian/masters/21198-zz001hq2tq_1308128_master.tif,Ms. 59_168,,,168,Page 168,,,pd,,gez,,መጽሐፈ ዚቅ,Book of Ziq,Church Hymns,Ethiopia,20th c.,1900/1999,1 Page,130 mm x 100 mm,Vellum,,Portion of the Book of Ziq (መጽሐፈ ዚቅ),,,,,,,,,succeeded,https://iiif.library.ucla.edu/iiif/2/ark%3A%2F21198%2Fzz001hq2tq,
Ethiopic Manuscripts,ark:/21198/zz001hmcq5,ark:/21198/zz001hq2v7,Page,ethiopian/masters/21198-zz001hq2v7_1308131_master.tif,Ms. 59_169,,,169,Page 169,,,pd,,gez,,መጽሐፈ ዚቅ,Book of Ziq,Church Hymns,Ethiopia,20th c.,1900/1999,1 Page,130 mm x 100 mm,Vellum,,Portion of the Book of Ziq (መጽሐፈ ዚቅ),,,,,,,,,succeeded,https://iiif.library.ucla.edu/iiif/2/ark%3A%2F21198%2Fzz001hq2v7,
Ethiopic Manuscripts,ark:/21198/zz001hmcq5,ark:/21198/zz001hq2wr,Page,ethiopian/masters/21198-zz001hq2wr_1308134_master.tif,Ms. 59_170,,,170,Page 170,,,pd,,gez,,መጽሐፈ ዚቅ,Book of Ziq,Church Hymns,Ethiopia,20th c.,1900/1999,1 Page,130 mm x 100 mm,Vellum,,Portion of the Book of Ziq (መጽሐፈ ዚቅ),,,,,,,,,succeeded,https://iiif.library.ucla.edu/iiif/2/ark%3A%2F21198%2Fzz001hq2wr,
Ethiopic Manuscripts,ark:/21198/zz001hmcq5,ark:/21198/zz001hq2x8,Page,ethiopian/masters/21198-zz001hq2x8_1308137_master.tif,Ms. 59_171,,,171,Page 171,,,pd,,gez,,መጽሐፈ ዚቅ,Book of Ziq,Church Hymns,Ethiopia,20th c.,1900/1999,1 Page,130 mm x 100 mm,Vellum,,Portion of the Book of Ziq (መጽሐፈ ዚቅ),,,,,,,,,succeeded,https://iiif.library.ucla.edu/iiif/2/ark%3A%2F21198%2Fzz001hq2x8,
Ethiopic Manuscripts,ark:/21198/zz001hmcq5,ark:/21198/zz001hq2zs,Page,ethiopian/masters/21198-zz001hq2zs_1308140_master.tif,Ms. 59_172,,,172,Page 172,,,pd,,gez,,መጽሐፈ ዚቅ,Book of Ziq,Church Hymns,Ethiopia,20th c.,1900/1999,1 Page,130 mm x 100 mm,Vellum,,Portion of the Book of Ziq (መጽሐፈ ዚቅ),,,,,,,,,succeeded,https://iiif.library.ucla.edu/iiif/2/ark%3A%2F21198%2Fzz001hq2zs,
Ethiopic Manuscripts,ark:/21198/zz001hmcq5,ark:/21198/zz001hq30s,Page,ethiopian/masters/21198-zz001hq30s_1308143_master.tif,Ms. 59_173,,,173,Page 173,,,pd,,gez,,መጽሐፈ ዚቅ,Book of Ziq,Church Hymns,Ethiopia,20th c.,1900/1999,1 Page,130 mm x 100 mm,Vellum,,Portion of the Book of Ziq (መጽሐፈ ዚቅ),,,,,,,,,succeeded,https://iiif.library.ucla.edu/iiif/2/ark%3A%2F21198%2Fzz001hq30s,
Ethiopic Manuscripts,ark:/21198/zz001hmcq5,ark:/21198/zz001hq319,Page,ethiopian/masters/21198-zz001hq319_1308146_master.tif,Ms. 59_174,,,174,Page 174,,,pd,,gez,,መጽሐፈ ዚቅ,Book of Ziq,Church Hymns,Ethiopia,20th c.,1900/1999,1 Page,130 mm x 100 mm,Vellum,,Portion of the Book of Ziq (መጽሐፈ ዚቅ),,,,,,,,,succeeded,https://iiif.library.ucla.edu/iiif/2/ark%3A%2F21198%2Fzz001hq319,
Ethiopic Manuscripts,ark:/21198/zz001hmcq5,ark:/21198/zz001hq32t,Page,ethiopian/masters/21198-zz001hq32t_1308149_master.tif,Ms. 59_175,,,175,Page 175,,,pd,,gez,,,,,Ethiopia,20th c.,1900/1999,1 Page,130 mm x 100 mm,Vellum,,"Erased scribal notes.|~|The owner's name is erased on p. 175, but elsewhere retained as Takela Haymanot Waleda Mareyam (p. 158).",,,,,,,,,succeeded,https://iiif.library.ucla.edu/iiif/2/ark%3A%2F21198%2Fzz001hq32t,
Ethiopic Manuscripts,ark:/21198/zz001hmcq5,ark:/21198/zz001hq33b,Page,ethiopian/masters/21198-zz001hq33b_1308152_master.tif,Ms. 59_176,,,176,Page 176,,,pd,,gez,,,,,Ethiopia,20th c.,1900/1999,1 Page,130 mm x 100 mm,Vellum,,Pen trial.,,,,,,,,,succeeded,https://iiif.library.ucla.edu/iiif/2/ark%3A%2F21198%2Fzz001hq33b,
Ethiopic Manuscripts,ark:/21198/zz001hmcq5,ark:/21198/zz001hq34v,Page,ethiopian/masters/21198-zz001hq34v_1308155_master.tif,Ms. 59_backcvr,,,177,Front cover,,,pd,,,,,,,Ethiopia,20th c.,1900/1999,1 Item,130 mm x 100 mm,Wooden board,,,,,,,,,,,succeeded,https://iiif.library.ucla.edu/iiif/2/ark%3A%2F21198%2Fzz001hq34v,
Ethiopic Manuscripts,ark:/21198/zz001hmcq5,ark:/21198/zz001hpw1z,Page,ethiopian/masters/21198-zz001hpw1z_1307621_master.tif,Ms. 59_cvr,,,178,Back cover,,,pd,,,,,,,Ethiopia,20th c.,1900/1999,1 Item,130 mm x 100 mm,Wooden board,,,,,,,,,,,succeeded,https://iiif.library.ucla.edu/iiif/2/ark%3A%2F21198%2Fzz001hpw1z,