File Name,Item Sequence,Title,IIIF Range,viewingHint,Parent ARK,Item ARK,Object Type,Bucketeer State,IIIF Access URL
picart/masters/fre_aju/fre_aju_v7/aju_picart_v07_001.tif,1,1,,,ark:/21198/z1rz15d6,ark:/21198/z1rz15d6/sw43zc5x,Page,succeeded,https://iiif.library.ucla.edu/iiif/2/ark%3A%2F21198%2Fz1rz15d6%2Fsw43zc5x
picart/masters/fre_aju/fre_aju_v7/aju_picart_v07_002.tif,2,2,,,ark:/21198/z1rz15d6,ark:/21198/z1rz15d6/h008p740,Page,succeeded,https://iiif.library.ucla.edu/iiif/2/ark%3A%2F21198%2Fz1rz15d6%2Fh008p740
picart/masters/fre_aju/fre_aju_v7/aju_picart_v07_003.tif,3,3,,,ark:/21198/z1rz15d6,ark:/21198/z1rz15d6/hq11sf52,Page,succeeded,https://iiif.library.ucla.edu/iiif/2/ark%3A%2F21198%2Fz1rz15d6%2Fhq11sf52
picart/masters/fre_aju/fre_aju_v7/aju_picart_v07_004.tif,4,4,,,ark:/21198/z1rz15d6,ark:/21198/z1rz15d6/pp08t512,Page,succeeded,https://iiif.library.ucla.edu/iiif/2/ark%3A%2F21198%2Fz1rz15d6%2Fpp08t512
picart/masters/fre_aju/fre_aju_v7/aju_picart_v07_005.tif,5,5,,,ark:/21198/z1rz15d6,ark:/21198/z1rz15d6/r561km34,Page,succeeded,https://iiif.library.ucla.edu/iiif/2/ark%3A%2F21198%2Fz1rz15d6%2Fr561km34
picart/masters/fre_aju/fre_aju_v7/aju_picart_v07_006.tif,6,6,,,ark:/21198/z1rz15d6,ark:/21198/z1rz15d6/m130cp0d,Page,succeeded,https://iiif.library.ucla.edu/iiif/2/ark%3A%2F21198%2Fz1rz15d6%2Fm130cp0d
picart/masters/fre_aju/fre_aju_v7/aju_picart_v07_007.tif,7,7,,,ark:/21198/z1rz15d6,ark:/21198/z1rz15d6/t782tc9s,Page,succeeded,https://iiif.library.ucla.edu/iiif/2/ark%3A%2F21198%2Fz1rz15d6%2Ft782tc9s
picart/masters/fre_aju/fre_aju_v7/aju_picart_v07_008.tif,8,8,,,ark:/21198/z1rz15d6,ark:/21198/z1rz15d6/sp936f14,Page,succeeded,https://iiif.library.ucla.edu/iiif/2/ark%3A%2F21198%2Fz1rz15d6%2Fsp936f14
picart/masters/fre_aju/fre_aju_v7/aju_picart_v07_009.tif,9,9,,,ark:/21198/z1rz15d6,ark:/21198/z1rz15d6/sm13n143,Page,succeeded,https://iiif.library.ucla.edu/iiif/2/ark%3A%2F21198%2Fz1rz15d6%2Fsm13n143
picart/masters/fre_aju/fre_aju_v7/aju_picart_v07_010.tif,10,10,,,ark:/21198/z1rz15d6,ark:/21198/z1rz15d6/cp48h463,Page,succeeded,https://iiif.library.ucla.edu/iiif/2/ark%3A%2F21198%2Fz1rz15d6%2Fcp48h463
picart/masters/fre_aju/fre_aju_v7/aju_picart_v07_011.tif,11,11,,,ark:/21198/z1rz15d6,ark:/21198/z1rz15d6/nr369p11,Page,succeeded,https://iiif.library.ucla.edu/iiif/2/ark%3A%2F21198%2Fz1rz15d6%2Fnr369p11
picart/masters/fre_aju/fre_aju_v7/aju_picart_v07_012.tif,12,12,,,ark:/21198/z1rz15d6,ark:/21198/z1rz15d6/rr78jz2d,Page,succeeded,https://iiif.library.ucla.edu/iiif/2/ark%3A%2F21198%2Fz1rz15d6%2Frr78jz2d
picart/masters/fre_aju/fre_aju_v7/aju_picart_v07_013.tif,13,13,,,ark:/21198/z1rz15d6,ark:/21198/z1rz15d6/dx14801w,Page,succeeded,https://iiif.library.ucla.edu/iiif/2/ark%3A%2F21198%2Fz1rz15d6%2Fdx14801w
picart/masters/fre_aju/fre_aju_v7/aju_picart_v07_014.tif,14,14,,,ark:/21198/z1rz15d6,ark:/21198/z1rz15d6/zb31w08j,Page,succeeded,https://iiif.library.ucla.edu/iiif/2/ark%3A%2F21198%2Fz1rz15d6%2Fzb31w08j
picart/masters/fre_aju/fre_aju_v7/aju_picart_v07_015.tif,15,15,,,ark:/21198/z1rz15d6,ark:/21198/z1rz15d6/zq12hq98,Page,succeeded,https://iiif.library.ucla.edu/iiif/2/ark%3A%2F21198%2Fz1rz15d6%2Fzq12hq98
picart/masters/fre_aju/fre_aju_v7/aju_picart_v07_016.tif,16,16,,,ark:/21198/z1rz15d6,ark:/21198/z1rz15d6/5c072v0v,Page,succeeded,https://iiif.library.ucla.edu/iiif/2/ark%3A%2F21198%2Fz1rz15d6%2F5c072v0v
picart/masters/fre_aju/fre_aju_v7/aju_picart_v07_017.tif,17,17,,,ark:/21198/z1rz15d6,ark:/21198/z1rz15d6/rf63pv27,Page,succeeded,https://iiif.library.ucla.edu/iiif/2/ark%3A%2F21198%2Fz1rz15d6%2Frf63pv27
picart/masters/fre_aju/fre_aju_v7/aju_picart_v07_018.tif,18,18,,,ark:/21198/z1rz15d6,ark:/21198/z1rz15d6/z361dk5q,Page,succeeded,https://iiif.library.ucla.edu/iiif/2/ark%3A%2F21198%2Fz1rz15d6%2Fz361dk5q
picart/masters/fre_aju/fre_aju_v7/aju_picart_v07_019.tif,19,19,,,ark:/21198/z1rz15d6,ark:/21198/z1rz15d6/k366wj5c,Page,succeeded,https://iiif.library.ucla.edu/iiif/2/ark%3A%2F21198%2Fz1rz15d6%2Fk366wj5c
picart/masters/fre_aju/fre_aju_v7/aju_picart_v07_020.tif,20,20,,,ark:/21198/z1rz15d6,ark:/21198/z1rz15d6/m8574s4q,Page,succeeded,https://iiif.library.ucla.edu/iiif/2/ark%3A%2F21198%2Fz1rz15d6%2Fm8574s4q
picart/masters/fre_aju/fre_aju_v7/aju_picart_v07_021.tif,21,21,,,ark:/21198/z1rz15d6,ark:/21198/z1rz15d6/kw38b18z,Page,succeeded,https://iiif.library.ucla.edu/iiif/2/ark%3A%2F21198%2Fz1rz15d6%2Fkw38b18z
picart/masters/fre_aju/fre_aju_v7/aju_picart_v07_022.tif,22,22,,,ark:/21198/z1rz15d6,ark:/21198/z1rz15d6/b6006w3s,Page,succeeded,https://iiif.library.ucla.edu/iiif/2/ark%3A%2F21198%2Fz1rz15d6%2Fb6006w3s
picart/masters/fre_aju/fre_aju_v7/aju_picart_v07_023.tif,23,23,,,ark:/21198/z1rz15d6,ark:/21198/z1rz15d6/s771nv2w,Page,succeeded,https://iiif.library.ucla.edu/iiif/2/ark%3A%2F21198%2Fz1rz15d6%2Fs771nv2w
picart/masters/fre_aju/fre_aju_v7/aju_picart_v07_024.tif,24,24,,,ark:/21198/z1rz15d6,ark:/21198/z1rz15d6/wc64p29k,Page,succeeded,https://iiif.library.ucla.edu/iiif/2/ark%3A%2F21198%2Fz1rz15d6%2Fwc64p29k
picart/masters/fre_aju/fre_aju_v7/aju_picart_v07_025.tif,25,25,,,ark:/21198/z1rz15d6,ark:/21198/z1rz15d6/ck25d84d,Page,succeeded,https://iiif.library.ucla.edu/iiif/2/ark%3A%2F21198%2Fz1rz15d6%2Fck25d84d
picart/masters/fre_aju/fre_aju_v7/aju_picart_v07_026.tif,26,26,,,ark:/21198/z1rz15d6,ark:/21198/z1rz15d6/bd72978m,Page,succeeded,https://iiif.library.ucla.edu/iiif/2/ark%3A%2F21198%2Fz1rz15d6%2Fbd72978m
picart/masters/fre_aju/fre_aju_v7/aju_picart_v07_027.tif,27,27,,,ark:/21198/z1rz15d6,ark:/21198/z1rz15d6/pv76649b,Page,succeeded,https://iiif.library.ucla.edu/iiif/2/ark%3A%2F21198%2Fz1rz15d6%2Fpv76649b
picart/masters/fre_aju/fre_aju_v7/aju_picart_v07_028.tif,28,28,,,ark:/21198/z1rz15d6,ark:/21198/z1rz15d6/sm345887,Page,succeeded,https://iiif.library.ucla.edu/iiif/2/ark%3A%2F21198%2Fz1rz15d6%2Fsm345887
picart/masters/fre_aju/fre_aju_v7/aju_picart_v07_029.tif,29,29,,,ark:/21198/z1rz15d6,ark:/21198/z1rz15d6/6322kf8x,Page,succeeded,https://iiif.library.ucla.edu/iiif/2/ark%3A%2F21198%2Fz1rz15d6%2F6322kf8x
picart/masters/fre_aju/fre_aju_v7/aju_picart_v07_030.tif,30,30,,,ark:/21198/z1rz15d6,ark:/21198/z1rz15d6/wk08jp29,Page,succeeded,https://iiif.library.ucla.edu/iiif/2/ark%3A%2F21198%2Fz1rz15d6%2Fwk08jp29
picart/masters/fre_aju/fre_aju_v7/aju_picart_v07_031.tif,31,31,,,ark:/21198/z1rz15d6,ark:/21198/z1rz15d6/s443cg78,Page,succeeded,https://iiif.library.ucla.edu/iiif/2/ark%3A%2F21198%2Fz1rz15d6%2Fs443cg78
picart/masters/fre_aju/fre_aju_v7/aju_picart_v07_032.tif,32,32,,,ark:/21198/z1rz15d6,ark:/21198/z1rz15d6/9061d66n,Page,succeeded,https://iiif.library.ucla.edu/iiif/2/ark%3A%2F21198%2Fz1rz15d6%2F9061d66n
picart/masters/fre_aju/fre_aju_v7/aju_picart_v07_033.tif,33,33,,,ark:/21198/z1rz15d6,ark:/21198/z1rz15d6/bj85m03b,Page,succeeded,https://iiif.library.ucla.edu/iiif/2/ark%3A%2F21198%2Fz1rz15d6%2Fbj85m03b
picart/masters/fre_aju/fre_aju_v7/aju_picart_v07_034.tif,34,34,,,ark:/21198/z1rz15d6,ark:/21198/z1rz15d6/sm99jb61,Page,succeeded,https://iiif.library.ucla.edu/iiif/2/ark%3A%2F21198%2Fz1rz15d6%2Fsm99jb61
picart/masters/fre_aju/fre_aju_v7/aju_picart_v07_035.tif,35,35,,,ark:/21198/z1rz15d6,ark:/21198/z1rz15d6/zf11hg76,Page,succeeded,https://iiif.library.ucla.edu/iiif/2/ark%3A%2F21198%2Fz1rz15d6%2Fzf11hg76
picart/masters/fre_aju/fre_aju_v7/aju_picart_v07_036.tif,36,36,,,ark:/21198/z1rz15d6,ark:/21198/z1rz15d6/sc574f15,Page,succeeded,https://iiif.library.ucla.edu/iiif/2/ark%3A%2F21198%2Fz1rz15d6%2Fsc574f15
picart/masters/fre_aju/fre_aju_v7/aju_picart_v07_037.tif,37,37,,,ark:/21198/z1rz15d6,ark:/21198/z1rz15d6/h882m226,Page,succeeded,https://iiif.library.ucla.edu/iiif/2/ark%3A%2F21198%2Fz1rz15d6%2Fh882m226
picart/masters/fre_aju/fre_aju_v7/aju_picart_v07_038.tif,38,38,,,ark:/21198/z1rz15d6,ark:/21198/z1rz15d6/jm63x35t,Page,succeeded,https://iiif.library.ucla.edu/iiif/2/ark%3A%2F21198%2Fz1rz15d6%2Fjm63x35t
picart/masters/fre_aju/fre_aju_v7/aju_picart_v07_039.tif,39,39,,,ark:/21198/z1rz15d6,ark:/21198/z1rz15d6/pw77w43t,Page,succeeded,https://iiif.library.ucla.edu/iiif/2/ark%3A%2F21198%2Fz1rz15d6%2Fpw77w43t
picart/masters/fre_aju/fre_aju_v7/aju_picart_v07_040.tif,40,40,,,ark:/21198/z1rz15d6,ark:/21198/z1rz15d6/p2610p18,Page,succeeded,https://iiif.library.ucla.edu/iiif/2/ark%3A%2F21198%2Fz1rz15d6%2Fp2610p18
picart/masters/fre_aju/fre_aju_v7/aju_picart_v07_041.tif,41,41,,,ark:/21198/z1rz15d6,ark:/21198/z1rz15d6/md08cv5d,Page,succeeded,https://iiif.library.ucla.edu/iiif/2/ark%3A%2F21198%2Fz1rz15d6%2Fmd08cv5d
picart/masters/fre_aju/fre_aju_v7/aju_picart_v07_042.tif,42,42,,,ark:/21198/z1rz15d6,ark:/21198/z1rz15d6/g614hp1z,Page,succeeded,https://iiif.library.ucla.edu/iiif/2/ark%3A%2F21198%2Fz1rz15d6%2Fg614hp1z
picart/masters/fre_aju/fre_aju_v7/aju_picart_v07_043.tif,43,43,,,ark:/21198/z1rz15d6,ark:/21198/z1rz15d6/r9598n03,Page,succeeded,https://iiif.library.ucla.edu/iiif/2/ark%3A%2F21198%2Fz1rz15d6%2Fr9598n03
picart/masters/fre_aju/fre_aju_v7/aju_picart_v07_044.tif,44,44,,,ark:/21198/z1rz15d6,ark:/21198/z1rz15d6/k545md98,Page,succeeded,https://iiif.library.ucla.edu/iiif/2/ark%3A%2F21198%2Fz1rz15d6%2Fk545md98
picart/masters/fre_aju/fre_aju_v7/aju_picart_v07_045.tif,45,45,,,ark:/21198/z1rz15d6,ark:/21198/z1rz15d6/x5593c59,Page,succeeded,https://iiif.library.ucla.edu/iiif/2/ark%3A%2F21198%2Fz1rz15d6%2Fx5593c59
picart/masters/fre_aju/fre_aju_v7/aju_picart_v07_046.tif,46,46,,,ark:/21198/z1rz15d6,ark:/21198/z1rz15d6/c9031r31,Page,succeeded,https://iiif.library.ucla.edu/iiif/2/ark%3A%2F21198%2Fz1rz15d6%2Fc9031r31
picart/masters/fre_aju/fre_aju_v7/aju_picart_v07_047.tif,47,47,,,ark:/21198/z1rz15d6,ark:/21198/z1rz15d6/zj87847s,Page,succeeded,https://iiif.library.ucla.edu/iiif/2/ark%3A%2F21198%2Fz1rz15d6%2Fzj87847s
picart/masters/fre_aju/fre_aju_v7/aju_picart_v07_048.tif,48,48,,,ark:/21198/z1rz15d6,ark:/21198/z1rz15d6/6300vb66,Page,succeeded,https://iiif.library.ucla.edu/iiif/2/ark%3A%2F21198%2Fz1rz15d6%2F6300vb66
picart/masters/fre_aju/fre_aju_v7/aju_picart_v07_049.tif,49,49,,,ark:/21198/z1rz15d6,ark:/21198/z1rz15d6/0884z11z,Page,succeeded,https://iiif.library.ucla.edu/iiif/2/ark%3A%2F21198%2Fz1rz15d6%2F0884z11z
picart/masters/fre_aju/fre_aju_v7/aju_picart_v07_050.tif,50,50,,,ark:/21198/z1rz15d6,ark:/21198/z1rz15d6/t8850w1h,Page,succeeded,https://iiif.library.ucla.edu/iiif/2/ark%3A%2F21198%2Fz1rz15d6%2Ft8850w1h
picart/masters/fre_aju/fre_aju_v7/aju_picart_v07_051.tif,51,51,,,ark:/21198/z1rz15d6,ark:/21198/z1rz15d6/bf04cv88,Page,succeeded,https://iiif.library.ucla.edu/iiif/2/ark%3A%2F21198%2Fz1rz15d6%2Fbf04cv88
picart/masters/fre_aju/fre_aju_v7/aju_picart_v07_052.tif,52,52,,,ark:/21198/z1rz15d6,ark:/21198/z1rz15d6/px593d13,Page,succeeded,https://iiif.library.ucla.edu/iiif/2/ark%3A%2F21198%2Fz1rz15d6%2Fpx593d13
picart/masters/fre_aju/fre_aju_v7/aju_picart_v07_053.tif,53,53,,,ark:/21198/z1rz15d6,ark:/21198/z1rz15d6/kg43jz48,Page,succeeded,https://iiif.library.ucla.edu/iiif/2/ark%3A%2F21198%2Fz1rz15d6%2Fkg43jz48
picart/masters/fre_aju/fre_aju_v7/aju_picart_v07_054.tif,54,54,,,ark:/21198/z1rz15d6,ark:/21198/z1rz15d6/vs11sh9q,Page,succeeded,https://iiif.library.ucla.edu/iiif/2/ark%3A%2F21198%2Fz1rz15d6%2Fvs11sh9q
picart/masters/fre_aju/fre_aju_v7/aju_picart_v07_055.tif,55,55,,,ark:/21198/z1rz15d6,ark:/21198/z1rz15d6/8366cz20,Page,succeeded,https://iiif.library.ucla.edu/iiif/2/ark%3A%2F21198%2Fz1rz15d6%2F8366cz20
picart/masters/fre_aju/fre_aju_v7/aju_picart_v07_056.tif,56,56,,,ark:/21198/z1rz15d6,ark:/21198/z1rz15d6/k180cx3t,Page,succeeded,https://iiif.library.ucla.edu/iiif/2/ark%3A%2F21198%2Fz1rz15d6%2Fk180cx3t
picart/masters/fre_aju/fre_aju_v7/aju_picart_v07_057.tif,57,57,,,ark:/21198/z1rz15d6,ark:/21198/z1rz15d6/1p96s798,Page,succeeded,https://iiif.library.ucla.edu/iiif/2/ark%3A%2F21198%2Fz1rz15d6%2F1p96s798
picart/masters/fre_aju/fre_aju_v7/aju_picart_v07_058.tif,58,58,,,ark:/21198/z1rz15d6,ark:/21198/z1rz15d6/4827xc6b,Page,succeeded,https://iiif.library.ucla.edu/iiif/2/ark%3A%2F21198%2Fz1rz15d6%2F4827xc6b
picart/masters/fre_aju/fre_aju_v7/aju_picart_v07_059.tif,59,59,,,ark:/21198/z1rz15d6,ark:/21198/z1rz15d6/bb78jf46,Page,succeeded,https://iiif.library.ucla.edu/iiif/2/ark%3A%2F21198%2Fz1rz15d6%2Fbb78jf46
picart/masters/fre_aju/fre_aju_v7/aju_picart_v07_060.tif,60,60,,,ark:/21198/z1rz15d6,ark:/21198/z1rz15d6/q4850297,Page,succeeded,https://iiif.library.ucla.edu/iiif/2/ark%3A%2F21198%2Fz1rz15d6%2Fq4850297
picart/masters/fre_aju/fre_aju_v7/aju_picart_v07_061.tif,61,61,,,ark:/21198/z1rz15d6,ark:/21198/z1rz15d6/0w01hz7n,Page,succeeded,https://iiif.library.ucla.edu/iiif/2/ark%3A%2F21198%2Fz1rz15d6%2F0w01hz7n
picart/masters/fre_aju/fre_aju_v7/aju_picart_v07_062.tif,62,62,,,ark:/21198/z1rz15d6,ark:/21198/z1rz15d6/cf43qc6f,Page,succeeded,https://iiif.library.ucla.edu/iiif/2/ark%3A%2F21198%2Fz1rz15d6%2Fcf43qc6f
picart/masters/fre_aju/fre_aju_v7/aju_picart_v07_063.tif,63,63,,,ark:/21198/z1rz15d6,ark:/21198/z1rz15d6/03442k8d,Page,succeeded,https://iiif.library.ucla.edu/iiif/2/ark%3A%2F21198%2Fz1rz15d6%2F03442k8d
picart/masters/fre_aju/fre_aju_v7/aju_picart_v07_064.tif,64,64,,,ark:/21198/z1rz15d6,ark:/21198/z1rz15d6/82332q47,Page,succeeded,https://iiif.library.ucla.edu/iiif/2/ark%3A%2F21198%2Fz1rz15d6%2F82332q47
picart/masters/fre_aju/fre_aju_v7/aju_picart_v07_065.tif,65,65,,,ark:/21198/z1rz15d6,ark:/21198/z1rz15d6/6s74gx9v,Page,succeeded,https://iiif.library.ucla.edu/iiif/2/ark%3A%2F21198%2Fz1rz15d6%2F6s74gx9v
picart/masters/fre_aju/fre_aju_v7/aju_picart_v07_066.tif,66,66,,,ark:/21198/z1rz15d6,ark:/21198/z1rz15d6/53430h7j,Page,succeeded,https://iiif.library.ucla.edu/iiif/2/ark%3A%2F21198%2Fz1rz15d6%2F53430h7j
picart/masters/fre_aju/fre_aju_v7/aju_picart_v07_067.tif,67,67,,,ark:/21198/z1rz15d6,ark:/21198/z1rz15d6/2t111b7p,Page,succeeded,https://iiif.library.ucla.edu/iiif/2/ark%3A%2F21198%2Fz1rz15d6%2F2t111b7p
picart/masters/fre_aju/fre_aju_v7/aju_picart_v07_068.tif,68,68,,,ark:/21198/z1rz15d6,ark:/21198/z1rz15d6/xd33c76r,Page,succeeded,https://iiif.library.ucla.edu/iiif/2/ark%3A%2F21198%2Fz1rz15d6%2Fxd33c76r
picart/masters/fre_aju/fre_aju_v7/aju_picart_v07_069.tif,69,69,,,ark:/21198/z1rz15d6,ark:/21198/z1rz15d6/h2389r6q,Page,succeeded,https://iiif.library.ucla.edu/iiif/2/ark%3A%2F21198%2Fz1rz15d6%2Fh2389r6q
picart/masters/fre_aju/fre_aju_v7/aju_picart_v07_070.tif,70,70,,,ark:/21198/z1rz15d6,ark:/21198/z1rz15d6/1m53q91w,Page,succeeded,https://iiif.library.ucla.edu/iiif/2/ark%3A%2F21198%2Fz1rz15d6%2F1m53q91w
picart/masters/fre_aju/fre_aju_v7/aju_picart_v07_071.tif,71,71,,,ark:/21198/z1rz15d6,ark:/21198/z1rz15d6/zg16dq9g,Page,succeeded,https://iiif.library.ucla.edu/iiif/2/ark%3A%2F21198%2Fz1rz15d6%2Fzg16dq9g
picart/masters/fre_aju/fre_aju_v7/aju_picart_v07_072.tif,72,72,,,ark:/21198/z1rz15d6,ark:/21198/z1rz15d6/5771kf0x,Page,succeeded,https://iiif.library.ucla.edu/iiif/2/ark%3A%2F21198%2Fz1rz15d6%2F5771kf0x
picart/masters/fre_aju/fre_aju_v7/aju_picart_v07_073.tif,73,73,,,ark:/21198/z1rz15d6,ark:/21198/z1rz15d6/5h76tw04,Page,succeeded,https://iiif.library.ucla.edu/iiif/2/ark%3A%2F21198%2Fz1rz15d6%2F5h76tw04
picart/masters/fre_aju/fre_aju_v7/aju_picart_v07_074.tif,74,74,,,ark:/21198/z1rz15d6,ark:/21198/z1rz15d6/5z324c1s,Page,succeeded,https://iiif.library.ucla.edu/iiif/2/ark%3A%2F21198%2Fz1rz15d6%2F5z324c1s
picart/masters/fre_aju/fre_aju_v7/aju_picart_v07_075.tif,75,75,,,ark:/21198/z1rz15d6,ark:/21198/z1rz15d6/qt623n4b,Page,succeeded,https://iiif.library.ucla.edu/iiif/2/ark%3A%2F21198%2Fz1rz15d6%2Fqt623n4b
picart/masters/fre_aju/fre_aju_v7/aju_picart_v07_076.tif,76,76,,,ark:/21198/z1rz15d6,ark:/21198/z1rz15d6/rs75m44d,Page,succeeded,https://iiif.library.ucla.edu/iiif/2/ark%3A%2F21198%2Fz1rz15d6%2Frs75m44d
picart/masters/fre_aju/fre_aju_v7/aju_picart_v07_077.tif,77,77,,,ark:/21198/z1rz15d6,ark:/21198/z1rz15d6/2168r546,Page,succeeded,https://iiif.library.ucla.edu/iiif/2/ark%3A%2F21198%2Fz1rz15d6%2F2168r546
picart/masters/fre_aju/fre_aju_v7/aju_picart_v07_078.tif,78,78,,,ark:/21198/z1rz15d6,ark:/21198/z1rz15d6/pp03hg2f,Page,succeeded,https://iiif.library.ucla.edu/iiif/2/ark%3A%2F21198%2Fz1rz15d6%2Fpp03hg2f
picart/masters/fre_aju/fre_aju_v7/aju_picart_v07_079.tif,79,79,,,ark:/21198/z1rz15d6,ark:/21198/z1rz15d6/rk11hv6b,Page,succeeded,https://iiif.library.ucla.edu/iiif/2/ark%3A%2F21198%2Fz1rz15d6%2Frk11hv6b
picart/masters/fre_aju/fre_aju_v7/aju_picart_v07_080.tif,80,80,,,ark:/21198/z1rz15d6,ark:/21198/z1rz15d6/v036466f,Page,succeeded,https://iiif.library.ucla.edu/iiif/2/ark%3A%2F21198%2Fz1rz15d6%2Fv036466f
picart/masters/fre_aju/fre_aju_v7/aju_picart_v07_081.tif,81,81,,,ark:/21198/z1rz15d6,ark:/21198/z1rz15d6/s2520h8t,Page,succeeded,https://iiif.library.ucla.edu/iiif/2/ark%3A%2F21198%2Fz1rz15d6%2Fs2520h8t
picart/masters/fre_aju/fre_aju_v7/aju_picart_v07_082.tif,82,82,,,ark:/21198/z1rz15d6,ark:/21198/z1rz15d6/0n61bp9j,Page,succeeded,https://iiif.library.ucla.edu/iiif/2/ark%3A%2F21198%2Fz1rz15d6%2F0n61bp9j
picart/masters/fre_aju/fre_aju_v7/aju_picart_v07_083.tif,83,83,,,ark:/21198/z1rz15d6,ark:/21198/z1rz15d6/qf80r406,Page,succeeded,https://iiif.library.ucla.edu/iiif/2/ark%3A%2F21198%2Fz1rz15d6%2Fqf80r406
picart/masters/fre_aju/fre_aju_v7/aju_picart_v07_084.tif,84,84,,,ark:/21198/z1rz15d6,ark:/21198/z1rz15d6/3d27mk6j,Page,succeeded,https://iiif.library.ucla.edu/iiif/2/ark%3A%2F21198%2Fz1rz15d6%2F3d27mk6j
picart/masters/fre_aju/fre_aju_v7/aju_picart_v07_085.tif,85,85,,,ark:/21198/z1rz15d6,ark:/21198/z1rz15d6/jd37s12p,Page,succeeded,https://iiif.library.ucla.edu/iiif/2/ark%3A%2F21198%2Fz1rz15d6%2Fjd37s12p
picart/masters/fre_aju/fre_aju_v7/aju_picart_v07_086.tif,86,86,,,ark:/21198/z1rz15d6,ark:/21198/z1rz15d6/gb57s09n,Page,succeeded,https://iiif.library.ucla.edu/iiif/2/ark%3A%2F21198%2Fz1rz15d6%2Fgb57s09n
picart/masters/fre_aju/fre_aju_v7/aju_picart_v07_087.tif,87,87,,,ark:/21198/z1rz15d6,ark:/21198/z1rz15d6/p1254b24,Page,succeeded,https://iiif.library.ucla.edu/iiif/2/ark%3A%2F21198%2Fz1rz15d6%2Fp1254b24
picart/masters/fre_aju/fre_aju_v7/aju_picart_v07_088.tif,88,88,,,ark:/21198/z1rz15d6,ark:/21198/z1rz15d6/cg53nj39,Page,succeeded,https://iiif.library.ucla.edu/iiif/2/ark%3A%2F21198%2Fz1rz15d6%2Fcg53nj39
picart/masters/fre_aju/fre_aju_v7/aju_picart_v07_089.tif,89,89,,,ark:/21198/z1rz15d6,ark:/21198/z1rz15d6/wn22763z,Page,succeeded,https://iiif.library.ucla.edu/iiif/2/ark%3A%2F21198%2Fz1rz15d6%2Fwn22763z
picart/masters/fre_aju/fre_aju_v7/aju_picart_v07_090.tif,90,90,,,ark:/21198/z1rz15d6,ark:/21198/z1rz15d6/wr713s2h,Page,succeeded,https://iiif.library.ucla.edu/iiif/2/ark%3A%2F21198%2Fz1rz15d6%2Fwr713s2h
picart/masters/fre_aju/fre_aju_v7/aju_picart_v07_091.tif,91,91,,,ark:/21198/z1rz15d6,ark:/21198/z1rz15d6/hm51kp60,Page,succeeded,https://iiif.library.ucla.edu/iiif/2/ark%3A%2F21198%2Fz1rz15d6%2Fhm51kp60
picart/masters/fre_aju/fre_aju_v7/aju_picart_v07_092.tif,92,92,,,ark:/21198/z1rz15d6,ark:/21198/z1rz15d6/dh56gv9k,Page,succeeded,https://iiif.library.ucla.edu/iiif/2/ark%3A%2F21198%2Fz1rz15d6%2Fdh56gv9k
picart/masters/fre_aju/fre_aju_v7/aju_picart_v07_093.tif,93,93,,,ark:/21198/z1rz15d6,ark:/21198/z1rz15d6/j979027j,Page,succeeded,https://iiif.library.ucla.edu/iiif/2/ark%3A%2F21198%2Fz1rz15d6%2Fj979027j
picart/masters/fre_aju/fre_aju_v7/aju_picart_v07_094.tif,94,94,,,ark:/21198/z1rz15d6,ark:/21198/z1rz15d6/rm34139t,Page,succeeded,https://iiif.library.ucla.edu/iiif/2/ark%3A%2F21198%2Fz1rz15d6%2Frm34139t
picart/masters/fre_aju/fre_aju_v7/aju_picart_v07_095.tif,95,95,,,ark:/21198/z1rz15d6,ark:/21198/z1rz15d6/rh267p60,Page,succeeded,https://iiif.library.ucla.edu/iiif/2/ark%3A%2F21198%2Fz1rz15d6%2Frh267p60
picart/masters/fre_aju/fre_aju_v7/aju_picart_v07_096.tif,96,96,,,ark:/21198/z1rz15d6,ark:/21198/z1rz15d6/3r37qp4v,Page,succeeded,https://iiif.library.ucla.edu/iiif/2/ark%3A%2F21198%2Fz1rz15d6%2F3r37qp4v
picart/masters/fre_aju/fre_aju_v7/aju_picart_v07_097.tif,97,97,,,ark:/21198/z1rz15d6,ark:/21198/z1rz15d6/4063z175,Page,succeeded,https://iiif.library.ucla.edu/iiif/2/ark%3A%2F21198%2Fz1rz15d6%2F4063z175
picart/masters/fre_aju/fre_aju_v7/aju_picart_v07_098.tif,98,98,,,ark:/21198/z1rz15d6,ark:/21198/z1rz15d6/p337ns3n,Page,succeeded,https://iiif.library.ucla.edu/iiif/2/ark%3A%2F21198%2Fz1rz15d6%2Fp337ns3n
picart/masters/fre_aju/fre_aju_v7/aju_picart_v07_099.tif,99,99,,,ark:/21198/z1rz15d6,ark:/21198/z1rz15d6/8z40xv82,Page,succeeded,https://iiif.library.ucla.edu/iiif/2/ark%3A%2F21198%2Fz1rz15d6%2F8z40xv82
picart/masters/fre_aju/fre_aju_v7/aju_picart_v07_100.tif,100,100,,,ark:/21198/z1rz15d6,ark:/21198/z1rz15d6/b1796d49,Page,succeeded,https://iiif.library.ucla.edu/iiif/2/ark%3A%2F21198%2Fz1rz15d6%2Fb1796d49
picart/masters/fre_aju/fre_aju_v7/aju_picart_v07_101.tif,101,101,,,ark:/21198/z1rz15d6,ark:/21198/z1rz15d6/wg85dp23,Page,succeeded,https://iiif.library.ucla.edu/iiif/2/ark%3A%2F21198%2Fz1rz15d6%2Fwg85dp23
picart/masters/fre_aju/fre_aju_v7/aju_picart_v07_102.tif,102,102,,,ark:/21198/z1rz15d6,ark:/21198/z1rz15d6/m150hw4g,Page,succeeded,https://iiif.library.ucla.edu/iiif/2/ark%3A%2F21198%2Fz1rz15d6%2Fm150hw4g
picart/masters/fre_aju/fre_aju_v7/aju_picart_v07_103.tif,103,103,,,ark:/21198/z1rz15d6,ark:/21198/z1rz15d6/zj82b20v,Page,succeeded,https://iiif.library.ucla.edu/iiif/2/ark%3A%2F21198%2Fz1rz15d6%2Fzj82b20v
picart/masters/fre_aju/fre_aju_v7/aju_picart_v07_104.tif,104,104,,,ark:/21198/z1rz15d6,ark:/21198/z1rz15d6/md49843b,Page,succeeded,https://iiif.library.ucla.edu/iiif/2/ark%3A%2F21198%2Fz1rz15d6%2Fmd49843b
picart/masters/fre_aju/fre_aju_v7/aju_picart_v07_105.tif,105,105,,,ark:/21198/z1rz15d6,ark:/21198/z1rz15d6/3b094m6m,Page,succeeded,https://iiif.library.ucla.edu/iiif/2/ark%3A%2F21198%2Fz1rz15d6%2F3b094m6m
picart/masters/fre_aju/fre_aju_v7/aju_picart_v07_106.tif,106,106,,,ark:/21198/z1rz15d6,ark:/21198/z1rz15d6/s040d72v,Page,succeeded,https://iiif.library.ucla.edu/iiif/2/ark%3A%2F21198%2Fz1rz15d6%2Fs040d72v
picart/masters/fre_aju/fre_aju_v7/aju_picart_v07_107.tif,107,107,,,ark:/21198/z1rz15d6,ark:/21198/z1rz15d6/4999r90g,Page,succeeded,https://iiif.library.ucla.edu/iiif/2/ark%3A%2F21198%2Fz1rz15d6%2F4999r90g
picart/masters/fre_aju/fre_aju_v7/aju_picart_v07_108.tif,108,108,,,ark:/21198/z1rz15d6,ark:/21198/z1rz15d6/5850nr1r,Page,succeeded,https://iiif.library.ucla.edu/iiif/2/ark%3A%2F21198%2Fz1rz15d6%2F5850nr1r
picart/masters/fre_aju/fre_aju_v7/aju_picart_v07_109.tif,109,109,,,ark:/21198/z1rz15d6,ark:/21198/z1rz15d6/qh29gs8d,Page,succeeded,https://iiif.library.ucla.edu/iiif/2/ark%3A%2F21198%2Fz1rz15d6%2Fqh29gs8d
picart/masters/fre_aju/fre_aju_v7/aju_picart_v07_110.tif,110,110,,,ark:/21198/z1rz15d6,ark:/21198/z1rz15d6/r692xb6j,Page,succeeded,https://iiif.library.ucla.edu/iiif/2/ark%3A%2F21198%2Fz1rz15d6%2Fr692xb6j
picart/masters/fre_aju/fre_aju_v7/aju_picart_v07_111.tif,111,111,,,ark:/21198/z1rz15d6,ark:/21198/z1rz15d6/dg30kn1s,Page,succeeded,https://iiif.library.ucla.edu/iiif/2/ark%3A%2F21198%2Fz1rz15d6%2Fdg30kn1s
picart/masters/fre_aju/fre_aju_v7/aju_picart_v07_112.tif,112,112,,,ark:/21198/z1rz15d6,ark:/21198/z1rz15d6/8984db97,Page,succeeded,https://iiif.library.ucla.edu/iiif/2/ark%3A%2F21198%2Fz1rz15d6%2F8984db97
picart/masters/fre_aju/fre_aju_v7/aju_picart_v07_113.tif,113,113,,,ark:/21198/z1rz15d6,ark:/21198/z1rz15d6/rp70zw5g,Page,succeeded,https://iiif.library.ucla.edu/iiif/2/ark%3A%2F21198%2Fz1rz15d6%2Frp70zw5g
picart/masters/fre_aju/fre_aju_v7/aju_picart_v07_114.tif,114,114,,,ark:/21198/z1rz15d6,ark:/21198/z1rz15d6/2g00pj5f,Page,succeeded,https://iiif.library.ucla.edu/iiif/2/ark%3A%2F21198%2Fz1rz15d6%2F2g00pj5f
picart/masters/fre_aju/fre_aju_v7/aju_picart_v07_115.tif,115,115,,,ark:/21198/z1rz15d6,ark:/21198/z1rz15d6/qs92mn0s,Page,succeeded,https://iiif.library.ucla.edu/iiif/2/ark%3A%2F21198%2Fz1rz15d6%2Fqs92mn0s
picart/masters/fre_aju/fre_aju_v7/aju_picart_v07_116.tif,116,116,,,ark:/21198/z1rz15d6,ark:/21198/z1rz15d6/dz66mb8n,Page,succeeded,https://iiif.library.ucla.edu/iiif/2/ark%3A%2F21198%2Fz1rz15d6%2Fdz66mb8n
picart/masters/fre_aju/fre_aju_v7/aju_picart_v07_117.tif,117,117,,,ark:/21198/z1rz15d6,ark:/21198/z1rz15d6/dr89b11p,Page,succeeded,https://iiif.library.ucla.edu/iiif/2/ark%3A%2F21198%2Fz1rz15d6%2Fdr89b11p
picart/masters/fre_aju/fre_aju_v7/aju_picart_v07_118.tif,118,118,,,ark:/21198/z1rz15d6,ark:/21198/z1rz15d6/0s065c00,Page,succeeded,https://iiif.library.ucla.edu/iiif/2/ark%3A%2F21198%2Fz1rz15d6%2F0s065c00
picart/masters/fre_aju/fre_aju_v7/aju_picart_v07_119.tif,119,119,,,ark:/21198/z1rz15d6,ark:/21198/z1rz15d6/w341pn5s,Page,succeeded,https://iiif.library.ucla.edu/iiif/2/ark%3A%2F21198%2Fz1rz15d6%2Fw341pn5s
picart/masters/fre_aju/fre_aju_v7/aju_picart_v07_120.tif,120,120,,,ark:/21198/z1rz15d6,ark:/21198/z1rz15d6/9235vx41,Page,succeeded,https://iiif.library.ucla.edu/iiif/2/ark%3A%2F21198%2Fz1rz15d6%2F9235vx41
picart/masters/fre_aju/fre_aju_v7/aju_picart_v07_121.tif,121,121,,,ark:/21198/z1rz15d6,ark:/21198/z1rz15d6/db572n3j,Page,succeeded,https://iiif.library.ucla.edu/iiif/2/ark%3A%2F21198%2Fz1rz15d6%2Fdb572n3j
picart/masters/fre_aju/fre_aju_v7/aju_picart_v07_122.tif,122,122,,,ark:/21198/z1rz15d6,ark:/21198/z1rz15d6/t422255j,Page,succeeded,https://iiif.library.ucla.edu/iiif/2/ark%3A%2F21198%2Fz1rz15d6%2Ft422255j
picart/masters/fre_aju/fre_aju_v7/aju_picart_v07_123.tif,123,123,,,ark:/21198/z1rz15d6,ark:/21198/z1rz15d6/m020b51c,Page,succeeded,https://iiif.library.ucla.edu/iiif/2/ark%3A%2F21198%2Fz1rz15d6%2Fm020b51c
picart/masters/fre_aju/fre_aju_v7/aju_picart_v07_124.tif,124,124,,,ark:/21198/z1rz15d6,ark:/21198/z1rz15d6/xj69sv05,Page,succeeded,https://iiif.library.ucla.edu/iiif/2/ark%3A%2F21198%2Fz1rz15d6%2Fxj69sv05
picart/masters/fre_aju/fre_aju_v7/aju_picart_v07_125.tif,125,125,,,ark:/21198/z1rz15d6,ark:/21198/z1rz15d6/r1156m1t,Page,succeeded,https://iiif.library.ucla.edu/iiif/2/ark%3A%2F21198%2Fz1rz15d6%2Fr1156m1t
picart/masters/fre_aju/fre_aju_v7/aju_picart_v07_126.tif,126,126,,,ark:/21198/z1rz15d6,ark:/21198/z1rz15d6/vw23wf62,Page,succeeded,https://iiif.library.ucla.edu/iiif/2/ark%3A%2F21198%2Fz1rz15d6%2Fvw23wf62
picart/masters/fre_aju/fre_aju_v7/aju_picart_v07_127.tif,127,127,,,ark:/21198/z1rz15d6,ark:/21198/z1rz15d6/4c72t74g,Page,succeeded,https://iiif.library.ucla.edu/iiif/2/ark%3A%2F21198%2Fz1rz15d6%2F4c72t74g
picart/masters/fre_aju/fre_aju_v7/aju_picart_v07_128.tif,128,128,,,ark:/21198/z1rz15d6,ark:/21198/z1rz15d6/9839jc7b,Page,succeeded,https://iiif.library.ucla.edu/iiif/2/ark%3A%2F21198%2Fz1rz15d6%2F9839jc7b
picart/masters/fre_aju/fre_aju_v7/aju_picart_v07_129.tif,129,129,,,ark:/21198/z1rz15d6,ark:/21198/z1rz15d6/w199g28c,Page,succeeded,https://iiif.library.ucla.edu/iiif/2/ark%3A%2F21198%2Fz1rz15d6%2Fw199g28c
picart/masters/fre_aju/fre_aju_v7/aju_picart_v07_130.tif,130,130,,,ark:/21198/z1rz15d6,ark:/21198/z1rz15d6/t5408g1z,Page,succeeded,https://iiif.library.ucla.edu/iiif/2/ark%3A%2F21198%2Fz1rz15d6%2Ft5408g1z
picart/masters/fre_aju/fre_aju_v7/aju_picart_v07_131.tif,131,131,,,ark:/21198/z1rz15d6,ark:/21198/z1rz15d6/kj679c77,Page,succeeded,https://iiif.library.ucla.edu/iiif/2/ark%3A%2F21198%2Fz1rz15d6%2Fkj679c77
picart/masters/fre_aju/fre_aju_v7/aju_picart_v07_132.tif,132,132,,,ark:/21198/z1rz15d6,ark:/21198/z1rz15d6/b531x951,Page,succeeded,https://iiif.library.ucla.edu/iiif/2/ark%3A%2F21198%2Fz1rz15d6%2Fb531x951
picart/masters/fre_aju/fre_aju_v7/aju_picart_v07_133.tif,133,133,,,ark:/21198/z1rz15d6,ark:/21198/z1rz15d6/3077p766,Page,succeeded,https://iiif.library.ucla.edu/iiif/2/ark%3A%2F21198%2Fz1rz15d6%2F3077p766
picart/masters/fre_aju/fre_aju_v7/aju_picart_v07_134.tif,134,134,,,ark:/21198/z1rz15d6,ark:/21198/z1rz15d6/b5338q62,Page,succeeded,https://iiif.library.ucla.edu/iiif/2/ark%3A%2F21198%2Fz1rz15d6%2Fb5338q62
picart/masters/fre_aju/fre_aju_v7/aju_picart_v07_135.tif,135,135,,,ark:/21198/z1rz15d6,ark:/21198/z1rz15d6/0d829s53,Page,succeeded,https://iiif.library.ucla.edu/iiif/2/ark%3A%2F21198%2Fz1rz15d6%2F0d829s53
picart/masters/fre_aju/fre_aju_v7/aju_picart_v07_136.tif,136,136,,,ark:/21198/z1rz15d6,ark:/21198/z1rz15d6/rn18bp9j,Page,succeeded,https://iiif.library.ucla.edu/iiif/2/ark%3A%2F21198%2Fz1rz15d6%2Frn18bp9j
picart/masters/fre_aju/fre_aju_v7/aju_picart_v07_137.tif,137,137,,,ark:/21198/z1rz15d6,ark:/21198/z1rz15d6/5r17dq03,Page,succeeded,https://iiif.library.ucla.edu/iiif/2/ark%3A%2F21198%2Fz1rz15d6%2F5r17dq03
picart/masters/fre_aju/fre_aju_v7/aju_picart_v07_138.tif,138,138,,,ark:/21198/z1rz15d6,ark:/21198/z1rz15d6/bp87g168,Page,succeeded,https://iiif.library.ucla.edu/iiif/2/ark%3A%2F21198%2Fz1rz15d6%2Fbp87g168
picart/masters/fre_aju/fre_aju_v7/aju_picart_v07_139.tif,139,139,,,ark:/21198/z1rz15d6,ark:/21198/z1rz15d6/k769rt5z,Page,succeeded,https://iiif.library.ucla.edu/iiif/2/ark%3A%2F21198%2Fz1rz15d6%2Fk769rt5z
picart/masters/fre_aju/fre_aju_v7/aju_picart_v07_140.tif,140,140,,,ark:/21198/z1rz15d6,ark:/21198/z1rz15d6/m185v89v,Page,succeeded,https://iiif.library.ucla.edu/iiif/2/ark%3A%2F21198%2Fz1rz15d6%2Fm185v89v
picart/masters/fre_aju/fre_aju_v7/aju_picart_v07_141.tif,141,141,,,ark:/21198/z1rz15d6,ark:/21198/z1rz15d6/cb31ng83,Page,succeeded,https://iiif.library.ucla.edu/iiif/2/ark%3A%2F21198%2Fz1rz15d6%2Fcb31ng83
picart/masters/fre_aju/fre_aju_v7/aju_picart_v07_142.tif,142,142,,,ark:/21198/z1rz15d6,ark:/21198/z1rz15d6/6z75970h,Page,succeeded,https://iiif.library.ucla.edu/iiif/2/ark%3A%2F21198%2Fz1rz15d6%2F6z75970h
picart/masters/fre_aju/fre_aju_v7/aju_picart_v07_143.tif,143,143,,,ark:/21198/z1rz15d6,ark:/21198/z1rz15d6/pm49mc21,Page,succeeded,https://iiif.library.ucla.edu/iiif/2/ark%3A%2F21198%2Fz1rz15d6%2Fpm49mc21
picart/masters/fre_aju/fre_aju_v7/aju_picart_v07_144.tif,144,144,,,ark:/21198/z1rz15d6,ark:/21198/z1rz15d6/np93gg4d,Page,succeeded,https://iiif.library.ucla.edu/iiif/2/ark%3A%2F21198%2Fz1rz15d6%2Fnp93gg4d
picart/masters/fre_aju/fre_aju_v7/aju_picart_v07_145.tif,145,145,,,ark:/21198/z1rz15d6,ark:/21198/z1rz15d6/b160cb0v,Page,succeeded,https://iiif.library.ucla.edu/iiif/2/ark%3A%2F21198%2Fz1rz15d6%2Fb160cb0v
picart/masters/fre_aju/fre_aju_v7/aju_picart_v07_146.tif,146,146,,,ark:/21198/z1rz15d6,ark:/21198/z1rz15d6/1z63j31n,Page,succeeded,https://iiif.library.ucla.edu/iiif/2/ark%3A%2F21198%2Fz1rz15d6%2F1z63j31n
picart/masters/fre_aju/fre_aju_v7/aju_picart_v07_147.tif,147,147,,,ark:/21198/z1rz15d6,ark:/21198/z1rz15d6/f785sm7p,Page,succeeded,https://iiif.library.ucla.edu/iiif/2/ark%3A%2F21198%2Fz1rz15d6%2Ff785sm7p
picart/masters/fre_aju/fre_aju_v7/aju_picart_v07_148.tif,148,148,,,ark:/21198/z1rz15d6,ark:/21198/z1rz15d6/1b66s24j,Page,succeeded,https://iiif.library.ucla.edu/iiif/2/ark%3A%2F21198%2Fz1rz15d6%2F1b66s24j
picart/masters/fre_aju/fre_aju_v7/aju_picart_v07_149.tif,149,149,,,ark:/21198/z1rz15d6,ark:/21198/z1rz15d6/q090dc95,Page,succeeded,https://iiif.library.ucla.edu/iiif/2/ark%3A%2F21198%2Fz1rz15d6%2Fq090dc95
picart/masters/fre_aju/fre_aju_v7/aju_picart_v07_150.tif,150,150,,,ark:/21198/z1rz15d6,ark:/21198/z1rz15d6/mg90bb0m,Page,succeeded,https://iiif.library.ucla.edu/iiif/2/ark%3A%2F21198%2Fz1rz15d6%2Fmg90bb0m
picart/masters/fre_aju/fre_aju_v7/aju_picart_v07_151.tif,151,151,,,ark:/21198/z1rz15d6,ark:/21198/z1rz15d6/g5908b0c,Page,succeeded,https://iiif.library.ucla.edu/iiif/2/ark%3A%2F21198%2Fz1rz15d6%2Fg5908b0c
picart/masters/fre_aju/fre_aju_v7/aju_picart_v07_152.tif,152,152,,,ark:/21198/z1rz15d6,ark:/21198/z1rz15d6/mj077489,Page,succeeded,https://iiif.library.ucla.edu/iiif/2/ark%3A%2F21198%2Fz1rz15d6%2Fmj077489
picart/masters/fre_aju/fre_aju_v7/aju_picart_v07_153.tif,153,153,,,ark:/21198/z1rz15d6,ark:/21198/z1rz15d6/d897h94r,Page,succeeded,https://iiif.library.ucla.edu/iiif/2/ark%3A%2F21198%2Fz1rz15d6%2Fd897h94r
picart/masters/fre_aju/fre_aju_v7/aju_picart_v07_154.tif,154,154,,,ark:/21198/z1rz15d6,ark:/21198/z1rz15d6/m711kv17,Page,succeeded,https://iiif.library.ucla.edu/iiif/2/ark%3A%2F21198%2Fz1rz15d6%2Fm711kv17
picart/masters/fre_aju/fre_aju_v7/aju_picart_v07_155.tif,155,155,,,ark:/21198/z1rz15d6,ark:/21198/z1rz15d6/xd728m4x,Page,succeeded,https://iiif.library.ucla.edu/iiif/2/ark%3A%2F21198%2Fz1rz15d6%2Fxd728m4x
picart/masters/fre_aju/fre_aju_v7/aju_picart_v07_156.tif,156,156,,,ark:/21198/z1rz15d6,ark:/21198/z1rz15d6/rm86614r,Page,succeeded,https://iiif.library.ucla.edu/iiif/2/ark%3A%2F21198%2Fz1rz15d6%2Frm86614r
picart/masters/fre_aju/fre_aju_v7/aju_picart_v07_157.tif,157,157,,,ark:/21198/z1rz15d6,ark:/21198/z1rz15d6/3b275784,Page,succeeded,https://iiif.library.ucla.edu/iiif/2/ark%3A%2F21198%2Fz1rz15d6%2F3b275784
picart/masters/fre_aju/fre_aju_v7/aju_picart_v07_158.tif,158,158,,,ark:/21198/z1rz15d6,ark:/21198/z1rz15d6/8631pt28,Page,succeeded,https://iiif.library.ucla.edu/iiif/2/ark%3A%2F21198%2Fz1rz15d6%2F8631pt28
picart/masters/fre_aju/fre_aju_v7/aju_picart_v07_159.tif,159,159,,,ark:/21198/z1rz15d6,ark:/21198/z1rz15d6/w003vg8b,Page,succeeded,https://iiif.library.ucla.edu/iiif/2/ark%3A%2F21198%2Fz1rz15d6%2Fw003vg8b
picart/masters/fre_aju/fre_aju_v7/aju_picart_v07_160.tif,160,160,,,ark:/21198/z1rz15d6,ark:/21198/z1rz15d6/rq097d25,Page,succeeded,https://iiif.library.ucla.edu/iiif/2/ark%3A%2F21198%2Fz1rz15d6%2Frq097d25
picart/masters/fre_aju/fre_aju_v7/aju_picart_v07_161.tif,161,161,,,ark:/21198/z1rz15d6,ark:/21198/z1rz15d6/wn43n21p,Page,succeeded,https://iiif.library.ucla.edu/iiif/2/ark%3A%2F21198%2Fz1rz15d6%2Fwn43n21p
picart/masters/fre_aju/fre_aju_v7/aju_picart_v07_162.tif,162,162,,,ark:/21198/z1rz15d6,ark:/21198/z1rz15d6/52378t9n,Page,succeeded,https://iiif.library.ucla.edu/iiif/2/ark%3A%2F21198%2Fz1rz15d6%2F52378t9n
picart/masters/fre_aju/fre_aju_v7/aju_picart_v07_163.tif,163,163,,,ark:/21198/z1rz15d6,ark:/21198/z1rz15d6/wx54dh33,Page,succeeded,https://iiif.library.ucla.edu/iiif/2/ark%3A%2F21198%2Fz1rz15d6%2Fwx54dh33
picart/masters/fre_aju/fre_aju_v7/aju_picart_v07_164.tif,164,164,,,ark:/21198/z1rz15d6,ark:/21198/z1rz15d6/6x65h169,Page,succeeded,https://iiif.library.ucla.edu/iiif/2/ark%3A%2F21198%2Fz1rz15d6%2F6x65h169
picart/masters/fre_aju/fre_aju_v7/aju_picart_v07_165.tif,165,165,,,ark:/21198/z1rz15d6,ark:/21198/z1rz15d6/h671nv97,Page,succeeded,https://iiif.library.ucla.edu/iiif/2/ark%3A%2F21198%2Fz1rz15d6%2Fh671nv97
picart/masters/fre_aju/fre_aju_v7/aju_picart_v07_166.tif,166,166,,,ark:/21198/z1rz15d6,ark:/21198/z1rz15d6/xw21qj0c,Page,succeeded,https://iiif.library.ucla.edu/iiif/2/ark%3A%2F21198%2Fz1rz15d6%2Fxw21qj0c
picart/masters/fre_aju/fre_aju_v7/aju_picart_v07_167.tif,167,167,,,ark:/21198/z1rz15d6,ark:/21198/z1rz15d6/0b48662h,Page,succeeded,https://iiif.library.ucla.edu/iiif/2/ark%3A%2F21198%2Fz1rz15d6%2F0b48662h
picart/masters/fre_aju/fre_aju_v7/aju_picart_v07_168.tif,168,168,,,ark:/21198/z1rz15d6,ark:/21198/z1rz15d6/wz26hm1f,Page,succeeded,https://iiif.library.ucla.edu/iiif/2/ark%3A%2F21198%2Fz1rz15d6%2Fwz26hm1f
picart/masters/fre_aju/fre_aju_v7/aju_picart_v07_169.tif,169,169,,,ark:/21198/z1rz15d6,ark:/21198/z1rz15d6/nf51f11z,Page,succeeded,https://iiif.library.ucla.edu/iiif/2/ark%3A%2F21198%2Fz1rz15d6%2Fnf51f11z
picart/masters/fre_aju/fre_aju_v7/aju_picart_v07_170.tif,170,170,,,ark:/21198/z1rz15d6,ark:/21198/z1rz15d6/5h640n0z,Page,succeeded,https://iiif.library.ucla.edu/iiif/2/ark%3A%2F21198%2Fz1rz15d6%2F5h640n0z
picart/masters/fre_aju/fre_aju_v7/aju_picart_v07_171.tif,171,171,,,ark:/21198/z1rz15d6,ark:/21198/z1rz15d6/7c30fp0n,Page,succeeded,https://iiif.library.ucla.edu/iiif/2/ark%3A%2F21198%2Fz1rz15d6%2F7c30fp0n
picart/masters/fre_aju/fre_aju_v7/aju_picart_v07_172.tif,172,172,,,ark:/21198/z1rz15d6,ark:/21198/z1rz15d6/kb70dv74,Page,succeeded,https://iiif.library.ucla.edu/iiif/2/ark%3A%2F21198%2Fz1rz15d6%2Fkb70dv74
picart/masters/fre_aju/fre_aju_v7/aju_picart_v07_173.tif,173,173,,,ark:/21198/z1rz15d6,ark:/21198/z1rz15d6/5m971684,Page,succeeded,https://iiif.library.ucla.edu/iiif/2/ark%3A%2F21198%2Fz1rz15d6%2F5m971684
picart/masters/fre_aju/fre_aju_v7/aju_picart_v07_174.tif,174,174,,,ark:/21198/z1rz15d6,ark:/21198/z1rz15d6/rs39k10t,Page,succeeded,https://iiif.library.ucla.edu/iiif/2/ark%3A%2F21198%2Fz1rz15d6%2Frs39k10t
picart/masters/fre_aju/fre_aju_v7/aju_picart_v07_175.tif,175,175,,,ark:/21198/z1rz15d6,ark:/21198/z1rz15d6/t445825w,Page,succeeded,https://iiif.library.ucla.edu/iiif/2/ark%3A%2F21198%2Fz1rz15d6%2Ft445825w
picart/masters/fre_aju/fre_aju_v7/aju_picart_v07_176.tif,176,176,,,ark:/21198/z1rz15d6,ark:/21198/z1rz15d6/5055qq3j,Page,succeeded,https://iiif.library.ucla.edu/iiif/2/ark%3A%2F21198%2Fz1rz15d6%2F5055qq3j
picart/masters/fre_aju/fre_aju_v7/aju_picart_v07_177.tif,177,177,,,ark:/21198/z1rz15d6,ark:/21198/z1rz15d6/04759f22,Page,succeeded,https://iiif.library.ucla.edu/iiif/2/ark%3A%2F21198%2Fz1rz15d6%2F04759f22
picart/masters/fre_aju/fre_aju_v7/aju_picart_v07_178.tif,178,178,,,ark:/21198/z1rz15d6,ark:/21198/z1rz15d6/1z50tm6h,Page,succeeded,https://iiif.library.ucla.edu/iiif/2/ark%3A%2F21198%2Fz1rz15d6%2F1z50tm6h
picart/masters/fre_aju/fre_aju_v7/aju_picart_v07_179.tif,179,179,,,ark:/21198/z1rz15d6,ark:/21198/z1rz15d6/k512zn2z,Page,succeeded,https://iiif.library.ucla.edu/iiif/2/ark%3A%2F21198%2Fz1rz15d6%2Fk512zn2z
picart/masters/fre_aju/fre_aju_v7/aju_picart_v07_180.tif,180,180,,,ark:/21198/z1rz15d6,ark:/21198/z1rz15d6/91424n0j,Page,succeeded,https://iiif.library.ucla.edu/iiif/2/ark%3A%2F21198%2Fz1rz15d6%2F91424n0j
picart/masters/fre_aju/fre_aju_v7/aju_picart_v07_181.tif,181,181,,,ark:/21198/z1rz15d6,ark:/21198/z1rz15d6/fs04fr8c,Page,succeeded,https://iiif.library.ucla.edu/iiif/2/ark%3A%2F21198%2Fz1rz15d6%2Ffs04fr8c
picart/masters/fre_aju/fre_aju_v7/aju_picart_v07_182.tif,182,182,,,ark:/21198/z1rz15d6,ark:/21198/z1rz15d6/37538d88,Page,succeeded,https://iiif.library.ucla.edu/iiif/2/ark%3A%2F21198%2Fz1rz15d6%2F37538d88
picart/masters/fre_aju/fre_aju_v7/aju_picart_v07_183.tif,183,183,,,ark:/21198/z1rz15d6,ark:/21198/z1rz15d6/4c96z661,Page,succeeded,https://iiif.library.ucla.edu/iiif/2/ark%3A%2F21198%2Fz1rz15d6%2F4c96z661
picart/masters/fre_aju/fre_aju_v7/aju_picart_v07_184.tif,184,184,,,ark:/21198/z1rz15d6,ark:/21198/z1rz15d6/hv94d37k,Page,succeeded,https://iiif.library.ucla.edu/iiif/2/ark%3A%2F21198%2Fz1rz15d6%2Fhv94d37k
picart/masters/fre_aju/fre_aju_v7/aju_picart_v07_185.tif,185,185,,,ark:/21198/z1rz15d6,ark:/21198/z1rz15d6/b987wb2g,Page,succeeded,https://iiif.library.ucla.edu/iiif/2/ark%3A%2F21198%2Fz1rz15d6%2Fb987wb2g
picart/masters/fre_aju/fre_aju_v7/aju_picart_v07_186.tif,186,186,,,ark:/21198/z1rz15d6,ark:/21198/z1rz15d6/m594k60w,Page,succeeded,https://iiif.library.ucla.edu/iiif/2/ark%3A%2F21198%2Fz1rz15d6%2Fm594k60w
picart/masters/fre_aju/fre_aju_v7/aju_picart_v07_187.tif,187,187,,,ark:/21198/z1rz15d6,ark:/21198/z1rz15d6/mg48wc6v,Page,succeeded,https://iiif.library.ucla.edu/iiif/2/ark%3A%2F21198%2Fz1rz15d6%2Fmg48wc6v
picart/masters/fre_aju/fre_aju_v7/aju_picart_v07_188.tif,188,188,,,ark:/21198/z1rz15d6,ark:/21198/z1rz15d6/zf84pj2f,Page,succeeded,https://iiif.library.ucla.edu/iiif/2/ark%3A%2F21198%2Fz1rz15d6%2Fzf84pj2f
picart/masters/fre_aju/fre_aju_v7/aju_picart_v07_189.tif,189,189,,,ark:/21198/z1rz15d6,ark:/21198/z1rz15d6/vk641v4b,Page,succeeded,https://iiif.library.ucla.edu/iiif/2/ark%3A%2F21198%2Fz1rz15d6%2Fvk641v4b
picart/masters/fre_aju/fre_aju_v7/aju_picart_v07_190.tif,190,190,,,ark:/21198/z1rz15d6,ark:/21198/z1rz15d6/n669gb6g,Page,succeeded,https://iiif.library.ucla.edu/iiif/2/ark%3A%2F21198%2Fz1rz15d6%2Fn669gb6g
picart/masters/fre_aju/fre_aju_v7/aju_picart_v07_191.tif,191,191,,,ark:/21198/z1rz15d6,ark:/21198/z1rz15d6/9x85481x,Page,succeeded,https://iiif.library.ucla.edu/iiif/2/ark%3A%2F21198%2Fz1rz15d6%2F9x85481x
picart/masters/fre_aju/fre_aju_v7/aju_picart_v07_192.tif,192,192,,,ark:/21198/z1rz15d6,ark:/21198/z1rz15d6/kw93ck9d,Page,succeeded,https://iiif.library.ucla.edu/iiif/2/ark%3A%2F21198%2Fz1rz15d6%2Fkw93ck9d
picart/masters/fre_aju/fre_aju_v7/aju_picart_v07_193.tif,193,193,,,ark:/21198/z1rz15d6,ark:/21198/z1rz15d6/k305p789,Page,succeeded,https://iiif.library.ucla.edu/iiif/2/ark%3A%2F21198%2Fz1rz15d6%2Fk305p789
picart/masters/fre_aju/fre_aju_v7/aju_picart_v07_194.tif,194,194,,,ark:/21198/z1rz15d6,ark:/21198/z1rz15d6/1k45qs29,Page,succeeded,https://iiif.library.ucla.edu/iiif/2/ark%3A%2F21198%2Fz1rz15d6%2F1k45qs29
picart/masters/fre_aju/fre_aju_v7/aju_picart_v07_195.tif,195,195,,,ark:/21198/z1rz15d6,ark:/21198/z1rz15d6/2f84pt18,Page,succeeded,https://iiif.library.ucla.edu/iiif/2/ark%3A%2F21198%2Fz1rz15d6%2F2f84pt18
picart/masters/fre_aju/fre_aju_v7/aju_picart_v07_196.tif,196,196,,,ark:/21198/z1rz15d6,ark:/21198/z1rz15d6/3g60x93b,Page,succeeded,https://iiif.library.ucla.edu/iiif/2/ark%3A%2F21198%2Fz1rz15d6%2F3g60x93b
picart/masters/fre_aju/fre_aju_v7/aju_picart_v07_197.tif,197,197,,,ark:/21198/z1rz15d6,ark:/21198/z1rz15d6/2h309v9q,Page,succeeded,https://iiif.library.ucla.edu/iiif/2/ark%3A%2F21198%2Fz1rz15d6%2F2h309v9q
picart/masters/fre_aju/fre_aju_v7/aju_picart_v07_198.tif,198,198,,,ark:/21198/z1rz15d6,ark:/21198/z1rz15d6/0t49w68q,Page,succeeded,https://iiif.library.ucla.edu/iiif/2/ark%3A%2F21198%2Fz1rz15d6%2F0t49w68q
picart/masters/fre_aju/fre_aju_v7/aju_picart_v07_199.tif,199,199,,,ark:/21198/z1rz15d6,ark:/21198/z1rz15d6/0651zh3x,Page,succeeded,https://iiif.library.ucla.edu/iiif/2/ark%3A%2F21198%2Fz1rz15d6%2F0651zh3x
picart/masters/fre_aju/fre_aju_v7/aju_picart_v07_200.tif,200,200,,,ark:/21198/z1rz15d6,ark:/21198/z1rz15d6/kn22rg13,Page,succeeded,https://iiif.library.ucla.edu/iiif/2/ark%3A%2F21198%2Fz1rz15d6%2Fkn22rg13
picart/masters/fre_aju/fre_aju_v7/aju_picart_v07_201.tif,201,201,,,ark:/21198/z1rz15d6,ark:/21198/z1rz15d6/x372r08c,Page,succeeded,https://iiif.library.ucla.edu/iiif/2/ark%3A%2F21198%2Fz1rz15d6%2Fx372r08c
picart/masters/fre_aju/fre_aju_v7/aju_picart_v07_202.tif,202,202,,,ark:/21198/z1rz15d6,ark:/21198/z1rz15d6/2359wr20,Page,succeeded,https://iiif.library.ucla.edu/iiif/2/ark%3A%2F21198%2Fz1rz15d6%2F2359wr20
picart/masters/fre_aju/fre_aju_v7/aju_picart_v07_203.tif,203,203,,,ark:/21198/z1rz15d6,ark:/21198/z1rz15d6/2v39hp0h,Page,succeeded,https://iiif.library.ucla.edu/iiif/2/ark%3A%2F21198%2Fz1rz15d6%2F2v39hp0h
picart/masters/fre_aju/fre_aju_v7/aju_picart_v07_204.tif,204,204,,,ark:/21198/z1rz15d6,ark:/21198/z1rz15d6/5m383r5m,Page,succeeded,https://iiif.library.ucla.edu/iiif/2/ark%3A%2F21198%2Fz1rz15d6%2F5m383r5m
picart/masters/fre_aju/fre_aju_v7/aju_picart_v07_205.tif,205,205,,,ark:/21198/z1rz15d6,ark:/21198/z1rz15d6/0763x254,Page,succeeded,https://iiif.library.ucla.edu/iiif/2/ark%3A%2F21198%2Fz1rz15d6%2F0763x254
picart/masters/fre_aju/fre_aju_v7/aju_picart_v07_206.tif,206,206,,,ark:/21198/z1rz15d6,ark:/21198/z1rz15d6/4736fh90,Page,succeeded,https://iiif.library.ucla.edu/iiif/2/ark%3A%2F21198%2Fz1rz15d6%2F4736fh90
picart/masters/fre_aju/fre_aju_v7/aju_picart_v07_207.tif,207,207,,,ark:/21198/z1rz15d6,ark:/21198/z1rz15d6/p899bg7j,Page,succeeded,https://iiif.library.ucla.edu/iiif/2/ark%3A%2F21198%2Fz1rz15d6%2Fp899bg7j
picart/masters/fre_aju/fre_aju_v7/aju_picart_v07_208.tif,208,208,,,ark:/21198/z1rz15d6,ark:/21198/z1rz15d6/g7522n82,Page,succeeded,https://iiif.library.ucla.edu/iiif/2/ark%3A%2F21198%2Fz1rz15d6%2Fg7522n82
picart/masters/fre_aju/fre_aju_v7/aju_picart_v07_209.tif,209,209,,,ark:/21198/z1rz15d6,ark:/21198/z1rz15d6/vq58cn8x,Page,succeeded,https://iiif.library.ucla.edu/iiif/2/ark%3A%2F21198%2Fz1rz15d6%2Fvq58cn8x
picart/masters/fre_aju/fre_aju_v7/aju_picart_v07_210.tif,210,210,,,ark:/21198/z1rz15d6,ark:/21198/z1rz15d6/9t340x8m,Page,succeeded,https://iiif.library.ucla.edu/iiif/2/ark%3A%2F21198%2Fz1rz15d6%2F9t340x8m
picart/masters/fre_aju/fre_aju_v7/aju_picart_v07_211.tif,211,211,,,ark:/21198/z1rz15d6,ark:/21198/z1rz15d6/0z558f93,Page,succeeded,https://iiif.library.ucla.edu/iiif/2/ark%3A%2F21198%2Fz1rz15d6%2F0z558f93
picart/masters/fre_aju/fre_aju_v7/aju_picart_v07_212.tif,212,212,,,ark:/21198/z1rz15d6,ark:/21198/z1rz15d6/hd89tk7g,Page,succeeded,https://iiif.library.ucla.edu/iiif/2/ark%3A%2F21198%2Fz1rz15d6%2Fhd89tk7g
picart/masters/fre_aju/fre_aju_v7/aju_picart_v07_213.tif,213,213,,,ark:/21198/z1rz15d6,ark:/21198/z1rz15d6/hr17sh6r,Page,succeeded,https://iiif.library.ucla.edu/iiif/2/ark%3A%2F21198%2Fz1rz15d6%2Fhr17sh6r
picart/masters/fre_aju/fre_aju_v7/aju_picart_v07_214.tif,214,214,,,ark:/21198/z1rz15d6,ark:/21198/z1rz15d6/ms37113d,Page,succeeded,https://iiif.library.ucla.edu/iiif/2/ark%3A%2F21198%2Fz1rz15d6%2Fms37113d
picart/masters/fre_aju/fre_aju_v7/aju_picart_v07_215.tif,215,215,,,ark:/21198/z1rz15d6,ark:/21198/z1rz15d6/p9348092,Page,succeeded,https://iiif.library.ucla.edu/iiif/2/ark%3A%2F21198%2Fz1rz15d6%2Fp9348092
picart/masters/fre_aju/fre_aju_v7/aju_picart_v07_216.tif,216,216,,,ark:/21198/z1rz15d6,ark:/21198/z1rz15d6/hr33s93z,Page,succeeded,https://iiif.library.ucla.edu/iiif/2/ark%3A%2F21198%2Fz1rz15d6%2Fhr33s93z
picart/masters/fre_aju/fre_aju_v7/aju_picart_v07_217.tif,217,217,,,ark:/21198/z1rz15d6,ark:/21198/z1rz15d6/0757xp9w,Page,succeeded,https://iiif.library.ucla.edu/iiif/2/ark%3A%2F21198%2Fz1rz15d6%2F0757xp9w
picart/masters/fre_aju/fre_aju_v7/aju_picart_v07_218.tif,218,218,,,ark:/21198/z1rz15d6,ark:/21198/z1rz15d6/j988m319,Page,succeeded,https://iiif.library.ucla.edu/iiif/2/ark%3A%2F21198%2Fz1rz15d6%2Fj988m319
picart/masters/fre_aju/fre_aju_v7/aju_picart_v07_219.tif,219,219,,,ark:/21198/z1rz15d6,ark:/21198/z1rz15d6/1k83k27j,Page,succeeded,https://iiif.library.ucla.edu/iiif/2/ark%3A%2F21198%2Fz1rz15d6%2F1k83k27j
picart/masters/fre_aju/fre_aju_v7/aju_picart_v07_220.tif,220,220,,,ark:/21198/z1rz15d6,ark:/21198/z1rz15d6/nj84273h,Page,succeeded,https://iiif.library.ucla.edu/iiif/2/ark%3A%2F21198%2Fz1rz15d6%2Fnj84273h
picart/masters/fre_aju/fre_aju_v7/aju_picart_v07_221.tif,221,221,,,ark:/21198/z1rz15d6,ark:/21198/z1rz15d6/gb478q6j,Page,succeeded,https://iiif.library.ucla.edu/iiif/2/ark%3A%2F21198%2Fz1rz15d6%2Fgb478q6j
picart/masters/fre_aju/fre_aju_v7/aju_picart_v07_222.tif,222,222,,,ark:/21198/z1rz15d6,ark:/21198/z1rz15d6/4n93496q,Page,succeeded,https://iiif.library.ucla.edu/iiif/2/ark%3A%2F21198%2Fz1rz15d6%2F4n93496q
picart/masters/fre_aju/fre_aju_v7/aju_picart_v07_223.tif,223,223,,,ark:/21198/z1rz15d6,ark:/21198/z1rz15d6/v802gk14,Page,succeeded,https://iiif.library.ucla.edu/iiif/2/ark%3A%2F21198%2Fz1rz15d6%2Fv802gk14
picart/masters/fre_aju/fre_aju_v7/aju_picart_v07_224.tif,224,224,,,ark:/21198/z1rz15d6,ark:/21198/z1rz15d6/th24jr6k,Page,succeeded,https://iiif.library.ucla.edu/iiif/2/ark%3A%2F21198%2Fz1rz15d6%2Fth24jr6k
picart/masters/fre_aju/fre_aju_v7/aju_picart_v07_225.tif,225,225,,,ark:/21198/z1rz15d6,ark:/21198/z1rz15d6/kp25b842,Page,succeeded,https://iiif.library.ucla.edu/iiif/2/ark%3A%2F21198%2Fz1rz15d6%2Fkp25b842
picart/masters/fre_aju/fre_aju_v7/aju_picart_v07_226.tif,226,226,,,ark:/21198/z1rz15d6,ark:/21198/z1rz15d6/sb19w17q,Page,succeeded,https://iiif.library.ucla.edu/iiif/2/ark%3A%2F21198%2Fz1rz15d6%2Fsb19w17q
picart/masters/fre_aju/fre_aju_v7/aju_picart_v07_227.tif,227,227,,,ark:/21198/z1rz15d6,ark:/21198/z1rz15d6/v5834t29,Page,succeeded,https://iiif.library.ucla.edu/iiif/2/ark%3A%2F21198%2Fz1rz15d6%2Fv5834t29
picart/masters/fre_aju/fre_aju_v7/aju_picart_v07_228.tif,228,228,,,ark:/21198/z1rz15d6,ark:/21198/z1rz15d6/1j065f56,Page,succeeded,https://iiif.library.ucla.edu/iiif/2/ark%3A%2F21198%2Fz1rz15d6%2F1j065f56
picart/masters/fre_aju/fre_aju_v7/aju_picart_v07_229.tif,229,229,,,ark:/21198/z1rz15d6,ark:/21198/z1rz15d6/5d03tz3c,Page,succeeded,https://iiif.library.ucla.edu/iiif/2/ark%3A%2F21198%2Fz1rz15d6%2F5d03tz3c
picart/masters/fre_aju/fre_aju_v7/aju_picart_v07_230.tif,230,230,,,ark:/21198/z1rz15d6,ark:/21198/z1rz15d6/4w77bz7x,Page,succeeded,https://iiif.library.ucla.edu/iiif/2/ark%3A%2F21198%2Fz1rz15d6%2F4w77bz7x
picart/masters/fre_aju/fre_aju_v7/aju_picart_v07_231.tif,231,231,,,ark:/21198/z1rz15d6,ark:/21198/z1rz15d6/hv101b9r,Page,succeeded,https://iiif.library.ucla.edu/iiif/2/ark%3A%2F21198%2Fz1rz15d6%2Fhv101b9r
picart/masters/fre_aju/fre_aju_v7/aju_picart_v07_232.tif,232,232,,,ark:/21198/z1rz15d6,ark:/21198/z1rz15d6/pd98mg68,Page,succeeded,https://iiif.library.ucla.edu/iiif/2/ark%3A%2F21198%2Fz1rz15d6%2Fpd98mg68
picart/masters/fre_aju/fre_aju_v7/aju_picart_v07_233.tif,233,233,,,ark:/21198/z1rz15d6,ark:/21198/z1rz15d6/f135fq1m,Page,succeeded,https://iiif.library.ucla.edu/iiif/2/ark%3A%2F21198%2Fz1rz15d6%2Ff135fq1m
picart/masters/fre_aju/fre_aju_v7/aju_picart_v07_234.tif,234,234,,,ark:/21198/z1rz15d6,ark:/21198/z1rz15d6/tg32j719,Page,succeeded,https://iiif.library.ucla.edu/iiif/2/ark%3A%2F21198%2Fz1rz15d6%2Ftg32j719
picart/masters/fre_aju/fre_aju_v7/aju_picart_v07_235.tif,235,235,,,ark:/21198/z1rz15d6,ark:/21198/z1rz15d6/tm08fd3r,Page,succeeded,https://iiif.library.ucla.edu/iiif/2/ark%3A%2F21198%2Fz1rz15d6%2Ftm08fd3r
picart/masters/fre_aju/fre_aju_v7/aju_picart_v07_236.tif,236,236,,,ark:/21198/z1rz15d6,ark:/21198/z1rz15d6/sq56ns1k,Page,succeeded,https://iiif.library.ucla.edu/iiif/2/ark%3A%2F21198%2Fz1rz15d6%2Fsq56ns1k
picart/masters/fre_aju/fre_aju_v7/aju_picart_v07_237.tif,237,237,,,ark:/21198/z1rz15d6,ark:/21198/z1rz15d6/6948s609,Page,succeeded,https://iiif.library.ucla.edu/iiif/2/ark%3A%2F21198%2Fz1rz15d6%2F6948s609
picart/masters/fre_aju/fre_aju_v7/aju_picart_v07_238.tif,238,238,,,ark:/21198/z1rz15d6,ark:/21198/z1rz15d6/2q51jw2f,Page,succeeded,https://iiif.library.ucla.edu/iiif/2/ark%3A%2F21198%2Fz1rz15d6%2F2q51jw2f
picart/masters/fre_aju/fre_aju_v7/aju_picart_v07_239.tif,239,239,,,ark:/21198/z1rz15d6,ark:/21198/z1rz15d6/ww96vz50,Page,succeeded,https://iiif.library.ucla.edu/iiif/2/ark%3A%2F21198%2Fz1rz15d6%2Fww96vz50
picart/masters/fre_aju/fre_aju_v7/aju_picart_v07_240.tif,240,240,,,ark:/21198/z1rz15d6,ark:/21198/z1rz15d6/hp77mr1v,Page,succeeded,https://iiif.library.ucla.edu/iiif/2/ark%3A%2F21198%2Fz1rz15d6%2Fhp77mr1v
picart/masters/fre_aju/fre_aju_v7/aju_picart_v07_241.tif,241,241,,,ark:/21198/z1rz15d6,ark:/21198/z1rz15d6/08897v20,Page,succeeded,https://iiif.library.ucla.edu/iiif/2/ark%3A%2F21198%2Fz1rz15d6%2F08897v20
picart/masters/fre_aju/fre_aju_v7/aju_picart_v07_242.tif,242,242,,,ark:/21198/z1rz15d6,ark:/21198/z1rz15d6/1800wv30,Page,succeeded,https://iiif.library.ucla.edu/iiif/2/ark%3A%2F21198%2Fz1rz15d6%2F1800wv30
picart/masters/fre_aju/fre_aju_v7/aju_picart_v07_243.tif,243,243,,,ark:/21198/z1rz15d6,ark:/21198/z1rz15d6/5s44rw62,Page,succeeded,https://iiif.library.ucla.edu/iiif/2/ark%3A%2F21198%2Fz1rz15d6%2F5s44rw62
picart/masters/fre_aju/fre_aju_v7/aju_picart_v07_244.tif,244,244,,,ark:/21198/z1rz15d6,ark:/21198/z1rz15d6/rx329k55,Page,succeeded,https://iiif.library.ucla.edu/iiif/2/ark%3A%2F21198%2Fz1rz15d6%2Frx329k55
picart/masters/fre_aju/fre_aju_v7/aju_picart_v07_245.tif,245,245,,,ark:/21198/z1rz15d6,ark:/21198/z1rz15d6/p3056435,Page,succeeded,https://iiif.library.ucla.edu/iiif/2/ark%3A%2F21198%2Fz1rz15d6%2Fp3056435
picart/masters/fre_aju/fre_aju_v7/aju_picart_v07_246.tif,246,246,,,ark:/21198/z1rz15d6,ark:/21198/z1rz15d6/pb97rf89,Page,succeeded,https://iiif.library.ucla.edu/iiif/2/ark%3A%2F21198%2Fz1rz15d6%2Fpb97rf89
picart/masters/fre_aju/fre_aju_v7/aju_picart_v07_247.tif,247,247,,,ark:/21198/z1rz15d6,ark:/21198/z1rz15d6/7c87334q,Page,succeeded,https://iiif.library.ucla.edu/iiif/2/ark%3A%2F21198%2Fz1rz15d6%2F7c87334q
picart/masters/fre_aju/fre_aju_v7/aju_picart_v07_248.tif,248,248,,,ark:/21198/z1rz15d6,ark:/21198/z1rz15d6/gz81zw8b,Page,succeeded,https://iiif.library.ucla.edu/iiif/2/ark%3A%2F21198%2Fz1rz15d6%2Fgz81zw8b
picart/masters/fre_aju/fre_aju_v7/aju_picart_v07_249.tif,249,249,,,ark:/21198/z1rz15d6,ark:/21198/z1rz15d6/6w73rz9v,Page,succeeded,https://iiif.library.ucla.edu/iiif/2/ark%3A%2F21198%2Fz1rz15d6%2F6w73rz9v
picart/masters/fre_aju/fre_aju_v7/aju_picart_v07_250.tif,250,250,,,ark:/21198/z1rz15d6,ark:/21198/z1rz15d6/bs446b6j,Page,succeeded,https://iiif.library.ucla.edu/iiif/2/ark%3A%2F21198%2Fz1rz15d6%2Fbs446b6j
picart/masters/fre_aju/fre_aju_v7/aju_picart_v07_251.tif,251,251,,,ark:/21198/z1rz15d6,ark:/21198/z1rz15d6/dm24gj9z,Page,succeeded,https://iiif.library.ucla.edu/iiif/2/ark%3A%2F21198%2Fz1rz15d6%2Fdm24gj9z
picart/masters/fre_aju/fre_aju_v7/aju_picart_v07_252.tif,252,252,,,ark:/21198/z1rz15d6,ark:/21198/z1rz15d6/f488wm3n,Page,succeeded,https://iiif.library.ucla.edu/iiif/2/ark%3A%2F21198%2Fz1rz15d6%2Ff488wm3n
picart/masters/fre_aju/fre_aju_v7/aju_picart_v07_253.tif,253,253,,,ark:/21198/z1rz15d6,ark:/21198/z1rz15d6/j1433s4m,Page,succeeded,https://iiif.library.ucla.edu/iiif/2/ark%3A%2F21198%2Fz1rz15d6%2Fj1433s4m
picart/masters/fre_aju/fre_aju_v7/aju_picart_v07_254.tif,254,254,,,ark:/21198/z1rz15d6,ark:/21198/z1rz15d6/p207d71g,Page,succeeded,https://iiif.library.ucla.edu/iiif/2/ark%3A%2F21198%2Fz1rz15d6%2Fp207d71g
picart/masters/fre_aju/fre_aju_v7/aju_picart_v07_255.tif,255,255,,,ark:/21198/z1rz15d6,ark:/21198/z1rz15d6/0938qg9p,Page,succeeded,https://iiif.library.ucla.edu/iiif/2/ark%3A%2F21198%2Fz1rz15d6%2F0938qg9p
picart/masters/fre_aju/fre_aju_v7/aju_picart_v07_256.tif,256,256,,,ark:/21198/z1rz15d6,ark:/21198/z1rz15d6/gh459g8j,Page,succeeded,https://iiif.library.ucla.edu/iiif/2/ark%3A%2F21198%2Fz1rz15d6%2Fgh459g8j
picart/masters/fre_aju/fre_aju_v7/aju_picart_v07_257.tif,257,257,,,ark:/21198/z1rz15d6,ark:/21198/z1rz15d6/51806m7p,Page,succeeded,https://iiif.library.ucla.edu/iiif/2/ark%3A%2F21198%2Fz1rz15d6%2F51806m7p
picart/masters/fre_aju/fre_aju_v7/aju_picart_v07_258.tif,258,258,,,ark:/21198/z1rz15d6,ark:/21198/z1rz15d6/h028b83j,Page,succeeded,https://iiif.library.ucla.edu/iiif/2/ark%3A%2F21198%2Fz1rz15d6%2Fh028b83j
picart/masters/fre_aju/fre_aju_v7/aju_picart_v07_259.tif,259,259,,,ark:/21198/z1rz15d6,ark:/21198/z1rz15d6/8v62ww0d,Page,succeeded,https://iiif.library.ucla.edu/iiif/2/ark%3A%2F21198%2Fz1rz15d6%2F8v62ww0d
picart/masters/fre_aju/fre_aju_v7/aju_picart_v07_260.tif,260,260,,,ark:/21198/z1rz15d6,ark:/21198/z1rz15d6/7991f02d,Page,succeeded,https://iiif.library.ucla.edu/iiif/2/ark%3A%2F21198%2Fz1rz15d6%2F7991f02d
picart/masters/fre_aju/fre_aju_v7/aju_picart_v07_261.tif,261,261,,,ark:/21198/z1rz15d6,ark:/21198/z1rz15d6/7k858z55,Page,succeeded,https://iiif.library.ucla.edu/iiif/2/ark%3A%2F21198%2Fz1rz15d6%2F7k858z55
picart/masters/fre_aju/fre_aju_v7/aju_picart_v07_262.tif,262,262,,,ark:/21198/z1rz15d6,ark:/21198/z1rz15d6/q388xq06,Page,succeeded,https://iiif.library.ucla.edu/iiif/2/ark%3A%2F21198%2Fz1rz15d6%2Fq388xq06
picart/masters/fre_aju/fre_aju_v7/aju_picart_v07_263.tif,263,263,,,ark:/21198/z1rz15d6,ark:/21198/z1rz15d6/4q707p7b,Page,succeeded,https://iiif.library.ucla.edu/iiif/2/ark%3A%2F21198%2Fz1rz15d6%2F4q707p7b
picart/masters/fre_aju/fre_aju_v7/aju_picart_v07_264.tif,264,264,,,ark:/21198/z1rz15d6,ark:/21198/z1rz15d6/jz07rc77,Page,succeeded,https://iiif.library.ucla.edu/iiif/2/ark%3A%2F21198%2Fz1rz15d6%2Fjz07rc77
picart/masters/fre_aju/fre_aju_v7/aju_picart_v07_265.tif,265,265,,,ark:/21198/z1rz15d6,ark:/21198/z1rz15d6/xx68bz66,Page,succeeded,https://iiif.library.ucla.edu/iiif/2/ark%3A%2F21198%2Fz1rz15d6%2Fxx68bz66
picart/masters/fre_aju/fre_aju_v7/aju_picart_v07_266.tif,266,266,,,ark:/21198/z1rz15d6,ark:/21198/z1rz15d6/rv373q4v,Page,succeeded,https://iiif.library.ucla.edu/iiif/2/ark%3A%2F21198%2Fz1rz15d6%2Frv373q4v
picart/masters/fre_aju/fre_aju_v7/aju_picart_v07_267.tif,267,267,,,ark:/21198/z1rz15d6,ark:/21198/z1rz15d6/jk896r9r,Page,succeeded,https://iiif.library.ucla.edu/iiif/2/ark%3A%2F21198%2Fz1rz15d6%2Fjk896r9r
picart/masters/fre_aju/fre_aju_v7/aju_picart_v07_268.tif,268,268,,,ark:/21198/z1rz15d6,ark:/21198/z1rz15d6/db73rn57,Page,succeeded,https://iiif.library.ucla.edu/iiif/2/ark%3A%2F21198%2Fz1rz15d6%2Fdb73rn57
picart/masters/fre_aju/fre_aju_v7/aju_picart_v07_269.tif,269,269,,,ark:/21198/z1rz15d6,ark:/21198/z1rz15d6/dh48ws7s,Page,succeeded,https://iiif.library.ucla.edu/iiif/2/ark%3A%2F21198%2Fz1rz15d6%2Fdh48ws7s
picart/masters/fre_aju/fre_aju_v7/aju_picart_v07_270.tif,270,270,,,ark:/21198/z1rz15d6,ark:/21198/z1rz15d6/pp37gg85,Page,succeeded,https://iiif.library.ucla.edu/iiif/2/ark%3A%2F21198%2Fz1rz15d6%2Fpp37gg85
picart/masters/fre_aju/fre_aju_v7/aju_picart_v07_271.tif,271,271,,,ark:/21198/z1rz15d6,ark:/21198/z1rz15d6/3653zp5j,Page,succeeded,https://iiif.library.ucla.edu/iiif/2/ark%3A%2F21198%2Fz1rz15d6%2F3653zp5j
picart/masters/fre_aju/fre_aju_v7/aju_picart_v07_272.tif,272,272,,,ark:/21198/z1rz15d6,ark:/21198/z1rz15d6/2q10r56m,Page,succeeded,https://iiif.library.ucla.edu/iiif/2/ark%3A%2F21198%2Fz1rz15d6%2F2q10r56m
picart/masters/fre_aju/fre_aju_v7/aju_picart_v07_273.tif,273,273,,,ark:/21198/z1rz15d6,ark:/21198/z1rz15d6/dq99p655,Page,succeeded,https://iiif.library.ucla.edu/iiif/2/ark%3A%2F21198%2Fz1rz15d6%2Fdq99p655
picart/masters/fre_aju/fre_aju_v7/aju_picart_v07_274.tif,274,274,,,ark:/21198/z1rz15d6,ark:/21198/z1rz15d6/zz33gb3z,Page,succeeded,https://iiif.library.ucla.edu/iiif/2/ark%3A%2F21198%2Fz1rz15d6%2Fzz33gb3z
picart/masters/fre_aju/fre_aju_v7/aju_picart_v07_275.tif,275,275,,,ark:/21198/z1rz15d6,ark:/21198/z1rz15d6/v552kf9t,Page,succeeded,https://iiif.library.ucla.edu/iiif/2/ark%3A%2F21198%2Fz1rz15d6%2Fv552kf9t
picart/masters/fre_aju/fre_aju_v7/aju_picart_v07_276.tif,276,276,,,ark:/21198/z1rz15d6,ark:/21198/z1rz15d6/p198wm7t,Page,succeeded,https://iiif.library.ucla.edu/iiif/2/ark%3A%2F21198%2Fz1rz15d6%2Fp198wm7t
picart/masters/fre_aju/fre_aju_v7/aju_picart_v07_277.tif,277,277,,,ark:/21198/z1rz15d6,ark:/21198/z1rz15d6/rq396r55,Page,succeeded,https://iiif.library.ucla.edu/iiif/2/ark%3A%2F21198%2Fz1rz15d6%2Frq396r55
picart/masters/fre_aju/fre_aju_v7/aju_picart_v07_278.tif,278,278,,,ark:/21198/z1rz15d6,ark:/21198/z1rz15d6/k3447942,Page,succeeded,https://iiif.library.ucla.edu/iiif/2/ark%3A%2F21198%2Fz1rz15d6%2Fk3447942
picart/masters/fre_aju/fre_aju_v7/aju_picart_v07_279.tif,279,279,,,ark:/21198/z1rz15d6,ark:/21198/z1rz15d6/mk59304q,Page,succeeded,https://iiif.library.ucla.edu/iiif/2/ark%3A%2F21198%2Fz1rz15d6%2Fmk59304q
picart/masters/fre_aju/fre_aju_v7/aju_picart_v07_280.tif,280,280,,,ark:/21198/z1rz15d6,ark:/21198/z1rz15d6/cx52z74m,Page,succeeded,https://iiif.library.ucla.edu/iiif/2/ark%3A%2F21198%2Fz1rz15d6%2Fcx52z74m
picart/masters/fre_aju/fre_aju_v7/aju_picart_v07_281.tif,281,281,,,ark:/21198/z1rz15d6,ark:/21198/z1rz15d6/qq32wz2s,Page,succeeded,https://iiif.library.ucla.edu/iiif/2/ark%3A%2F21198%2Fz1rz15d6%2Fqq32wz2s
picart/masters/fre_aju/fre_aju_v7/aju_picart_v07_282.tif,282,282,,,ark:/21198/z1rz15d6,ark:/21198/z1rz15d6/rm36kj2x,Page,succeeded,https://iiif.library.ucla.edu/iiif/2/ark%3A%2F21198%2Fz1rz15d6%2Frm36kj2x
picart/masters/fre_aju/fre_aju_v7/aju_picart_v07_283.tif,283,283,,,ark:/21198/z1rz15d6,ark:/21198/z1rz15d6/km300m8p,Page,succeeded,https://iiif.library.ucla.edu/iiif/2/ark%3A%2F21198%2Fz1rz15d6%2Fkm300m8p
picart/masters/fre_aju/fre_aju_v7/aju_picart_v07_284.tif,284,284,,,ark:/21198/z1rz15d6,ark:/21198/z1rz15d6/7h05wt8d,Page,succeeded,https://iiif.library.ucla.edu/iiif/2/ark%3A%2F21198%2Fz1rz15d6%2F7h05wt8d
picart/masters/fre_aju/fre_aju_v7/aju_picart_v07_285.tif,285,285,,,ark:/21198/z1rz15d6,ark:/21198/z1rz15d6/fb532321,Page,succeeded,https://iiif.library.ucla.edu/iiif/2/ark%3A%2F21198%2Fz1rz15d6%2Ffb532321
picart/masters/fre_aju/fre_aju_v7/aju_picart_v07_286.tif,286,286,,,ark:/21198/z1rz15d6,ark:/21198/z1rz15d6/7t26qx28,Page,succeeded,https://iiif.library.ucla.edu/iiif/2/ark%3A%2F21198%2Fz1rz15d6%2F7t26qx28
picart/masters/fre_aju/fre_aju_v7/aju_picart_v07_287.tif,287,287,,,ark:/21198/z1rz15d6,ark:/21198/z1rz15d6/m8370t4z,Page,succeeded,https://iiif.library.ucla.edu/iiif/2/ark%3A%2F21198%2Fz1rz15d6%2Fm8370t4z
picart/masters/fre_aju/fre_aju_v7/aju_picart_v07_288.tif,288,288,,,ark:/21198/z1rz15d6,ark:/21198/z1rz15d6/z0589755,Page,succeeded,https://iiif.library.ucla.edu/iiif/2/ark%3A%2F21198%2Fz1rz15d6%2Fz0589755
picart/masters/fre_aju/fre_aju_v7/aju_picart_v07_289.tif,289,289,,,ark:/21198/z1rz15d6,ark:/21198/z1rz15d6/hj69004j,Page,succeeded,https://iiif.library.ucla.edu/iiif/2/ark%3A%2F21198%2Fz1rz15d6%2Fhj69004j
picart/masters/fre_aju/fre_aju_v7/aju_picart_v07_290.tif,290,290,,,ark:/21198/z1rz15d6,ark:/21198/z1rz15d6/3j21dp2v,Page,succeeded,https://iiif.library.ucla.edu/iiif/2/ark%3A%2F21198%2Fz1rz15d6%2F3j21dp2v
picart/masters/fre_aju/fre_aju_v7/aju_picart_v07_291.tif,291,291,,,ark:/21198/z1rz15d6,ark:/21198/z1rz15d6/0m851s1b,Page,succeeded,https://iiif.library.ucla.edu/iiif/2/ark%3A%2F21198%2Fz1rz15d6%2F0m851s1b
picart/masters/fre_aju/fre_aju_v7/aju_picart_v07_292.tif,292,292,,,ark:/21198/z1rz15d6,ark:/21198/z1rz15d6/p441rb7x,Page,succeeded,https://iiif.library.ucla.edu/iiif/2/ark%3A%2F21198%2Fz1rz15d6%2Fp441rb7x
picart/masters/fre_aju/fre_aju_v7/aju_picart_v07_293.tif,293,293,,,ark:/21198/z1rz15d6,ark:/21198/z1rz15d6/8c42zq9w,Page,succeeded,https://iiif.library.ucla.edu/iiif/2/ark%3A%2F21198%2Fz1rz15d6%2F8c42zq9w
picart/masters/fre_aju/fre_aju_v7/aju_picart_v07_294.tif,294,294,,,ark:/21198/z1rz15d6,ark:/21198/z1rz15d6/z117p631,Page,succeeded,https://iiif.library.ucla.edu/iiif/2/ark%3A%2F21198%2Fz1rz15d6%2Fz117p631
picart/masters/fre_aju/fre_aju_v7/aju_picart_v07_295.tif,295,295,,,ark:/21198/z1rz15d6,ark:/21198/z1rz15d6/q417254x,Page,succeeded,https://iiif.library.ucla.edu/iiif/2/ark%3A%2F21198%2Fz1rz15d6%2Fq417254x
picart/masters/fre_aju/fre_aju_v7/aju_picart_v07_296.tif,296,296,,,ark:/21198/z1rz15d6,ark:/21198/z1rz15d6/hf670j9g,Page,succeeded,https://iiif.library.ucla.edu/iiif/2/ark%3A%2F21198%2Fz1rz15d6%2Fhf670j9g
picart/masters/fre_aju/fre_aju_v7/aju_picart_v07_297.tif,297,297,,,ark:/21198/z1rz15d6,ark:/21198/z1rz15d6/qs07v335,Page,succeeded,https://iiif.library.ucla.edu/iiif/2/ark%3A%2F21198%2Fz1rz15d6%2Fqs07v335
picart/masters/fre_aju/fre_aju_v7/aju_picart_v07_298.tif,298,298,,,ark:/21198/z1rz15d6,ark:/21198/z1rz15d6/wf78bs1t,Page,succeeded,https://iiif.library.ucla.edu/iiif/2/ark%3A%2F21198%2Fz1rz15d6%2Fwf78bs1t
picart/masters/fre_aju/fre_aju_v7/aju_picart_v07_299.tif,299,299,,,ark:/21198/z1rz15d6,ark:/21198/z1rz15d6/q048506n,Page,succeeded,https://iiif.library.ucla.edu/iiif/2/ark%3A%2F21198%2Fz1rz15d6%2Fq048506n
picart/masters/fre_aju/fre_aju_v7/aju_picart_v07_300.tif,300,300,,,ark:/21198/z1rz15d6,ark:/21198/z1rz15d6/vk30rc31,Page,succeeded,https://iiif.library.ucla.edu/iiif/2/ark%3A%2F21198%2Fz1rz15d6%2Fvk30rc31
picart/masters/fre_aju/fre_aju_v7/aju_picart_v07_301.tif,301,301,,,ark:/21198/z1rz15d6,ark:/21198/z1rz15d6/mk993b8k,Page,succeeded,https://iiif.library.ucla.edu/iiif/2/ark%3A%2F21198%2Fz1rz15d6%2Fmk993b8k
picart/masters/fre_aju/fre_aju_v7/aju_picart_v07_302.tif,302,302,,,ark:/21198/z1rz15d6,ark:/21198/z1rz15d6/z708gr1v,Page,succeeded,https://iiif.library.ucla.edu/iiif/2/ark%3A%2F21198%2Fz1rz15d6%2Fz708gr1v
picart/masters/fre_aju/fre_aju_v7/aju_picart_v07_303.tif,303,303,,,ark:/21198/z1rz15d6,ark:/21198/z1rz15d6/mx03hp6v,Page,succeeded,https://iiif.library.ucla.edu/iiif/2/ark%3A%2F21198%2Fz1rz15d6%2Fmx03hp6v
picart/masters/fre_aju/fre_aju_v7/aju_picart_v07_304.tif,304,304,,,ark:/21198/z1rz15d6,ark:/21198/z1rz15d6/x1991c9j,Page,succeeded,https://iiif.library.ucla.edu/iiif/2/ark%3A%2F21198%2Fz1rz15d6%2Fx1991c9j
picart/masters/fre_aju/fre_aju_v7/aju_picart_v07_305.tif,305,305,,,ark:/21198/z1rz15d6,ark:/21198/z1rz15d6/20818v4n,Page,succeeded,https://iiif.library.ucla.edu/iiif/2/ark%3A%2F21198%2Fz1rz15d6%2F20818v4n
picart/masters/fre_aju/fre_aju_v7/aju_picart_v07_306.tif,306,306,,,ark:/21198/z1rz15d6,ark:/21198/z1rz15d6/n1721c9v,Page,succeeded,https://iiif.library.ucla.edu/iiif/2/ark%3A%2F21198%2Fz1rz15d6%2Fn1721c9v
picart/masters/fre_aju/fre_aju_v7/aju_picart_v07_307.tif,307,307,,,ark:/21198/z1rz15d6,ark:/21198/z1rz15d6/6x695j1s,Page,succeeded,https://iiif.library.ucla.edu/iiif/2/ark%3A%2F21198%2Fz1rz15d6%2F6x695j1s
picart/masters/fre_aju/fre_aju_v7/aju_picart_v07_308.tif,308,308,,,ark:/21198/z1rz15d6,ark:/21198/z1rz15d6/kz96bm95,Page,succeeded,https://iiif.library.ucla.edu/iiif/2/ark%3A%2F21198%2Fz1rz15d6%2Fkz96bm95
picart/masters/fre_aju/fre_aju_v7/aju_picart_v07_309.tif,309,309,,,ark:/21198/z1rz15d6,ark:/21198/z1rz15d6/7d627h5s,Page,succeeded,https://iiif.library.ucla.edu/iiif/2/ark%3A%2F21198%2Fz1rz15d6%2F7d627h5s
picart/masters/fre_aju/fre_aju_v7/aju_picart_v07_310.tif,310,310,,,ark:/21198/z1rz15d6,ark:/21198/z1rz15d6/mn55803r,Page,succeeded,https://iiif.library.ucla.edu/iiif/2/ark%3A%2F21198%2Fz1rz15d6%2Fmn55803r
picart/masters/fre_aju/fre_aju_v7/aju_picart_v07_311.tif,311,311,,,ark:/21198/z1rz15d6,ark:/21198/z1rz15d6/6c086q12,Page,succeeded,https://iiif.library.ucla.edu/iiif/2/ark%3A%2F21198%2Fz1rz15d6%2F6c086q12
picart/masters/fre_aju/fre_aju_v7/aju_picart_v07_312.tif,312,312,,,ark:/21198/z1rz15d6,ark:/21198/z1rz15d6/br81105n,Page,succeeded,https://iiif.library.ucla.edu/iiif/2/ark%3A%2F21198%2Fz1rz15d6%2Fbr81105n
picart/masters/fre_aju/fre_aju_v7/aju_picart_v07_313.tif,313,313,,,ark:/21198/z1rz15d6,ark:/21198/z1rz15d6/qj37t89w,Page,succeeded,https://iiif.library.ucla.edu/iiif/2/ark%3A%2F21198%2Fz1rz15d6%2Fqj37t89w
picart/masters/fre_aju/fre_aju_v7/aju_picart_v07_314.tif,314,314,,,ark:/21198/z1rz15d6,ark:/21198/z1rz15d6/ff02f936,Page,succeeded,https://iiif.library.ucla.edu/iiif/2/ark%3A%2F21198%2Fz1rz15d6%2Fff02f936
picart/masters/fre_aju/fre_aju_v7/aju_picart_v07_315.tif,315,315,,,ark:/21198/z1rz15d6,ark:/21198/z1rz15d6/fd70nx23,Page,succeeded,https://iiif.library.ucla.edu/iiif/2/ark%3A%2F21198%2Fz1rz15d6%2Ffd70nx23
picart/masters/fre_aju/fre_aju_v7/aju_picart_v07_316.tif,316,316,,,ark:/21198/z1rz15d6,ark:/21198/z1rz15d6/jk822397,Page,succeeded,https://iiif.library.ucla.edu/iiif/2/ark%3A%2F21198%2Fz1rz15d6%2Fjk822397
picart/masters/fre_aju/fre_aju_v7/aju_picart_v07_317.tif,317,317,,,ark:/21198/z1rz15d6,ark:/21198/z1rz15d6/3952346d,Page,succeeded,https://iiif.library.ucla.edu/iiif/2/ark%3A%2F21198%2Fz1rz15d6%2F3952346d
picart/masters/fre_aju/fre_aju_v7/aju_picart_v07_318.tif,318,318,,,ark:/21198/z1rz15d6,ark:/21198/z1rz15d6/4b93f02s,Page,succeeded,https://iiif.library.ucla.edu/iiif/2/ark%3A%2F21198%2Fz1rz15d6%2F4b93f02s
picart/masters/fre_aju/fre_aju_v7/aju_picart_v07_319.tif,319,319,,,ark:/21198/z1rz15d6,ark:/21198/z1rz15d6/vb16dk5v,Page,succeeded,https://iiif.library.ucla.edu/iiif/2/ark%3A%2F21198%2Fz1rz15d6%2Fvb16dk5v
picart/masters/fre_aju/fre_aju_v7/aju_picart_v07_320.tif,320,320,,,ark:/21198/z1rz15d6,ark:/21198/z1rz15d6/0q851c64,Page,succeeded,https://iiif.library.ucla.edu/iiif/2/ark%3A%2F21198%2Fz1rz15d6%2F0q851c64
picart/masters/fre_aju/fre_aju_v7/aju_picart_v07_321.tif,321,321,,,ark:/21198/z1rz15d6,ark:/21198/z1rz15d6/s351q05s,Page,succeeded,https://iiif.library.ucla.edu/iiif/2/ark%3A%2F21198%2Fz1rz15d6%2Fs351q05s
picart/masters/fre_aju/fre_aju_v7/aju_picart_v07_322.tif,322,322,,,ark:/21198/z1rz15d6,ark:/21198/z1rz15d6/7511756r,Page,succeeded,https://iiif.library.ucla.edu/iiif/2/ark%3A%2F21198%2Fz1rz15d6%2F7511756r
