"Project Name","Item ARK","Parent ARK","Item Status ID","Item Status","Object Type","File Name","Item Sequence","Duplicate","Delete in Title","Type.typeOfResource","Rights.copyrightStatus","viewingHint","Text direction","Visibility","IIIF Access URL","IIIF Range","Rights.publicationStatus","Language","Subject.conceptTopic","Type.genre","Name.repository","Title","Format.extent","Date.normalized","Date.creation","Description.note","AltTitle.uniform","OPAC URL","Description.abstract","AltTitle.other","Place of origin","Publisher.publisherName","Relation.isPartOf","IIIF Manifest URL"
"Protesta Humana, La, Collection","ark:/21198/zz0025hqmb","","2","Completed","Collection","","","","","text","pd","","","","","","published","ita|~|spa","Anarchism $z Argentina $v Periodicals|~|Working class $z Argentina $v Periodicals","newspapers","University of California, Los Angeles. $b Library. $b Dept. of Special Collections","Protesta Humana (La) : periódico anarquista","volumes : illustrations","1897/1902","1, no. 1 (13 jun. 1897) no. 20 (26 dic 1897); 2, no.21 (21 ene 1898) - no.50 (18 dic 1891); 3, no.51 (1 ene 1898) - no.85 (27 may 1900); 4, no.86 (10 jun 1900) no. 98 (10 nov 1900); no.100 (24 nov 1900); 5 no.102 (8 dic 1900) - no.119 (20 abr 1901); no.128 (22 jun 1901) - no.129 (29 jun 1901); no. 139 (7 sep 1901); no.141 (28 sep 1901); 6, no.174 (17 may 19020; no.184 (26 jul 1902); no.188 (23 ago 1902).","Some issues in Italian.|~|Subtitle varies.|~|Title varies: La protesta","Protesta humana, (La) (Buenos Aires)","https://catalog.library.ucla.edu/vwebv/holdingsInfo?bibId=6841251","Anarchist newspaper published in Buenos Aires during the late nineteenth century. [Periódico anarquista publicado en Buenos Aires durante el siglo XIX.]","Periódico anarquista|~|Protesta","Buenos Aires, Argentina","publisher not identified","Collection of Newspapers Published by Latin American Labor Movements (Collection 1425).|~|Latin American Newspapers: Socialist, Anarchist, Communist.","https://iiif.library.ucla.edu/collections/ark%3A%2F21198%2Fzz0025hqmb"
"Protesta Humana, La, Collection","ark:/21198/zz0025hr11","ark:/21198/zz0025hqmb","2","Completed","Work","","","","","text","pd","paged","","","","","published","spa","","newspapers","","Año 1, número 1. 13 junio 1897","4 pages","1897-06-13","13 junio 1897","","","","","","","","","https://iiif.library.ucla.edu/ark%3A%2F21198%2Fzz0025hr11/manifest"
"Protesta Humana, La, Collection","ark:/21198/zz0025htvd","ark:/21198/zz0025hqmb","2","Completed","Work","","","","","text","pd","paged","","","","","published","spa","","newspapers","","Año 1, número 2. 27 junio 1897","4 pages","1897-06-27","27 junio 1897","","","","","","","","","https://iiif.library.ucla.edu/ark%3A%2F21198%2Fzz0025htvd/manifest"
"Protesta Humana, La, Collection","ark:/21198/zz0025hv1g","ark:/21198/zz0025hqmb","2","Completed","Work","","","","","text","pd","paged","","","","","published","spa","","newspapers","","Año 1, número 3. 15 julio 1897","4 pages","1897-07-15","15 julio 1897","","","","","","","","","https://iiif.library.ucla.edu/ark%3A%2F21198%2Fzz0025hv1g/manifest"
"Protesta Humana, La, Collection","ark:/21198/zz0025hv62","ark:/21198/zz0025hqmb","2","Completed","Work","","","","","text","pd","paged","","","","","published","spa","","newspapers","","Año 1, número 4. 1 agosto 1897","4 pages","1897-08-01","1 agosto 1897","","","","","","","","","https://iiif.library.ucla.edu/ark%3A%2F21198%2Fzz0025hv62/manifest"
"Protesta Humana, La, Collection","ark:/21198/zz0025hvcn","ark:/21198/zz0025hqmb","2","Completed","Work","","","","","text","pd","paged","","","","","published","spa","","newspapers","","Año 1, número 5. 19 agosto 1897","4 pages","1897-08-19","19 agosto 1897","","","","","","","","","https://iiif.library.ucla.edu/ark%3A%2F21198%2Fzz0025hvcn/manifest"
"Protesta Humana, La, Collection","ark:/21198/zz0025hvj7","ark:/21198/zz0025hqmb","2","Completed","Work","","","","","text","pd","paged","","","","","published","spa","","newspapers","","Año 1, número 6. 2 septiembre 1897","4 pages","1897-09-02","2 septiembre 1897","","","","","","","","","https://iiif.library.ucla.edu/ark%3A%2F21198%2Fzz0025hvj7/manifest"
"Protesta Humana, La, Collection","ark:/21198/zz0025hw8k","ark:/21198/zz0025hqmb","2","Completed","Work","","","","","text","pd","paged","","","","","published","spa","","newspapers","","Año 1, número 7. 15 septiembre 1897","4 pages","1897-09-15","15 septiembre 1897","","","","","","","","","https://iiif.library.ucla.edu/ark%3A%2F21198%2Fzz0025hw8k/manifest"
"Protesta Humana, La, Collection","ark:/21198/zz0025hw93","ark:/21198/zz0025hqmb","2","Completed","Work","","","","","text","pd","paged","","","","","published","spa","","newspapers","","Año 1, número 8. 1 octubre 1897","4 pages","1897-10-01","1 octubre 1897","","","","","","","","","https://iiif.library.ucla.edu/ark%3A%2F21198%2Fzz0025hw93/manifest"
"Protesta Humana, La, Collection","ark:/21198/zz0025hwbm","ark:/21198/zz0025hqmb","2","Completed","Work","","","","","text","pd","paged","","","","","published","spa","","newspapers","","Año 1, número 9. 10 octubre 1897","4 pages","1897-10-10","10 octubre 1897","","","","","","","","","https://iiif.library.ucla.edu/ark%3A%2F21198%2Fzz0025hwbm/manifest"
"Protesta Humana, La, Collection","ark:/21198/zz0025hwc4","ark:/21198/zz0025hqmb","2","Completed","Work","","","","","text","pd","paged","","","","","published","spa","","newspapers","","Año 1, número 10. 17 octubre 1897","4 pages","1897-10-17","17 octubre 1897","","","","","","","","","https://iiif.library.ucla.edu/ark%3A%2F21198%2Fzz0025hwc4/manifest"
"Protesta Humana, La, Collection","ark:/21198/zz0025hwdn","ark:/21198/zz0025hqmb","2","Completed","Work","","","","","text","pd","paged","","","","","published","spa","","newspapers","","Año 1, número 11. 24 octubre 1897","4 pages","1897-10-24","24 octubre 1897","","","","","","","","","https://iiif.library.ucla.edu/ark%3A%2F21198%2Fzz0025hwdn/manifest"
"Protesta Humana, La, Collection","ark:/21198/zz0025hwf5","ark:/21198/zz0025hqmb","2","Completed","Work","","","","","text","pd","paged","","","","","published","spa","","newspapers","","Año 1, número 12. 31 octubre 1897","4 pages","1897-10-31","31 octubre 1897","","","","","","","","","https://iiif.library.ucla.edu/ark%3A%2F21198%2Fzz0025hwf5/manifest"
"Protesta Humana, La, Collection","ark:/21198/zz0025hxg5","ark:/21198/zz0025hqmb","2","Completed","Work","","","","","text","pd","paged","","","","","published","spa","","newspapers","","Año 1, número 13. 7 noviembre 1897","4 pages","1897-11-07","7 noviembre 1897","","","","","","","","","https://iiif.library.ucla.edu/ark%3A%2F21198%2Fzz0025hxg5/manifest"
"Protesta Humana, La, Collection","ark:/21198/zz0025hxhp","ark:/21198/zz0025hqmb","2","Completed","Work","","","","","text","pd","paged","","","","","published","spa","","newspapers","","Año 1, número 14. 14 noviembre 1897","4 pages","1897-11-14","14 noviembre 1897","","","","","","","","","https://iiif.library.ucla.edu/ark%3A%2F21198%2Fzz0025hxhp/manifest"
"Protesta Humana, La, Collection","ark:/21198/zz0025hxj6","ark:/21198/zz0025hqmb","2","Completed","Work","","","","","text","pd","paged","","","","","published","spa","","newspapers","","Año 1, número 15. 21 noviembre 1897","4 pages","1897-11-21","21 noviembre 1897","","","","","","","","","https://iiif.library.ucla.edu/ark%3A%2F21198%2Fzz0025hxj6/manifest"
"Protesta Humana, La, Collection","ark:/21198/zz0025hxkq","ark:/21198/zz0025hqmb","2","Completed","Work","","","","","text","pd","paged","","","","","published","spa","","newspapers","","Año 1, número 16. 28 noviembre 1897","4 pages","1897-11-28","28 noviembre 1897","","","","","","","","","https://iiif.library.ucla.edu/ark%3A%2F21198%2Fzz0025hxkq/manifest"
"Protesta Humana, La, Collection","ark:/21198/zz0025hxm7","ark:/21198/zz0025hqmb","2","Completed","Work","","","","","text","pd","paged","","","","","published","spa","","newspapers","","Año 1, número 17. 5 diciembre 1897","4 pages","1897-12-05","5 diciembre 1897","","","","","","","","","https://iiif.library.ucla.edu/ark%3A%2F21198%2Fzz0025hxm7/manifest"
"Protesta Humana, La, Collection","ark:/21198/zz0025hxnr","ark:/21198/zz0025hqmb","2","Completed","Work","","","","","text","pd","paged","","","","","published","spa","","newspapers","","Año 1, número 18. 12 diciembre 1897","4 pages","1897-12-12","12 diciembre 1897","","","","","","","","","https://iiif.library.ucla.edu/ark%3A%2F21198%2Fzz0025hxnr/manifest"
"Protesta Humana, La, Collection","ark:/21198/zz0025j2wr","ark:/21198/zz0025hqmb","2","Completed","Work","","","","","text","pd","paged","","","","","published","spa","","newspapers","","Año 1, número 19. 19 diciembre 1897","4 pages","1897-12-19","19 diciembre 1897","","","","","","","","","https://iiif.library.ucla.edu/ark%3A%2F21198%2Fzz0025j2wr/manifest"
"Protesta Humana, La, Collection","ark:/21198/zz0025j2x8","ark:/21198/zz0025hqmb","2","Completed","Work","","","","","text","pd","paged","","","","","published","spa","","newspapers","","Año 1, número 20. 26 diciembre 1897","4 pages","1897-12-26","26 diciembre 1897","","","","","","","","","https://iiif.library.ucla.edu/ark%3A%2F21198%2Fzz0025j2x8/manifest"
"Protesta Humana, La, Collection","ark:/21198/zz0025j2zs","ark:/21198/zz0025hqmb","2","Completed","Work","","","","","text","pd","paged","","","","","published","spa","","newspapers","","Año 2, número 21. 2 enero 1898","4 pages","1898-01-02","2 enero 1898","","","","","","","","","https://iiif.library.ucla.edu/ark%3A%2F21198%2Fzz0025j2zs/manifest"
"Protesta Humana, La, Collection","ark:/21198/zz0025j30s","ark:/21198/zz0025hqmb","2","Completed","Work","","","","","text","pd","paged","","","","","published","spa","","newspapers","","Año 2, número 22. 9 enero, 1898","4 pages","1898-01-09","9 enero 1898","","","","","","","","","https://iiif.library.ucla.edu/ark%3A%2F21198%2Fzz0025j30s/manifest"
"Protesta Humana, La, Collection","ark:/21198/zz0025j319","ark:/21198/zz0025hqmb","2","Completed","Work","","","","","text","pd","paged","","","","","published","spa","","newspapers","","Año 2, número 23. 16 enero 1898","4 pages","1898-01-16","16 enero 1898","","","","","","","","","https://iiif.library.ucla.edu/ark%3A%2F21198%2Fzz0025j319/manifest"
"Protesta Humana, La, Collection","ark:/21198/zz0025j32t","ark:/21198/zz0025hqmb","2","Completed","Work","","","","","text","pd","paged","","","","","published","spa","","newspapers","","Año 2, número 24. 23 enero 1898","4 pages","1898-01-23","23 enero 1898","","","","","","","","","https://iiif.library.ucla.edu/ark%3A%2F21198%2Fzz0025j32t/manifest"
"Protesta Humana, La, Collection","ark:/21198/zz0025jb47","ark:/21198/zz0025hqmb","2","Completed","Work","","","","","text","pd","paged","","","","","published","spa","","newspapers","","Año 2, número 25. 30 enero 1898","4 pages","1898-01-30","30 enero 1898","","","","","","","","","https://iiif.library.ucla.edu/ark%3A%2F21198%2Fzz0025jb47/manifest"
"Protesta Humana, La, Collection","ark:/21198/zz0025jb5r","ark:/21198/zz0025hqmb","2","Completed","Work","","","","","text","pd","paged","","","","","published","spa","","newspapers","","Año 2, número 26. 6 febrero 1898","4 pages","1898-02-06","6 febrero 1898","","","","","","","","","https://iiif.library.ucla.edu/ark%3A%2F21198%2Fzz0025jb5r/manifest"
"Protesta Humana, La, Collection","ark:/21198/zz0025jb68","ark:/21198/zz0025hqmb","2","Completed","Work","","","","","text","pd","paged","","","","","published","spa","","newspapers","","Año 2, número 27. 13 febrero 1898","4 pages","1898-02-13","13 febrero 1898","","","","","","","","","https://iiif.library.ucla.edu/ark%3A%2F21198%2Fzz0025jb68/manifest"
"Protesta Humana, La, Collection","ark:/21198/zz0025jb7s","ark:/21198/zz0025hqmb","2","Completed","Work","","","","","text","pd","paged","","","","","published","spa","","newspapers","","Año 2, número 28. 20 febrero, 1898","4 pages","1898-02-20","20 febrero 1898","","","","","","","","","https://iiif.library.ucla.edu/ark%3A%2F21198%2Fzz0025jb7s/manifest"
"Protesta Humana, La, Collection","ark:/21198/zz0025jb89","ark:/21198/zz0025hqmb","2","Completed","Work","","","","","text","pd","paged","","","","","published","spa","","newspapers","","Año 2, número 29. 27 febrero 1898","4 pages","1898-02-27","27 febrero 1898","","","","","","","","","https://iiif.library.ucla.edu/ark%3A%2F21198%2Fzz0025jb89/manifest"
"Protesta Humana, La, Collection","ark:/21198/zz0025jb9t","ark:/21198/zz0025hqmb","2","Completed","Work","","","","","text","pd","paged","","","","","published","spa","","newspapers","","Año 2, número 30. 6 marzo 1898","4 pages","1898-03-06","6 marzo 1898","","","","","","","","","https://iiif.library.ucla.edu/ark%3A%2F21198%2Fzz0025jb9t/manifest"
"Protesta Humana, La, Collection","ark:/21198/zz0025k0g1","ark:/21198/zz0025hqmb","2","Completed","Work","","","","","text","pd","paged","","","","","published","spa","","newspapers","","Año 2, número 31. 18 marzo 1898","4 pages","1898-03-18","18 marzo 1898","","","","","","","","","https://iiif.library.ucla.edu/ark%3A%2F21198%2Fzz0025k0g1/manifest"
"Protesta Humana, La, Collection","ark:/21198/zz0025k0hj","ark:/21198/zz0025hqmb","2","Completed","Work","","","","","text","pd","paged","","","","","published","spa","","newspapers","","Año 2, número 32. 1 abril 1898","4 pages","1898-04-01","1 abril 1898","","","","","","","","","https://iiif.library.ucla.edu/ark%3A%2F21198%2Fzz0025k0hj/manifest"
"Protesta Humana, La, Collection","ark:/21198/zz0025k0j2","ark:/21198/zz0025hqmb","2","Completed","Work","","","","","text","pd","paged","","","","","published","spa","","newspapers","","Año 2, número 33. 17 abril 1898","4 pages","1898-04-17","17 abril 1898","","","","","","","","","https://iiif.library.ucla.edu/ark%3A%2F21198%2Fzz0025k0j2/manifest"
"Protesta Humana, La, Collection","ark:/21198/zz0025k0kk","ark:/21198/zz0025hqmb","2","Completed","Work","","","","","text","pd","paged","","","","","published","spa","","newspapers","","Año 2, número 34. 1 mayo 1898","4 pages","1898-05-01","1 mayo 1898","","","","","","","","","https://iiif.library.ucla.edu/ark%3A%2F21198%2Fzz0025k0kk/manifest"
"Protesta Humana, La, Collection","ark:/21198/zz0025k0m3","ark:/21198/zz0025hqmb","2","Completed","Work","","","","","text","pd","paged","","","","","published","spa","","newspapers","","Año 2, número 35. 15 mayo 1898","4 pages","1898-05-15","15 mayo 1898","","","","","","","","","https://iiif.library.ucla.edu/ark%3A%2F21198%2Fzz0025k0m3/manifest"
"Protesta Humana, La, Collection","ark:/21198/zz0025k0nm","ark:/21198/zz0025hqmb","2","Completed","Work","","","","","text","pd","paged","","","","","published","spa","","newspapers","","Año 2, número 36. 29 mayo 1898","4 pages","1898-05-29","29 mayo 1898","","","","","","","","","https://iiif.library.ucla.edu/ark%3A%2F21198%2Fzz0025k0nm/manifest"
"Protesta Humana, La, Collection","ark:/21198/zz0025k8vk","ark:/21198/zz0025hqmb","2","Completed","Work","","","","","text","pd","paged","","","","","published","spa","","newspapers","","Año 2, número 37. 12 junio, 1898","4 pages","1898-06-12","12 junio 1898","","","","","","","","","https://iiif.library.ucla.edu/ark%3A%2F21198%2Fzz0025k8vk/manifest"
"Protesta Humana, La, Collection","ark:/21198/zz0025k8w3","ark:/21198/zz0025hqmb","2","Completed","Work","","","","","text","pd","paged","","","","","published","spa","","newspapers","","Año 2, número 38. 26 junio 1898","4 pages","1898-06-26","26 junio 1898","","","","","","","","","https://iiif.library.ucla.edu/ark%3A%2F21198%2Fzz0025k8w3/manifest"
"Protesta Humana, La, Collection","ark:/21198/zz0025k8xm","ark:/21198/zz0025hqmb","2","Completed","Work","","","","","text","pd","paged","","","","","published","spa","","newspapers","","Año 2, número 39. 10 julio 1898","4 pages","1898-07-10","10 julio 1898","","","","","","","","","https://iiif.library.ucla.edu/ark%3A%2F21198%2Fzz0025k8xm/manifest"
"Protesta Humana, La, Collection","ark:/21198/zz0025k8z4","ark:/21198/zz0025hqmb","2","Completed","Work","","","","","text","pd","paged","","","","","published","spa","","newspapers","","Año 2, número 40. 24 julio 1898","4 pages","1898-07-24","24 julio 1898","","","","","","","","","https://iiif.library.ucla.edu/ark%3A%2F21198%2Fzz0025k8z4/manifest"
"Protesta Humana, La, Collection","ark:/21198/zz0025k904","ark:/21198/zz0025hqmb","2","Completed","Work","","","","","text","pd","paged","","","","","published","spa","","newspapers","","Año 2, número 41. 7 agosto 1898","4 pages","1898-08-07","7 agosto 1898","","","","","","","","","https://iiif.library.ucla.edu/ark%3A%2F21198%2Fzz0025k904/manifest"
"Protesta Humana, La, Collection","ark:/21198/zz0025k91n","ark:/21198/zz0025hqmb","2","Completed","Work","","","","","text","pd","paged","","","","","published","spa","","newspapers","","Año 2, número 42. 21 agosto 1898","4 pages","1898-08-21","21 agosto 1898","","","","","","","","","https://iiif.library.ucla.edu/ark%3A%2F21198%2Fzz0025k91n/manifest"
"Protesta Humana, La, Collection","ark:/21198/zz0025km6k","ark:/21198/zz0025hqmb","2","Completed","Work","","","","","text","pd","paged","","","","","published","spa","","newspapers","","Año 2, número 43. 4 septiembre 1898","4 pages","1898-09-04","4 septiembre 1898","","","","","","","","","https://iiif.library.ucla.edu/ark%3A%2F21198%2Fzz0025km6k/manifest"
"Protesta Humana, La, Collection","ark:/21198/zz0025km73","ark:/21198/zz0025hqmb","2","Completed","Work","","","","","text","pd","paged","","","","","published","spa","","newspapers","","Año 2, número 44. 25 septiembre 1898","4 pages","1898-09-25","25 septiembre 1898","","","","","","","","","https://iiif.library.ucla.edu/ark%3A%2F21198%2Fzz0025km73/manifest"
"Protesta Humana, La, Collection","ark:/21198/zz0025km8m","ark:/21198/zz0025hqmb","2","Completed","Work","","","","","text","pd","paged","","","","","published","spa","","newspapers","","Año 2, número 45. 9 octubre 1898","4 pages","1898-10-09","9 octubre 1898","","","","","","","","","https://iiif.library.ucla.edu/ark%3A%2F21198%2Fzz0025km8m/manifest"
"Protesta Humana, La, Collection","ark:/21198/zz0025kmbn","ark:/21198/zz0025hqmb","2","Completed","Work","","","","","text","pd","paged","","","","","published","spa","","newspapers","","Año 2, número 46. 23 octubre 1898","4 pages","1898-10-23","23 octubre 1898","","","","","","","","","https://iiif.library.ucla.edu/ark%3A%2F21198%2Fzz0025kmbn/manifest"
"Protesta Humana, La, Collection","ark:/21198/zz0025kmc5","ark:/21198/zz0025hqmb","2","Completed","Work","","","","","text","pd","paged","","","","","published","spa","","newspapers","","Año 2, número 47. 6 noviembre 1898","4 pages","1898-11-06","6 noviembre 1898","","","","","","","","","https://iiif.library.ucla.edu/ark%3A%2F21198%2Fzz0025kmc5/manifest"
"Protesta Humana, La, Collection","ark:/21198/zz0025kmdp","ark:/21198/zz0025hqmb","2","Completed","Work","","","","","text","pd","paged","","","","","published","spa","","newspapers","","Año 2, número 48. 20 noviembre 1898","4 pages","1898-11-20","20 noviembre 1898","","","","","","","","","https://iiif.library.ucla.edu/ark%3A%2F21198%2Fzz0025kmdp/manifest"
"Protesta Humana, La, Collection","ark:/21198/zz0025kx8z","ark:/21198/zz0025hqmb","2","Completed","Work","","","","","text","pd","paged","","","","","published","spa","","newspapers","","Año 2, número 49. 4 diciembre 1898","4 pages","1898-12-04","4 diciembre 1898","","","","","","","","","https://iiif.library.ucla.edu/ark%3A%2F21198%2Fzz0025kx8z/manifest"
"Protesta Humana, La, Collection","ark:/21198/zz0025kx9g","ark:/21198/zz0025hqmb","2","Completed","Work","","","","","text","pd","paged","","","","","published","spa","","newspapers","","Año 2, número 50. 18 diciembre 1898","4 pages","1898-12-18","18 diciembre 1898","","","","","","","","","https://iiif.library.ucla.edu/ark%3A%2F21198%2Fzz0025kx9g/manifest"
"Protesta Humana, La, Collection","ark:/21198/zz0025kxb0","ark:/21198/zz0025hqmb","2","Completed","Work","","","","","text","pd","paged","","","","","published","spa","","newspapers","","Año 3, número 51. 1 enero 1899","4 pages","1899-01-01","1 enero 1899","","","","","","","","","https://iiif.library.ucla.edu/ark%3A%2F21198%2Fzz0025kxb0/manifest"
"Protesta Humana, La, Collection","ark:/21198/zz0025kxch","ark:/21198/zz0025hqmb","2","Completed","Work","","","","","text","pd","paged","","","","","published","spa","","newspapers","","Año 3, número 52. 15 enero 1899","4 pages","1899-01-15","15 enero 1899","","","","","","","","","https://iiif.library.ucla.edu/ark%3A%2F21198%2Fzz0025kxch/manifest"
"Protesta Humana, La, Collection","ark:/21198/zz0025kxd1","ark:/21198/zz0025hqmb","2","Completed","Work","","","","","text","pd","paged","","","","","published","spa","","newspapers","","Año 3, número 53. 29 enero 1899","4 pages","1899-01-29","29 enero 1899","","","","","","","","","https://iiif.library.ucla.edu/ark%3A%2F21198%2Fzz0025kxd1/manifest"
"Protesta Humana, La, Collection","ark:/21198/zz0025kxfj","ark:/21198/zz0025hqmb","2","Completed","Work","","","","","text","pd","paged","","","","","published","spa","","newspapers","","Año 3, número 54. 12 febrero 1899","4 pages","1899-02-12","12 febrero 1899","","","","","","","","","https://iiif.library.ucla.edu/ark%3A%2F21198%2Fzz0025kxfj/manifest"
"Protesta Humana, La, Collection","ark:/21198/zz0025m0df","ark:/21198/zz0025hqmb","2","Completed","Work","","","","","text","pd","paged","","","","","published","spa","","newspapers","","Año 3, número 55. 26 febrero 1899","4 pages","1899-02-26","26 febrero 1899","","","","","","","","","https://iiif.library.ucla.edu/ark%3A%2F21198%2Fzz0025m0df/manifest"
"Protesta Humana, La, Collection","ark:/21198/zz0025m0fz","ark:/21198/zz0025hqmb","2","Completed","Work","","","","","text","pd","paged","","","","","published","spa","","newspapers","","Año 3, número 56. 26 marzo 1899","4 pages","1899-03-26","26 marzo 1899","","","","","","","","","https://iiif.library.ucla.edu/ark%3A%2F21198%2Fzz0025m0fz/manifest"
"Protesta Humana, La, Collection","ark:/21198/zz0025m0gg","ark:/21198/zz0025hqmb","2","Completed","Work","","","","","text","pd","paged","","","","","published","spa","","newspapers","","Año 3, número 57. 15 abril 1899","4 pages","1899-04-15","15 abril 1899","","","","","","","","","https://iiif.library.ucla.edu/ark%3A%2F21198%2Fzz0025m0gg/manifest"
"Protesta Humana, La, Collection","ark:/21198/zz0025m0h0","ark:/21198/zz0025hqmb","2","Completed","Work","","","","","text","pd","paged","","","","","published","spa","","newspapers","","Año 3, número 58. 14 mayo 1899","4 pages","1899-05-14","14 mayo 1899","","","","","","","","","https://iiif.library.ucla.edu/ark%3A%2F21198%2Fzz0025m0h0/manifest"
"Protesta Humana, La, Collection","ark:/21198/zz0025m0jh","ark:/21198/zz0025hqmb","2","Completed","Work","","","","","text","pd","paged","","","","","published","spa","","newspapers","","Año 3, número 59. 28 mayo 1899","4 pages","1899-05-28","28 mayo 1899","","","","","","","","","https://iiif.library.ucla.edu/ark%3A%2F21198%2Fzz0025m0jh/manifest"
"Protesta Humana, La, Collection","ark:/21198/zz0025m0k1","ark:/21198/zz0025hqmb","2","Completed","Work","","","","","text","pd","paged","","","","","published","spa","","newspapers","","Año 3, número 60. 11 mayo [i.e. junio] 1899","4 pages","1899-06-11","11 mayo [i.e. junio] 1899","Date incorrectly printed as 11 mayo 1899.  Should be 11 junio 1899.","","","","","","","","https://iiif.library.ucla.edu/ark%3A%2F21198%2Fzz0025m0k1/manifest"
"Protesta Humana, La, Collection","ark:/21198/zz0025m0q3","ark:/21198/zz0025hqmb","2","Completed","Work","","","","","text","pd","paged","","","","","published","spa","","newspapers","","Año 3, número 61. 25 junio 1899","4 pages","1899-06-25","25 junio 1899","","","","","","","","","https://iiif.library.ucla.edu/ark%3A%2F21198%2Fzz0025m0q3/manifest"
"Protesta Humana, La, Collection","ark:/21198/zz0025m0rm","ark:/21198/zz0025hqmb","2","Completed","Work","","","","","text","pd","paged","","","","","published","spa","","newspapers","","Año 3, número 62. 9 julio 1899","4 pages","1899-07-09","9 julio 1899","","","","","","","","","https://iiif.library.ucla.edu/ark%3A%2F21198%2Fzz0025m0rm/manifest"
"Protesta Humana, La, Collection","ark:/21198/zz0025m0tn","ark:/21198/zz0025hqmb","2","Completed","Work","","","","","text","pd","paged","","","","","published","spa","","newspapers","","Año 3, número 63. 23 julio 1899","4 pages","23 julio 1899","1899-09-23","","","","","","","","","https://iiif.library.ucla.edu/ark%3A%2F21198%2Fzz0025m0tn/manifest"
"Protesta Humana, La, Collection","ark:/21198/zz0025m0wp","ark:/21198/zz0025hqmb","2","Completed","Work","","","","","text","pd","paged","","","","","published","spa","","newspapers","","Año 3, número 64. 6 agosto 1899","4 pages","1899-08-06","6 agosto 1899","","","","","","","","","https://iiif.library.ucla.edu/ark%3A%2F21198%2Fzz0025m0wp/manifest"
"Protesta Humana, La, Collection","ark:/21198/zz0025m0x6","ark:/21198/zz0025hqmb","2","Completed","Work","","","","","text","pd","paged","","","","","published","spa","","newspapers","","Año 3, número 66. 3 septiembre 1899","4 pages","1899-09-03","3 septiembre 1899","","","","","","","","","https://iiif.library.ucla.edu/ark%3A%2F21198%2Fzz0025m0x6/manifest"
"Protesta Humana, La, Collection","ark:/21198/zz0025m0zq","ark:/21198/zz0025hqmb","2","Completed","Work","","","","","text","pd","paged","","","","","published","spa","","newspapers","","Año 3, número 67. 17 septiembre 1899","4 pages","1899-09-17","17 septiembre 1899","","","","","","","","","https://iiif.library.ucla.edu/ark%3A%2F21198%2Fzz0025m0zq/manifest"
"Protesta Humana, La, Collection","ark:/21198/zz0025mt6x","ark:/21198/zz0025hqmb","2","Completed","Work","","","","","text","pd","paged","","","","","published","spa","","newspapers","","Año 3, número 68. 1 octubre 1899","4 pages","1899-10-01","1 octubre 1899","","","","","","","","","https://iiif.library.ucla.edu/ark%3A%2F21198%2Fzz0025mt6x/manifest"
"Protesta Humana, La, Collection","ark:/21198/zz0025mt8z","ark:/21198/zz0025hqmb","2","Completed","Work","","","","","text","pd","paged","","","","","published","spa","","newspapers","","Año 3, número 69. 15 octubre 1899","4 pages","1899-10-15","15 octubre 1899","","","","","","","","","https://iiif.library.ucla.edu/ark%3A%2F21198%2Fzz0025mt8z/manifest"
"Protesta Humana, La, Collection","ark:/21198/zz0025mt9g","ark:/21198/zz0025hqmb","2","Completed","Work","","","","","text","pd","paged","","","","","published","spa","","newspapers","","Año 3, número 70. 29 octubre 1899","4 pages","1899-10-29","29 octubre 1899","","","","","","","","","https://iiif.library.ucla.edu/ark%3A%2F21198%2Fzz0025mt9g/manifest"
"Protesta Humana, La, Collection","ark:/21198/zz0025mtch","ark:/21198/zz0025hqmb","2","Completed","Work","","","","","text","pd","paged","","","","","published","spa","","newspapers","","Año 3, número 71. 12 noviembre 1899","4 pages","1899-11-12","12 noviembre 1899","","","","","","","","","https://iiif.library.ucla.edu/ark%3A%2F21198%2Fzz0025mtch/manifest"
"Protesta Humana, La, Collection","ark:/21198/zz0025mtd1","ark:/21198/zz0025hqmb","2","Completed","Work","","","","","text","pd","paged","","","","","published","spa","","newspapers","","Año 3, número 72. 26 noviembre 1899","4 pages","1899-11-26","26 noviembre 1899","","","","","","","","","https://iiif.library.ucla.edu/ark%3A%2F21198%2Fzz0025mtd1/manifest"
"Protesta Humana, La, Collection","ark:/21198/zz0025mtg2","ark:/21198/zz0025hqmb","2","Completed","Work","","","","","text","pd","paged","","","","","published","spa","","newspapers","","Año 3, número 73. 10 diciembre 1899","4 pages","1899-12-10","10 diciembre 1899","","","","","","","","","https://iiif.library.ucla.edu/ark%3A%2F21198%2Fzz0025mtg2/manifest"
"Protesta Humana, La, Collection","ark:/21198/zz0025mx3t","ark:/21198/zz0025hqmb","2","Completed","Work","","","","","text","pd","paged","","","","","published","spa","","newspapers","","Año 3, número 74. 24 diciembre 1899","4 pages","1899-12-24","24 diciembre 1899","","","","","","","","","https://iiif.library.ucla.edu/ark%3A%2F21198%2Fzz0025mx3t/manifest"
"Protesta Humana, La, Collection","ark:/21198/zz0025mx4b","ark:/21198/zz0025hqmb","2","Completed","Work","","","","","text","pd","paged","","","","","published","spa","","newspapers","","Año 3, número 75. 7 enero 1899 [i.e. 1900]","4 pages","1900-01-07","7 enero 1899 [i.e. 1900]","Date incorrectly printed as 1899.  Should be 7 enero 1900.","","","","","","","","https://iiif.library.ucla.edu/ark%3A%2F21198%2Fzz0025mx4b/manifest"
"Protesta Humana, La, Collection","ark:/21198/zz0025mx5v","ark:/21198/zz0025hqmb","2","Completed","Work","","","","","text","pd","paged","","","","","published","spa","","newspapers","","Año 3, número 76. 21 enero 1900","4 pages","1900-01-21","21 enero 1900","","","","","","","","","https://iiif.library.ucla.edu/ark%3A%2F21198%2Fzz0025mx5v/manifest"
"Protesta Humana, La, Collection","ark:/21198/zz0025mx6c","ark:/21198/zz0025hqmb","2","Completed","Work","","","","","text","pd","paged","","","","","published","spa","","newspapers","","Año 3, número 77. 4 febrero 1900","4 pages","1900-02-04","4 febrero 1900","","","","","","","","","https://iiif.library.ucla.edu/ark%3A%2F21198%2Fzz0025mx6c/manifest"
"Protesta Humana, La, Collection","ark:/21198/zz0025mx7w","ark:/21198/zz0025hqmb","2","Completed","Work","","","","","text","pd","paged","","","","","published","spa","","newspapers","","Año 3, número 78. 18 febrero 1900","4 pages","1900-02-18","18 febrero 1900","","","","","","","","","https://iiif.library.ucla.edu/ark%3A%2F21198%2Fzz0025mx7w/manifest"
"Protesta Humana, La, Collection","ark:/21198/zz0025mx8d","ark:/21198/zz0025hqmb","2","Completed","Work","","","","","text","pd","paged","","","","","published","spa","","newspapers","","Año 3, número 79. 4 marzo 1900","4 pages","1900-03-04","4 marzo 1900","","","","","","","","","https://iiif.library.ucla.edu/ark%3A%2F21198%2Fzz0025mx8d/manifest"
"Protesta Humana, La, Collection","ark:/21198/zz0025mx9x","ark:/21198/zz0025hqmb","2","Completed","Work","","","","","text","pd","paged","","","","","published","spa","","newspapers","","Año 3, número 80. 18 marzo 1900","4 pages","1900-03-18","18 marzo 1900","","","","","","","","","https://iiif.library.ucla.edu/ark%3A%2F21198%2Fzz0025mx9x/manifest"
"Protesta Humana, La, Collection","ark:/21198/zz0025mzcf","ark:/21198/zz0025hqmb","2","Completed","Work","","","","","text","pd","paged","","","","","published","spa","","newspapers","","Año 3, número 81. 1 abril 1900","4 pages","1900-04-01","1 abril 1900","","","","","","","","","https://iiif.library.ucla.edu/ark%3A%2F21198%2Fzz0025mzcf/manifest"
"Protesta Humana, La, Collection","ark:/21198/zz0025mzdz","ark:/21198/zz0025hqmb","2","Completed","Work","","","","","text","pd","paged","","","","","published","spa","","newspapers","","Año 3, número 82. 15 abril 1900","4 pages","1900-04-15","15 abril 1900","","","","","","","","","https://iiif.library.ucla.edu/ark%3A%2F21198%2Fzz0025mzdz/manifest"
"Protesta Humana, La, Collection","ark:/21198/zz0025mzfg","ark:/21198/zz0025hqmb","2","Completed","Work","","","","","text","pd","paged","","","","","published","spa","","newspapers","","Año 3, número 83. 29 abril 1900","4 pages","1900-04-29","29 abril 1900","","","","","","","","","https://iiif.library.ucla.edu/ark%3A%2F21198%2Fzz0025mzfg/manifest"
"Protesta Humana, La, Collection","ark:/21198/zz0025mzg0","ark:/21198/zz0025hqmb","2","Completed","Work","","","","","text","pd","paged","","","","","published","spa","","newspapers","","Año 3, número 84. 13 mayo 1900","4 pages","1900-05-13","13 mayo 1900","","","","","","","","","https://iiif.library.ucla.edu/ark%3A%2F21198%2Fzz0025mzg0/manifest"
"Protesta Humana, La, Collection","ark:/21198/zz0025mzhh","ark:/21198/zz0025hqmb","2","Completed","Work","","","","","text","pd","paged","","","","","published","spa","","newspapers","","Año 3, número 85. 27 mayo 1900","4 pages","1900-05-27","27 mayo 1900","","","","","","","","","https://iiif.library.ucla.edu/ark%3A%2F21198%2Fzz0025mzhh/manifest"
"Protesta Humana, La, Collection","ark:/21198/zz0025mzj1","ark:/21198/zz0025hqmb","2","Completed","Work","","","","","text","pd","paged","","","","","published","spa","","newspapers","","Año 4, número 86. 10 junio 1900","4 pages","1900-06-10","10 junio 1900","","","","","","","","","https://iiif.library.ucla.edu/ark%3A%2F21198%2Fzz0025mzj1/manifest"
"Protesta Humana, La, Collection","ark:/21198/zz0025mzkj","ark:/21198/zz0025hqmb","2","Completed","Work","","","","","text","pd","paged","","","","","published","spa","","newspapers","","Año 4, número 88. 8 julio 1900","4 pages","1900-07-08","8 julio 1900","","","","","","","","","https://iiif.library.ucla.edu/ark%3A%2F21198%2Fzz0025mzkj/manifest"
"Protesta Humana, La, Collection","ark:/21198/zz0025mzm2","ark:/21198/zz0025hqmb","2","Completed","Work","","","","","text","pd","paged","","","","","published","spa","","newspapers","","Año 4, número 89. 22 julio 1900","4 pages","1900-07-22","22 julio 1900","","","","","","","","","https://iiif.library.ucla.edu/ark%3A%2F21198%2Fzz0025mzm2/manifest"
"Protesta Humana, La, Collection","ark:/21198/zz0025mznk","ark:/21198/zz0025hqmb","2","Completed","Work","","","","","text","pd","paged","","","","","published","spa","","newspapers","","Año 4, número 90. 5 agosto 1900","4 pages","1900-08-05","5 agosto 1900","","","","","","","","","https://iiif.library.ucla.edu/ark%3A%2F21198%2Fzz0025mznk/manifest"
"Protesta Humana, La, Collection","ark:/21198/zz0025mzp3","ark:/21198/zz0025hqmb","2","Completed","Work","","","","","text","pd","paged","","","","","published","spa","","newspapers","","Año 4, número 91. 19 agosto 1900","4 pages","1900-08-19","19 agosto 1900","","","","","","","","","https://iiif.library.ucla.edu/ark%3A%2F21198%2Fzz0025mzp3/manifest"
"Protesta Humana, La, Collection","ark:/21198/zz0025mzqm","ark:/21198/zz0025hqmb","2","Completed","Work","","","","","text","pd","paged","","","","","published","spa","","newspapers","","Año 4, número 92. 2 septiembre 1900","4 pages","1900-09-02","2 septiembre 1900","","","","","","","","","https://iiif.library.ucla.edu/ark%3A%2F21198%2Fzz0025mzqm/manifest"
"Protesta Humana, La, Collection","ark:/21198/zz0025mzr4","ark:/21198/zz0025hqmb","2","Completed","Work","","","","","text","pd","paged","","","","","published","spa","","newspapers","","Año 4, número 93. 16 septiembre 1900","4 pages","1900-09-16","16 septiembre 1900","","","","","","","","","https://iiif.library.ucla.edu/ark%3A%2F21198%2Fzz0025mzr4/manifest"
"Protesta Humana, La, Collection","ark:/21198/zz0025mzsn","ark:/21198/zz0025hqmb","2","Completed","Work","","","","","text","pd","paged","","","","","published","spa","","newspapers","","Año 4, número 94. 30(?) septiembre 1900","4 pages","1900-09-01","30(?) septiembre 1900","","","","","","","","","https://iiif.library.ucla.edu/ark%3A%2F21198%2Fzz0025mzsn/manifest"
"Protesta Humana, La, Collection","ark:/21198/zz0025mzt5","ark:/21198/zz0025hqmb","2","Completed","Work","","","","","text","pd","paged","","","","","published","spa","","newspapers","","Año 4, número 95. 14 octubre 1900","4 pages","1900-10-14","14 octubre 1900","","","","","","","","","https://iiif.library.ucla.edu/ark%3A%2F21198%2Fzz0025mzt5/manifest"
"Protesta Humana, La, Collection","ark:/21198/zz0025mzvp","ark:/21198/zz0025hqmb","2","Completed","Work","","","","","text","pd","paged","","","","","published","spa","","newspapers","","Año 4, número 96. 28 octubre 1900","4 pages","1900-10-28","28 octubre 1900","","","","","","","","","https://iiif.library.ucla.edu/ark%3A%2F21198%2Fzz0025mzvp/manifest"
"Protesta Humana, La, Collection","ark:/21198/zz0025mzw6","ark:/21198/zz0025hqmb","2","Completed","Work","","","","","text","pd","paged","","","","","published","spa","","newspapers","","Año 4, número 97. 3 noviembre 1900","4 pages","1900-11-03","3 noviembre 1900","","","","","","","","","https://iiif.library.ucla.edu/ark%3A%2F21198%2Fzz0025mzw6/manifest"
"Protesta Humana, La, Collection","ark:/21198/zz0025mzxq","ark:/21198/zz0025hqmb","2","Completed","Work","","","","","text","pd","paged","","","","","published","spa","","newspapers","","Año 4, número 98. 10 noviembre 1900","4 pages","1900-11-10","10 noviembre 1900","","","","","","","","","https://iiif.library.ucla.edu/ark%3A%2F21198%2Fzz0025mzxq/manifest"
"Protesta Humana, La, Collection","ark:/21198/zz0025mzz7","ark:/21198/zz0025hqmb","2","Completed","Work","","","","","text","pd","paged","","","","","published","spa","","newspapers","","Año 4, número 100. 24 noviembre 1900","4 pages","1900-11-24","24 noviembre 1900","","","","","","","","","https://iiif.library.ucla.edu/ark%3A%2F21198%2Fzz0025mzz7/manifest"
"Protesta Humana, La, Collection","ark:/21198/zz0025nptr","ark:/21198/zz0025hqmb","2","Completed","Work","","","","","text","pd","paged","","","","","published","spa","","newspapers","","Año 5, número 102. 8 diciembre 1900","4 pages","1900-12-08","8 diciembre 1900","","","","","","","","","https://iiif.library.ucla.edu/ark%3A%2F21198%2Fzz0025nptr/manifest"
"Protesta Humana, La, Collection","ark:/21198/zz0025npv8","ark:/21198/zz0025hqmb","2","Completed","Work","","","","","text","pd","paged","","","","","published","spa","","newspapers","","Año 5, número 103. 15 diciembre 1900","4 pages","1900-12-15","15 diciembre 1900","","","","","","","","","https://iiif.library.ucla.edu/ark%3A%2F21198%2Fzz0025npv8/manifest"
"Protesta Humana, La, Collection","ark:/21198/zz0025npws","ark:/21198/zz0025hqmb","2","Completed","Work","","","","","text","pd","paged","","","","","published","spa","","newspapers","","Año 5, número 105. 5 enero 1901","4 pages","1901-01-05","5 enero 1901","","","","","","","","","https://iiif.library.ucla.edu/ark%3A%2F21198%2Fzz0025npws/manifest"
"Protesta Humana, La, Collection","ark:/21198/zz0025npx9","ark:/21198/zz0025hqmb","2","Completed","Work","","","","","text","pd","paged","","","","","published","spa","","newspapers","","Año 5, número 106. 12 enero 1901","4 pages","1901-01-12","12 enero 1901","","","","","","","","","https://iiif.library.ucla.edu/ark%3A%2F21198%2Fzz0025npx9/manifest"
"Protesta Humana, La, Collection","ark:/21198/zz0025npzt","ark:/21198/zz0025hqmb","2","Completed","Work","","","","","text","pd","paged","","","","","published","spa","","newspapers","","Año 5, número 107. 19 enero 1901","4 pages","1901-01-19","19 enero 1901","","","","","","","","","https://iiif.library.ucla.edu/ark%3A%2F21198%2Fzz0025npzt/manifest"
"Protesta Humana, La, Collection","ark:/21198/zz0025nq0t","ark:/21198/zz0025hqmb","2","Completed","Work","","","","","text","pd","paged","","","","","published","spa","","newspapers","","Año 5, número 108. 26 enero 1901","4 pages","1901-01-26","26 enero 1901","","","","","","","","","https://iiif.library.ucla.edu/ark%3A%2F21198%2Fzz0025nq0t/manifest"
"Protesta Humana, La, Collection","ark:/21198/zz0025nq1b","ark:/21198/zz0025hqmb","2","Completed","Work","","","","","text","pd","paged","","","","","published","spa","","newspapers","","Año 5, número 109. 2 febrero 1901","4 pages","1901-02-02","2 febrero 1901","","","","","","","","","https://iiif.library.ucla.edu/ark%3A%2F21198%2Fzz0025nq1b/manifest"
"Protesta Humana, La, Collection","ark:/21198/zz0025nq2v","ark:/21198/zz0025hqmb","2","Completed","Work","","","","","text","pd","paged","","","","","published","spa","","newspapers","","Año 5, número 110. 9 febrero 1901","4 pages","1901-02-09","9 febrero 1901","","","","","","","","","https://iiif.library.ucla.edu/ark%3A%2F21198%2Fzz0025nq2v/manifest"
"Protesta Humana, La, Collection","ark:/21198/zz0025nq3c","ark:/21198/zz0025hqmb","2","Completed","Work","","","","","text","pd","paged","","","","","published","spa","","newspapers","","Año 5, número 111. 16 febrero 1901","4 pages","1901-02-16","16 febrero 1901","","","","","","","","","https://iiif.library.ucla.edu/ark%3A%2F21198%2Fzz0025nq3c/manifest"
"Protesta Humana, La, Collection","ark:/21198/zz0025nq4w","ark:/21198/zz0025hqmb","2","Completed","Work","","","","","text","pd","paged","","","","","published","spa","","newspapers","","Año 5, número 112. 23 febrero 1901","4 pages","1901-02-23","23 febrero 1901","","","","","","","","","https://iiif.library.ucla.edu/ark%3A%2F21198%2Fzz0025nq4w/manifest"
"Protesta Humana, La, Collection","ark:/21198/zz0025nq5d","ark:/21198/zz0025hqmb","2","Completed","Work","","","","","text","pd","paged","","","","","published","spa","","newspapers","","Año 5, número 113. 2 marzo 1901","4 pages","1901-03-02","2 marzo 1901","","","","","","","","","https://iiif.library.ucla.edu/ark%3A%2F21198%2Fzz0025nq5d/manifest"
"Protesta Humana, La, Collection","ark:/21198/zz0025nzjg","ark:/21198/zz0025hqmb","2","Completed","Work","","","","","text","pd","paged","","","","","published","spa","","newspapers","","Año 5, número 115. 23 marzo 1901","4 pages","1901-03-23","23 marzo 1901","","","","","","","","","https://iiif.library.ucla.edu/ark%3A%2F21198%2Fzz0025nzjg/manifest"
"Protesta Humana, La, Collection","ark:/21198/zz0025nzk0","ark:/21198/zz0025hqmb","2","Completed","Work","","","","","text","pd","paged","","","","","published","spa","","newspapers","","Año 5, número 116. 30 marzo 1901","4 pages","1901-03-30","30 marzo 1901","","","","","","","","","https://iiif.library.ucla.edu/ark%3A%2F21198%2Fzz0025nzk0/manifest"
"Protesta Humana, La, Collection","ark:/21198/zz0025nzmh","ark:/21198/zz0025hqmb","2","Completed","Work","","","","","text","pd","paged","","","","","published","spa","","newspapers","","Año 5, número 117. 6 abril 1901","4 pages","1901-04-06","6 abril 1901","","","","","","","","","https://iiif.library.ucla.edu/ark%3A%2F21198%2Fzz0025nzmh/manifest"
"Protesta Humana, La, Collection","ark:/21198/zz0025nzn1","ark:/21198/zz0025hqmb","2","Completed","Work","","","","","text","pd","paged","","","","","published","spa","","newspapers","","Año 5, número 119. 20 abril 1901","4 pages","1901-04-20","20 abril 1901","","","","","","","","","https://iiif.library.ucla.edu/ark%3A%2F21198%2Fzz0025nzn1/manifest"
"Protesta Humana, La, Collection","ark:/21198/zz0025nzpj","ark:/21198/zz0025hqmb","2","Completed","Work","","","","","text","pd","paged","","","","","published","spa","","newspapers","","Año 5, número 118. 13 abril 1901","4 pages","1901-04-13","13 abril 1901","","","","","","","","","https://iiif.library.ucla.edu/ark%3A%2F21198%2Fzz0025nzpj/manifest"
"Protesta Humana, La, Collection","ark:/21198/zz0025nzq2","ark:/21198/zz0025hqmb","2","Completed","Work","","","","","text","pd","paged","","","","","published","spa","","newspapers","","Año 5, número 124. 25 mayo 1901","4 pages","1901-05-25","25 mayo 1901","","","","","","","","","https://iiif.library.ucla.edu/ark%3A%2F21198%2Fzz0025nzq2/manifest"
"Protesta Humana, La, Collection","ark:/21198/zz0025nzrk","ark:/21198/zz0025hqmb","2","Completed","Work","","","","","text","pd","paged","","","","","published","spa","","newspapers","","Año 5, número 125. 1 junio 1901","4 pages","1901-06-01","1 junio 1901","","","","","","","","","https://iiif.library.ucla.edu/ark%3A%2F21198%2Fzz0025nzrk/manifest"
"Protesta Humana, La, Collection","ark:/21198/zz0025nzs3","ark:/21198/zz0025hqmb","2","Completed","Work","","","","","text","pd","paged","","","","","published","spa","","newspapers","","Año 5, número 128. 22 junio 1901","4 pages","1901-06-22","22 junio 1901","","","","","","","","","https://iiif.library.ucla.edu/ark%3A%2F21198%2Fzz0025nzs3/manifest"
"Protesta Humana, La, Collection","ark:/21198/zz0025nztm","ark:/21198/zz0025hqmb","2","Completed","Work","","","","","text","pd","paged","","","","","published","spa","","newspapers","","Año 5, número 129. 29 junio 1901","4 pages","1901-06-29","29 junio 1901","","","","","","","","","https://iiif.library.ucla.edu/ark%3A%2F21198%2Fzz0025nztm/manifest"
"Protesta Humana, La, Collection","ark:/21198/zz0025nzv4","ark:/21198/zz0025hqmb","2","Completed","Work","","","","","text","pd","paged","","","","","published","spa","","newspapers","","Año 5, número 136. 17 agosto 1901","4 pages","1901-08-17","17 agosto 1901","","","","","","","","","https://iiif.library.ucla.edu/ark%3A%2F21198%2Fzz0025nzv4/manifest"
"Protesta Humana, La, Collection","ark:/21198/zz0025nzwn","ark:/21198/zz0025hqmb","2","Completed","Work","","","","","text","pd","paged","","","","","published","spa","","newspapers","","Año 5, número 136 [i.e. 139]. 7 septiembre 1901","4 pages","1901-09-07","7 septiembre 1901","Issue incorrectly printed as 136.  Should be 139.","","","","","","","","https://iiif.library.ucla.edu/ark%3A%2F21198%2Fzz0025nzwn/manifest"
"Protesta Humana, La, Collection","ark:/21198/zz0025nzx5","ark:/21198/zz0025hqmb","2","Completed","Work","","","","","text","pd","paged","","","","","published","spa","","newspapers","","Año 5, número 141. 28 septiembre 1901","4 pages","1901-09-28","28 septiembre 1901","","","","","","","","","https://iiif.library.ucla.edu/ark%3A%2F21198%2Fzz0025nzx5/manifest"
"Protesta Humana, La, Collection","ark:/21198/zz0025nzzp","ark:/21198/zz0025hqmb","2","Completed","Work","","","","","text","pd","paged","","","","","published","spa","","newspapers","","Año 6, número 174. 17 mayo 1902","4 pages","1902-05-17","17 mayo 1902","","","","","","","","","https://iiif.library.ucla.edu/ark%3A%2F21198%2Fzz0025nzzp/manifest"
"Protesta Humana, La, Collection","ark:/21198/zz0025p004","ark:/21198/zz0025hqmb","2","Completed","Work","","","","","text","pd","paged","","","","","published","spa","","newspapers","","Año 6, número 184. 26 julio 1902","4 pages","1902-07-26","26 julio 1902","","","","","","","","","https://iiif.library.ucla.edu/ark%3A%2F21198%2Fzz0025p004/manifest"
"Protesta Humana, La, Collection","ark:/21198/zz0025p01n","ark:/21198/zz0025hqmb","2","Completed","Work","","","","","text","pd","paged","","","","","published","spa","","newspapers","","Año 6, número 188. 23 agosto 1902","4 pages","1902-08-23","23 agosto 1902","","","","","","","","","https://iiif.library.ucla.edu/ark%3A%2F21198%2Fzz0025p01n/manifest"
