"Project Name","Item ARK","Parent ARK","Item Status ID","Item Status","Object Type","File Name","Item Sequence","IIIF Access URL","viewingHint","Text direction","Visibility","IIIF Range","Type.typeOfResource","Rights.copyrightStatus","Language","Type.genre","Subject.topic","Author","Name.subject","Name.annotator","Name.repository","Name.scribe","Title","Relation.rectoVerso","Relation.pageNumber","Relation.textDirection","Relation.isVersionOf","AltIdentifier.local","Description.contents","Date.creation","Format.dimensions","Format.extent","Description.note","Summary","Bucketeer State"
"St Gall Manuscripts","ark:/21198/zz0028dbmx","ark:/21198/zz00289pjc","2","Completed","Page","StGall/masters/karlsruhe_014/BLB_CodAugPerg_014_001r.tif","1","https://iiif.library.ucla.edu/iiif/2/ark%3A%2F21198%2Fzz0028dbmx","","","","","text","pd","","manuscripts (document genre)","","","","","","","f. 1r","","","","","","","","","","","","succeeded"
"St Gall Manuscripts","ark:/21198/zz0028dbnf","ark:/21198/zz00289pjc","2","Completed","Page","StGall/masters/karlsruhe_014/BLB_CodAugPerg_014_001v.tif","2","https://iiif.library.ucla.edu/iiif/2/ark%3A%2F21198%2Fzz0028dbnf","","","","","text","pd","","manuscripts (document genre)","","","","","","","f. 1v","","","","","","","","","","","","succeeded"
"St Gall Manuscripts","ark:/21198/zz0028dbpz","ark:/21198/zz00289pjc","2","Completed","Page","StGall/masters/karlsruhe_014/BLB_CodAugPerg_014_002r.tif","3","https://iiif.library.ucla.edu/iiif/2/ark%3A%2F21198%2Fzz0028dbpz","","","","","text","pd","","manuscripts (document genre)","","","","","","","f. 2r","","","","","","","","","","","","succeeded"
"St Gall Manuscripts","ark:/21198/zz0028dbqg","ark:/21198/zz00289pjc","2","Completed","Page","StGall/masters/karlsruhe_014/BLB_CodAugPerg_014_002v.tif","4","https://iiif.library.ucla.edu/iiif/2/ark%3A%2F21198%2Fzz0028dbqg","","","","","text","pd","","manuscripts (document genre)","","","","","","","f. 2v","","","","","","","","","","","","succeeded"
"St Gall Manuscripts","ark:/21198/zz0028dbr0","ark:/21198/zz00289pjc","2","Completed","Page","StGall/masters/karlsruhe_014/BLB_CodAugPerg_014_003r.tif","5","https://iiif.library.ucla.edu/iiif/2/ark%3A%2F21198%2Fzz0028dbr0","","","","","text","pd","","manuscripts (document genre)","","","","","","","f. 3r","","","","","","","","","","","","succeeded"
"St Gall Manuscripts","ark:/21198/zz0028dbsh","ark:/21198/zz00289pjc","2","Completed","Page","StGall/masters/karlsruhe_014/BLB_CodAugPerg_014_003v.tif","6","https://iiif.library.ucla.edu/iiif/2/ark%3A%2F21198%2Fzz0028dbsh","","","","","text","pd","","manuscripts (document genre)","","","","","","","f. 3v","","","","","","","","","","","","succeeded"
"St Gall Manuscripts","ark:/21198/zz0028dbt1","ark:/21198/zz00289pjc","2","Completed","Page","StGall/masters/karlsruhe_014/BLB_CodAugPerg_014_004r.tif","7","https://iiif.library.ucla.edu/iiif/2/ark%3A%2F21198%2Fzz0028dbt1","","","","","text","pd","","manuscripts (document genre)","","","","","","","f. 4r","","","","","","","","","","","","succeeded"
"St Gall Manuscripts","ark:/21198/zz0028dbvj","ark:/21198/zz00289pjc","2","Completed","Page","StGall/masters/karlsruhe_014/BLB_CodAugPerg_014_004v.tif","8","https://iiif.library.ucla.edu/iiif/2/ark%3A%2F21198%2Fzz0028dbvj","","","","","text","pd","","manuscripts (document genre)","","","","","","","f. 4v","","","","","","","","","","","","succeeded"
"St Gall Manuscripts","ark:/21198/zz0028dbw2","ark:/21198/zz00289pjc","2","Completed","Page","StGall/masters/karlsruhe_014/BLB_CodAugPerg_014_005r.tif","9","https://iiif.library.ucla.edu/iiif/2/ark%3A%2F21198%2Fzz0028dbw2","","","","","text","pd","","manuscripts (document genre)","","","","","","","f. 5r","","","","","","","","","","","","succeeded"
"St Gall Manuscripts","ark:/21198/zz0028dbxk","ark:/21198/zz00289pjc","2","Completed","Page","StGall/masters/karlsruhe_014/BLB_CodAugPerg_014_005v.tif","10","https://iiif.library.ucla.edu/iiif/2/ark%3A%2F21198%2Fzz0028dbxk","","","","","text","pd","","manuscripts (document genre)","","","","","","","f. 5v","","","","","","","","","","","","succeeded"
"St Gall Manuscripts","ark:/21198/zz0028dbz3","ark:/21198/zz00289pjc","2","Completed","Page","StGall/masters/karlsruhe_014/BLB_CodAugPerg_014_006r.tif","11","https://iiif.library.ucla.edu/iiif/2/ark%3A%2F21198%2Fzz0028dbz3","","","","","text","pd","","manuscripts (document genre)","","","","","","","f. 6r","","","","","","","","","","","","succeeded"
"St Gall Manuscripts","ark:/21198/zz0028dc03","ark:/21198/zz00289pjc","2","Completed","Page","StGall/masters/karlsruhe_014/BLB_CodAugPerg_014_006v.tif","12","https://iiif.library.ucla.edu/iiif/2/ark%3A%2F21198%2Fzz0028dc03","","","","","text","pd","","manuscripts (document genre)","","","","","","","f. 6v","","","","","","","","","","","","succeeded"
"St Gall Manuscripts","ark:/21198/zz0028dc1m","ark:/21198/zz00289pjc","2","Completed","Page","StGall/masters/karlsruhe_014/BLB_CodAugPerg_014_007r.tif","13","https://iiif.library.ucla.edu/iiif/2/ark%3A%2F21198%2Fzz0028dc1m","","","","","text","pd","","manuscripts (document genre)","","","","","","","f. 7r","","","","","","","","","","","","succeeded"
"St Gall Manuscripts","ark:/21198/zz0028dc24","ark:/21198/zz00289pjc","2","Completed","Page","StGall/masters/karlsruhe_014/BLB_CodAugPerg_014_007v.tif","14","https://iiif.library.ucla.edu/iiif/2/ark%3A%2F21198%2Fzz0028dc24","","","","","text","pd","","manuscripts (document genre)","","","","","","","f. 7v","","","","","","","","","","","","succeeded"
"St Gall Manuscripts","ark:/21198/zz0028dc3n","ark:/21198/zz00289pjc","2","Completed","Page","StGall/masters/karlsruhe_014/BLB_CodAugPerg_014_008r.tif","15","https://iiif.library.ucla.edu/iiif/2/ark%3A%2F21198%2Fzz0028dc3n","","","","","text","pd","","manuscripts (document genre)","","","","","","","f. 8r","","","","","","","","","","","","succeeded"
"St Gall Manuscripts","ark:/21198/zz0028dc45","ark:/21198/zz00289pjc","2","Completed","Page","StGall/masters/karlsruhe_014/BLB_CodAugPerg_014_008v.tif","16","https://iiif.library.ucla.edu/iiif/2/ark%3A%2F21198%2Fzz0028dc45","","","","","text","pd","","manuscripts (document genre)","","","","","","","f. 8v","","","","","","","","","","","","succeeded"
"St Gall Manuscripts","ark:/21198/zz0028dc5p","ark:/21198/zz00289pjc","2","Completed","Page","StGall/masters/karlsruhe_014/BLB_CodAugPerg_014_009r.tif","17","https://iiif.library.ucla.edu/iiif/2/ark%3A%2F21198%2Fzz0028dc5p","","","","","text","pd","","manuscripts (document genre)","","","","","","","f. 9r","","","","","","","","","","","","succeeded"
"St Gall Manuscripts","ark:/21198/zz0028dc66","ark:/21198/zz00289pjc","2","Completed","Page","StGall/masters/karlsruhe_014/BLB_CodAugPerg_014_009v.tif","18","https://iiif.library.ucla.edu/iiif/2/ark%3A%2F21198%2Fzz0028dc66","","","","","text","pd","","manuscripts (document genre)","","","","","","","f. 9v","","","","","","","","","","","","succeeded"
"St Gall Manuscripts","ark:/21198/zz0028dc7q","ark:/21198/zz00289pjc","2","Completed","Page","StGall/masters/karlsruhe_014/BLB_CodAugPerg_014_010r.tif","19","https://iiif.library.ucla.edu/iiif/2/ark%3A%2F21198%2Fzz0028dc7q","","","","","text","pd","","manuscripts (document genre)","","","","","","","f. 10r","","","","","","","","","","","","succeeded"
"St Gall Manuscripts","ark:/21198/zz0028dc87","ark:/21198/zz00289pjc","2","Completed","Page","StGall/masters/karlsruhe_014/BLB_CodAugPerg_014_010v.tif","20","https://iiif.library.ucla.edu/iiif/2/ark%3A%2F21198%2Fzz0028dc87","","","","","text","pd","","manuscripts (document genre)","","","","","","","f. 10v","","","","","","","","","","","","succeeded"
"St Gall Manuscripts","ark:/21198/zz0028dc9r","ark:/21198/zz00289pjc","2","Completed","Page","StGall/masters/karlsruhe_014/BLB_CodAugPerg_014_011r.tif","21","https://iiif.library.ucla.edu/iiif/2/ark%3A%2F21198%2Fzz0028dc9r","","","","","text","pd","","manuscripts (document genre)","","","","","","","f. 11r","","","","","","","","","","","","succeeded"
"St Gall Manuscripts","ark:/21198/zz0028dcb8","ark:/21198/zz00289pjc","2","Completed","Page","StGall/masters/karlsruhe_014/BLB_CodAugPerg_014_011v.tif","22","https://iiif.library.ucla.edu/iiif/2/ark%3A%2F21198%2Fzz0028dcb8","","","","","text","pd","","manuscripts (document genre)","","","","","","","f. 11v","","","","","","","","","","","","succeeded"
"St Gall Manuscripts","ark:/21198/zz0028dccs","ark:/21198/zz00289pjc","2","Completed","Page","StGall/masters/karlsruhe_014/BLB_CodAugPerg_014_012r.tif","23","https://iiif.library.ucla.edu/iiif/2/ark%3A%2F21198%2Fzz0028dccs","","","","","text","pd","","manuscripts (document genre)","","","","","","","f. 12r","","","","","","","","","","","","succeeded"
"St Gall Manuscripts","ark:/21198/zz0028dcd9","ark:/21198/zz00289pjc","2","Completed","Page","StGall/masters/karlsruhe_014/BLB_CodAugPerg_014_012v.tif","24","https://iiif.library.ucla.edu/iiif/2/ark%3A%2F21198%2Fzz0028dcd9","","","","","text","pd","","manuscripts (document genre)","","","","","","","f. 12v","","","","","","","","","","","","succeeded"
"St Gall Manuscripts","ark:/21198/zz0028dcft","ark:/21198/zz00289pjc","2","Completed","Page","StGall/masters/karlsruhe_014/BLB_CodAugPerg_014_013r.tif","25","https://iiif.library.ucla.edu/iiif/2/ark%3A%2F21198%2Fzz0028dcft","","","","","text","pd","","manuscripts (document genre)","","","","","","","f. 13r","","","","","","","","","","","","succeeded"
"St Gall Manuscripts","ark:/21198/zz0028dcgb","ark:/21198/zz00289pjc","2","Completed","Page","StGall/masters/karlsruhe_014/BLB_CodAugPerg_014_013v.tif","26","https://iiif.library.ucla.edu/iiif/2/ark%3A%2F21198%2Fzz0028dcgb","","","","","text","pd","","manuscripts (document genre)","","","","","","","f. 13v","","","","","","","","","","","","succeeded"
"St Gall Manuscripts","ark:/21198/zz0028dchv","ark:/21198/zz00289pjc","2","Completed","Page","StGall/masters/karlsruhe_014/BLB_CodAugPerg_014_014r.tif","27","https://iiif.library.ucla.edu/iiif/2/ark%3A%2F21198%2Fzz0028dchv","","","","","text","pd","","manuscripts (document genre)","","","","","","","f. 14r","","","","","","","","","","","","succeeded"
"St Gall Manuscripts","ark:/21198/zz0028dcjc","ark:/21198/zz00289pjc","2","Completed","Page","StGall/masters/karlsruhe_014/BLB_CodAugPerg_014_014v.tif","28","https://iiif.library.ucla.edu/iiif/2/ark%3A%2F21198%2Fzz0028dcjc","","","","","text","pd","","manuscripts (document genre)","","","","","","","f. 14v","","","","","","","","","","","","succeeded"
"St Gall Manuscripts","ark:/21198/zz0028dckw","ark:/21198/zz00289pjc","2","Completed","Page","StGall/masters/karlsruhe_014/BLB_CodAugPerg_014_015r.tif","29","https://iiif.library.ucla.edu/iiif/2/ark%3A%2F21198%2Fzz0028dckw","","","","","text","pd","","manuscripts (document genre)","","","","","","","f. 15r","","","","","","","","","","","","succeeded"
"St Gall Manuscripts","ark:/21198/zz0028dcmd","ark:/21198/zz00289pjc","2","Completed","Page","StGall/masters/karlsruhe_014/BLB_CodAugPerg_014_015v.tif","30","https://iiif.library.ucla.edu/iiif/2/ark%3A%2F21198%2Fzz0028dcmd","","","","","text","pd","","manuscripts (document genre)","","","","","","","f. 15v","","","","","","","","","","","","succeeded"
"St Gall Manuscripts","ark:/21198/zz0028dcnx","ark:/21198/zz00289pjc","2","Completed","Page","StGall/masters/karlsruhe_014/BLB_CodAugPerg_014_016r.tif","31","https://iiif.library.ucla.edu/iiif/2/ark%3A%2F21198%2Fzz0028dcnx","","","","","text","pd","","manuscripts (document genre)","","","","","","","f. 16r","","","","","","","","","","","","succeeded"
"St Gall Manuscripts","ark:/21198/zz0028dcpf","ark:/21198/zz00289pjc","2","Completed","Page","StGall/masters/karlsruhe_014/BLB_CodAugPerg_014_016v.tif","32","https://iiif.library.ucla.edu/iiif/2/ark%3A%2F21198%2Fzz0028dcpf","","","","","text","pd","","manuscripts (document genre)","","","","","","","f. 16v","","","","","","","","","","","","succeeded"
"St Gall Manuscripts","ark:/21198/zz0028dcqz","ark:/21198/zz00289pjc","2","Completed","Page","StGall/masters/karlsruhe_014/BLB_CodAugPerg_014_017r.tif","33","https://iiif.library.ucla.edu/iiif/2/ark%3A%2F21198%2Fzz0028dcqz","","","","","text","pd","","manuscripts (document genre)","","","","","","","f. 17r","","","","","","","","","","","","succeeded"
"St Gall Manuscripts","ark:/21198/zz0028dcrg","ark:/21198/zz00289pjc","2","Completed","Page","StGall/masters/karlsruhe_014/BLB_CodAugPerg_014_017v.tif","34","","","","","","text","pd","","manuscripts (document genre)","","","","","","","f. 17v","","","","","","","","","","","","failed"
"St Gall Manuscripts","ark:/21198/zz0028dcs0","ark:/21198/zz00289pjc","2","Completed","Page","StGall/masters/karlsruhe_014/BLB_CodAugPerg_014_018r.tif","35","https://iiif.library.ucla.edu/iiif/2/ark%3A%2F21198%2Fzz0028dcs0","","","","","text","pd","","manuscripts (document genre)","","","","","","","f. 18r","","","","","","","","","","","","succeeded"
"St Gall Manuscripts","ark:/21198/zz0028dcth","ark:/21198/zz00289pjc","2","Completed","Page","StGall/masters/karlsruhe_014/BLB_CodAugPerg_014_018v.tif","36","https://iiif.library.ucla.edu/iiif/2/ark%3A%2F21198%2Fzz0028dcth","","","","","text","pd","","manuscripts (document genre)","","","","","","","f. 18v","","","","","","","","","","","","succeeded"
"St Gall Manuscripts","ark:/21198/zz0028dcv1","ark:/21198/zz00289pjc","2","Completed","Page","StGall/masters/karlsruhe_014/BLB_CodAugPerg_014_019r.tif","37","https://iiif.library.ucla.edu/iiif/2/ark%3A%2F21198%2Fzz0028dcv1","","","","","text","pd","","manuscripts (document genre)","","","","","","","f. 19r","","","","","","","","","","","","succeeded"
"St Gall Manuscripts","ark:/21198/zz0028dcwj","ark:/21198/zz00289pjc","2","Completed","Page","StGall/masters/karlsruhe_014/BLB_CodAugPerg_014_019v.tif","38","https://iiif.library.ucla.edu/iiif/2/ark%3A%2F21198%2Fzz0028dcwj","","","","","text","pd","","manuscripts (document genre)","","","","","","","f. 19v","","","","","","","","","","","","succeeded"
"St Gall Manuscripts","ark:/21198/zz0028dcx2","ark:/21198/zz00289pjc","2","Completed","Page","StGall/masters/karlsruhe_014/BLB_CodAugPerg_014_020r.tif","39","","","","","","text","pd","","manuscripts (document genre)","","","","","","","f. 20r","","","","","","","","","","","","failed"
"St Gall Manuscripts","ark:/21198/zz0028dczk","ark:/21198/zz00289pjc","2","Completed","Page","StGall/masters/karlsruhe_014/BLB_CodAugPerg_014_020v.tif","40","https://iiif.library.ucla.edu/iiif/2/ark%3A%2F21198%2Fzz0028dczk","","","","","text","pd","","manuscripts (document genre)","","","","","","","f. 20v","","","","","","","","","","","","succeeded"
"St Gall Manuscripts","ark:/21198/zz0028dd0k","ark:/21198/zz00289pjc","2","Completed","Page","StGall/masters/karlsruhe_014/BLB_CodAugPerg_014_021r.tif","41","","","","","","text","pd","","manuscripts (document genre)","","","","","","","f. 21r","","","","","","","","","","","","failed"
"St Gall Manuscripts","ark:/21198/zz0028dd13","ark:/21198/zz00289pjc","2","Completed","Page","StGall/masters/karlsruhe_014/BLB_CodAugPerg_014_021v.tif","42","https://iiif.library.ucla.edu/iiif/2/ark%3A%2F21198%2Fzz0028dd13","","","","","text","pd","","manuscripts (document genre)","","","","","","","f. 21v","","","","","","","","","","","","succeeded"
"St Gall Manuscripts","ark:/21198/zz0028dd2m","ark:/21198/zz00289pjc","2","Completed","Page","StGall/masters/karlsruhe_014/BLB_CodAugPerg_014_022r.tif","43","https://iiif.library.ucla.edu/iiif/2/ark%3A%2F21198%2Fzz0028dd2m","","","","","text","pd","","manuscripts (document genre)","","","","","","","f. 22r","","","","","","","","","","","","succeeded"
"St Gall Manuscripts","ark:/21198/zz0028dd34","ark:/21198/zz00289pjc","2","Completed","Page","StGall/masters/karlsruhe_014/BLB_CodAugPerg_014_022v.tif","44","https://iiif.library.ucla.edu/iiif/2/ark%3A%2F21198%2Fzz0028dd34","","","","","text","pd","","manuscripts (document genre)","","","","","","","f. 22v","","","","","","","","","","","","succeeded"
"St Gall Manuscripts","ark:/21198/zz0028dd4n","ark:/21198/zz00289pjc","2","Completed","Page","StGall/masters/karlsruhe_014/BLB_CodAugPerg_014_023r.tif","45","https://iiif.library.ucla.edu/iiif/2/ark%3A%2F21198%2Fzz0028dd4n","","","","","text","pd","","manuscripts (document genre)","","","","","","","f. 23r","","","","","","","","","","","","succeeded"
"St Gall Manuscripts","ark:/21198/zz0028dd55","ark:/21198/zz00289pjc","2","Completed","Page","StGall/masters/karlsruhe_014/BLB_CodAugPerg_014_023v.tif","46","https://iiif.library.ucla.edu/iiif/2/ark%3A%2F21198%2Fzz0028dd55","","","","","text","pd","","manuscripts (document genre)","","","","","","","f. 23v","","","","","","","","","","","","succeeded"
"St Gall Manuscripts","ark:/21198/zz0028dd6p","ark:/21198/zz00289pjc","2","Completed","Page","StGall/masters/karlsruhe_014/BLB_CodAugPerg_014_024r.tif","47","https://iiif.library.ucla.edu/iiif/2/ark%3A%2F21198%2Fzz0028dd6p","","","","","text","pd","","manuscripts (document genre)","","","","","","","f. 24r","","","","","","","","","","","","succeeded"
"St Gall Manuscripts","ark:/21198/zz0028dd76","ark:/21198/zz00289pjc","2","Completed","Page","StGall/masters/karlsruhe_014/BLB_CodAugPerg_014_024v.tif","48","","","","","","text","pd","","manuscripts (document genre)","","","","","","","f. 24v","","","","","","","","","","","","failed"
"St Gall Manuscripts","ark:/21198/zz0028dd8q","ark:/21198/zz00289pjc","2","Completed","Page","StGall/masters/karlsruhe_014/BLB_CodAugPerg_014_025r.tif","49","https://iiif.library.ucla.edu/iiif/2/ark%3A%2F21198%2Fzz0028dd8q","","","","","text","pd","","manuscripts (document genre)","","","","","","","f. 25r","","","","","","","","","","","","succeeded"
"St Gall Manuscripts","ark:/21198/zz0028dd97","ark:/21198/zz00289pjc","2","Completed","Page","StGall/masters/karlsruhe_014/BLB_CodAugPerg_014_025v.tif","50","https://iiif.library.ucla.edu/iiif/2/ark%3A%2F21198%2Fzz0028dd97","","","","","text","pd","","manuscripts (document genre)","","","","","","","f. 25v","","","","","","","","","","","","succeeded"
"St Gall Manuscripts","ark:/21198/zz0028ddbr","ark:/21198/zz00289pjc","2","Completed","Page","StGall/masters/karlsruhe_014/BLB_CodAugPerg_014_026r.tif","51","https://iiif.library.ucla.edu/iiif/2/ark%3A%2F21198%2Fzz0028ddbr","","","","","text","pd","","manuscripts (document genre)","","","","","","","f. 26r","","","","","","","","","","","","succeeded"
"St Gall Manuscripts","ark:/21198/zz0028ddc8","ark:/21198/zz00289pjc","2","Completed","Page","StGall/masters/karlsruhe_014/BLB_CodAugPerg_014_026v.tif","52","","","","","","text","pd","","manuscripts (document genre)","","","","","","","f. 26v","","","","","","","","","","","","failed"
"St Gall Manuscripts","ark:/21198/zz0028ddds","ark:/21198/zz00289pjc","2","Completed","Page","StGall/masters/karlsruhe_014/BLB_CodAugPerg_014_027r.tif","53","https://iiif.library.ucla.edu/iiif/2/ark%3A%2F21198%2Fzz0028ddds","","","","","text","pd","","manuscripts (document genre)","","","","","","","f. 27r","","","","","","","","","","","","succeeded"
"St Gall Manuscripts","ark:/21198/zz0028ddf9","ark:/21198/zz00289pjc","2","Completed","Page","StGall/masters/karlsruhe_014/BLB_CodAugPerg_014_027v.tif","54","https://iiif.library.ucla.edu/iiif/2/ark%3A%2F21198%2Fzz0028ddf9","","","","","text","pd","","manuscripts (document genre)","","","","","","","f. 27v","","","","","","","","","","","","succeeded"
"St Gall Manuscripts","ark:/21198/zz0028ddgt","ark:/21198/zz00289pjc","2","Completed","Page","StGall/masters/karlsruhe_014/BLB_CodAugPerg_014_028r.tif","55","https://iiif.library.ucla.edu/iiif/2/ark%3A%2F21198%2Fzz0028ddgt","","","","","text","pd","","manuscripts (document genre)","","","","","","","f. 28r","","","","","","","","","","","","succeeded"
"St Gall Manuscripts","ark:/21198/zz0028ddhb","ark:/21198/zz00289pjc","2","Completed","Page","StGall/masters/karlsruhe_014/BLB_CodAugPerg_014_028v.tif","56","https://iiif.library.ucla.edu/iiif/2/ark%3A%2F21198%2Fzz0028ddhb","","","","","text","pd","","manuscripts (document genre)","","","","","","","f. 28v","","","","","","","","","","","","succeeded"
"St Gall Manuscripts","ark:/21198/zz0028ddjv","ark:/21198/zz00289pjc","2","Completed","Page","StGall/masters/karlsruhe_014/BLB_CodAugPerg_014_029r.tif","57","https://iiif.library.ucla.edu/iiif/2/ark%3A%2F21198%2Fzz0028ddjv","","","","","text","pd","","manuscripts (document genre)","","","","","","","f. 29r","","","","","","","","","","","","succeeded"
"St Gall Manuscripts","ark:/21198/zz0028ddkc","ark:/21198/zz00289pjc","2","Completed","Page","StGall/masters/karlsruhe_014/BLB_CodAugPerg_014_029v.tif","58","https://iiif.library.ucla.edu/iiif/2/ark%3A%2F21198%2Fzz0028ddkc","","","","","text","pd","","manuscripts (document genre)","","","","","","","f. 29v","","","","","","","","","","","","succeeded"
"St Gall Manuscripts","ark:/21198/zz0028ddmw","ark:/21198/zz00289pjc","2","Completed","Page","StGall/masters/karlsruhe_014/BLB_CodAugPerg_014_030r.tif","59","https://iiif.library.ucla.edu/iiif/2/ark%3A%2F21198%2Fzz0028ddmw","","","","","text","pd","","manuscripts (document genre)","","","","","","","f. 30r","","","","","","","","","","","","succeeded"
"St Gall Manuscripts","ark:/21198/zz0028ddnd","ark:/21198/zz00289pjc","2","Completed","Page","StGall/masters/karlsruhe_014/BLB_CodAugPerg_014_030v.tif","60","https://iiif.library.ucla.edu/iiif/2/ark%3A%2F21198%2Fzz0028ddnd","","","","","text","pd","","manuscripts (document genre)","","","","","","","f. 30v","","","","","","","","","","","","succeeded"
"St Gall Manuscripts","ark:/21198/zz0028ddpx","ark:/21198/zz00289pjc","2","Completed","Page","StGall/masters/karlsruhe_014/BLB_CodAugPerg_014_031r.tif","61","https://iiif.library.ucla.edu/iiif/2/ark%3A%2F21198%2Fzz0028ddpx","","","","","text","pd","","manuscripts (document genre)","","","","","","","f. 31r","","","","","","","","","","","","succeeded"
"St Gall Manuscripts","ark:/21198/zz0028ddqf","ark:/21198/zz00289pjc","2","Completed","Page","StGall/masters/karlsruhe_014/BLB_CodAugPerg_014_031v.tif","62","https://iiif.library.ucla.edu/iiif/2/ark%3A%2F21198%2Fzz0028ddqf","","","","","text","pd","","manuscripts (document genre)","","","","","","","f. 31v","","","","","","","","","","","","succeeded"
"St Gall Manuscripts","ark:/21198/zz0028ddrz","ark:/21198/zz00289pjc","2","Completed","Page","StGall/masters/karlsruhe_014/BLB_CodAugPerg_014_032r.tif","63","https://iiif.library.ucla.edu/iiif/2/ark%3A%2F21198%2Fzz0028ddrz","","","","","text","pd","","manuscripts (document genre)","","","","","","","f. 32r","","","","","","","","","","","","succeeded"
"St Gall Manuscripts","ark:/21198/zz0028ddsg","ark:/21198/zz00289pjc","2","Completed","Page","StGall/masters/karlsruhe_014/BLB_CodAugPerg_014_032v.tif","64","https://iiif.library.ucla.edu/iiif/2/ark%3A%2F21198%2Fzz0028ddsg","","","","","text","pd","","manuscripts (document genre)","","","","","","","f. 32v","","","","","","","","","","","","succeeded"
"St Gall Manuscripts","ark:/21198/zz0028ddt0","ark:/21198/zz00289pjc","2","Completed","Page","StGall/masters/karlsruhe_014/BLB_CodAugPerg_014_033r.tif","65","https://iiif.library.ucla.edu/iiif/2/ark%3A%2F21198%2Fzz0028ddt0","","","","","text","pd","","manuscripts (document genre)","","","","","","","f. 33r","","","","","","","","","","","","succeeded"
"St Gall Manuscripts","ark:/21198/zz0028ddvh","ark:/21198/zz00289pjc","2","Completed","Page","StGall/masters/karlsruhe_014/BLB_CodAugPerg_014_033v.tif","66","https://iiif.library.ucla.edu/iiif/2/ark%3A%2F21198%2Fzz0028ddvh","","","","","text","pd","","manuscripts (document genre)","","","","","","","f. 33v","","","","","","","","","","","","succeeded"
"St Gall Manuscripts","ark:/21198/zz0028ddw1","ark:/21198/zz00289pjc","2","Completed","Page","StGall/masters/karlsruhe_014/BLB_CodAugPerg_014_034r.tif","67","https://iiif.library.ucla.edu/iiif/2/ark%3A%2F21198%2Fzz0028ddw1","","","","","text","pd","","manuscripts (document genre)","","","","","","","f. 34r","","","","","","","","","","","","succeeded"
"St Gall Manuscripts","ark:/21198/zz0028ddxj","ark:/21198/zz00289pjc","2","Completed","Page","StGall/masters/karlsruhe_014/BLB_CodAugPerg_014_034v.tif","68","https://iiif.library.ucla.edu/iiif/2/ark%3A%2F21198%2Fzz0028ddxj","","","","","text","pd","","manuscripts (document genre)","","","","","","","f. 34v","","","","","","","","","","","","succeeded"
"St Gall Manuscripts","ark:/21198/zz0028ddz2","ark:/21198/zz00289pjc","2","Completed","Page","StGall/masters/karlsruhe_014/BLB_CodAugPerg_014_035r.tif","69","https://iiif.library.ucla.edu/iiif/2/ark%3A%2F21198%2Fzz0028ddz2","","","","","text","pd","","manuscripts (document genre)","","","","","","","f. 35r","","","","","","","","","","","","succeeded"
"St Gall Manuscripts","ark:/21198/zz0028df02","ark:/21198/zz00289pjc","2","Completed","Page","StGall/masters/karlsruhe_014/BLB_CodAugPerg_014_035v.tif","70","https://iiif.library.ucla.edu/iiif/2/ark%3A%2F21198%2Fzz0028df02","","","","","text","pd","","manuscripts (document genre)","","","","","","","f. 35v","","","","","","","","","","","","succeeded"
"St Gall Manuscripts","ark:/21198/zz0028df1k","ark:/21198/zz00289pjc","2","Completed","Page","StGall/masters/karlsruhe_014/BLB_CodAugPerg_014_036r.tif","71","https://iiif.library.ucla.edu/iiif/2/ark%3A%2F21198%2Fzz0028df1k","","","","","text","pd","","manuscripts (document genre)","","","","","","","f. 36r","","","","","","","","","","","","succeeded"
"St Gall Manuscripts","ark:/21198/zz0028df23","ark:/21198/zz00289pjc","2","Completed","Page","StGall/masters/karlsruhe_014/BLB_CodAugPerg_014_036v.tif","72","https://iiif.library.ucla.edu/iiif/2/ark%3A%2F21198%2Fzz0028df23","","","","","text","pd","","manuscripts (document genre)","","","","","","","f. 36v","","","","","","","","","","","","succeeded"
"St Gall Manuscripts","ark:/21198/zz0028df3m","ark:/21198/zz00289pjc","2","Completed","Page","StGall/masters/karlsruhe_014/BLB_CodAugPerg_014_037r.tif","73","https://iiif.library.ucla.edu/iiif/2/ark%3A%2F21198%2Fzz0028df3m","","","","","text","pd","","manuscripts (document genre)","","","","","","","f. 37r","","","","","","","","","","","","succeeded"
"St Gall Manuscripts","ark:/21198/zz0028df44","ark:/21198/zz00289pjc","2","Completed","Page","StGall/masters/karlsruhe_014/BLB_CodAugPerg_014_037v.tif","74","https://iiif.library.ucla.edu/iiif/2/ark%3A%2F21198%2Fzz0028df44","","","","","text","pd","","manuscripts (document genre)","","","","","","","f. 37v","","","","","","","","","","","","succeeded"
"St Gall Manuscripts","ark:/21198/zz0028df5n","ark:/21198/zz00289pjc","2","Completed","Page","StGall/masters/karlsruhe_014/BLB_CodAugPerg_014_038r.tif","75","","","","","","text","pd","","manuscripts (document genre)","","","","","","","f. 38r","","","","","","","","","","","","failed"
"St Gall Manuscripts","ark:/21198/zz0028df65","ark:/21198/zz00289pjc","2","Completed","Page","StGall/masters/karlsruhe_014/BLB_CodAugPerg_014_038v.tif","76","https://iiif.library.ucla.edu/iiif/2/ark%3A%2F21198%2Fzz0028df65","","","","","text","pd","","manuscripts (document genre)","","","","","","","f. 38v","","","","","","","","","","","","succeeded"
"St Gall Manuscripts","ark:/21198/zz0028df7p","ark:/21198/zz00289pjc","2","Completed","Page","StGall/masters/karlsruhe_014/BLB_CodAugPerg_014_039r.tif","77","https://iiif.library.ucla.edu/iiif/2/ark%3A%2F21198%2Fzz0028df7p","","","","","text","pd","","manuscripts (document genre)","","","","","","","f. 39r","","","","","","","","","","","","succeeded"
"St Gall Manuscripts","ark:/21198/zz0028df86","ark:/21198/zz00289pjc","2","Completed","Page","StGall/masters/karlsruhe_014/BLB_CodAugPerg_014_039v.tif","78","https://iiif.library.ucla.edu/iiif/2/ark%3A%2F21198%2Fzz0028df86","","","","","text","pd","","manuscripts (document genre)","","","","","","","f. 39v","","","","","","","","","","","","succeeded"
"St Gall Manuscripts","ark:/21198/zz0028df9q","ark:/21198/zz00289pjc","2","Completed","Page","StGall/masters/karlsruhe_014/BLB_CodAugPerg_014_040r.tif","79","https://iiif.library.ucla.edu/iiif/2/ark%3A%2F21198%2Fzz0028df9q","","","","","text","pd","","manuscripts (document genre)","","","","","","","f. 40r","","","","","","","","","","","","succeeded"
"St Gall Manuscripts","ark:/21198/zz0028dfb7","ark:/21198/zz00289pjc","2","Completed","Page","StGall/masters/karlsruhe_014/BLB_CodAugPerg_014_040v.tif","80","https://iiif.library.ucla.edu/iiif/2/ark%3A%2F21198%2Fzz0028dfb7","","","","","text","pd","","manuscripts (document genre)","","","","","","","f. 40v","","","","","","","","","","","","succeeded"
"St Gall Manuscripts","ark:/21198/zz0028dfcr","ark:/21198/zz00289pjc","2","Completed","Page","StGall/masters/karlsruhe_014/BLB_CodAugPerg_014_041r.tif","81","https://iiif.library.ucla.edu/iiif/2/ark%3A%2F21198%2Fzz0028dfcr","","","","","text","pd","","manuscripts (document genre)","","","","","","","f. 41r","","","","","","","","","","","","succeeded"
"St Gall Manuscripts","ark:/21198/zz0028dfd8","ark:/21198/zz00289pjc","2","Completed","Page","StGall/masters/karlsruhe_014/BLB_CodAugPerg_014_041v.tif","82","https://iiif.library.ucla.edu/iiif/2/ark%3A%2F21198%2Fzz0028dfd8","","","","","text","pd","","manuscripts (document genre)","","","","","","","f. 41v","","","","","","","","","","","","succeeded"
"St Gall Manuscripts","ark:/21198/zz0028dffs","ark:/21198/zz00289pjc","2","Completed","Page","StGall/masters/karlsruhe_014/BLB_CodAugPerg_014_042r.tif","83","https://iiif.library.ucla.edu/iiif/2/ark%3A%2F21198%2Fzz0028dffs","","","","","text","pd","","manuscripts (document genre)","","","","","","","f. 42r","","","","","","","","","","","","succeeded"
"St Gall Manuscripts","ark:/21198/zz0028dfg9","ark:/21198/zz00289pjc","2","Completed","Page","StGall/masters/karlsruhe_014/BLB_CodAugPerg_014_042v.tif","84","https://iiif.library.ucla.edu/iiif/2/ark%3A%2F21198%2Fzz0028dfg9","","","","","text","pd","","manuscripts (document genre)","","","","","","","f. 42v","","","","","","","","","","","","succeeded"
"St Gall Manuscripts","ark:/21198/zz0028dfht","ark:/21198/zz00289pjc","2","Completed","Page","StGall/masters/karlsruhe_014/BLB_CodAugPerg_014_043r.tif","85","https://iiif.library.ucla.edu/iiif/2/ark%3A%2F21198%2Fzz0028dfht","","","","","text","pd","","manuscripts (document genre)","","","","","","","f. 43r","","","","","","","","","","","","succeeded"
"St Gall Manuscripts","ark:/21198/zz0028dfjb","ark:/21198/zz00289pjc","2","Completed","Page","StGall/masters/karlsruhe_014/BLB_CodAugPerg_014_043v.tif","86","","","","","","text","pd","","manuscripts (document genre)","","","","","","","f. 43v","","","","","","","","","","","","failed"
"St Gall Manuscripts","ark:/21198/zz0028dfkv","ark:/21198/zz00289pjc","2","Completed","Page","StGall/masters/karlsruhe_014/BLB_CodAugPerg_014_044r.tif","87","","","","","","text","pd","","manuscripts (document genre)","","","","","","","f. 44r","","","","","","","","","","","","failed"
"St Gall Manuscripts","ark:/21198/zz0028dfmc","ark:/21198/zz00289pjc","2","Completed","Page","StGall/masters/karlsruhe_014/BLB_CodAugPerg_014_044v.tif","88","https://iiif.library.ucla.edu/iiif/2/ark%3A%2F21198%2Fzz0028dfmc","","","","","text","pd","","manuscripts (document genre)","","","","","","","f. 44v","","","","","","","","","","","","succeeded"
"St Gall Manuscripts","ark:/21198/zz0028dfnw","ark:/21198/zz00289pjc","2","Completed","Page","StGall/masters/karlsruhe_014/BLB_CodAugPerg_014_045r.tif","89","https://iiif.library.ucla.edu/iiif/2/ark%3A%2F21198%2Fzz0028dfnw","","","","","text","pd","","manuscripts (document genre)","","","","","","","f. 45r","","","","","","","","","","","","succeeded"
"St Gall Manuscripts","ark:/21198/zz0028dfpd","ark:/21198/zz00289pjc","2","Completed","Page","StGall/masters/karlsruhe_014/BLB_CodAugPerg_014_045v.tif","90","https://iiif.library.ucla.edu/iiif/2/ark%3A%2F21198%2Fzz0028dfpd","","","","","text","pd","","manuscripts (document genre)","","","","","","","f. 45v","","","","","","","","","","","","succeeded"
"St Gall Manuscripts","ark:/21198/zz0028dfqx","ark:/21198/zz00289pjc","2","Completed","Page","StGall/masters/karlsruhe_014/BLB_CodAugPerg_014_046r.tif","91","https://iiif.library.ucla.edu/iiif/2/ark%3A%2F21198%2Fzz0028dfqx","","","","","text","pd","","manuscripts (document genre)","","","","","","","f. 46r","","","","","","","","","","","","succeeded"
"St Gall Manuscripts","ark:/21198/zz0028dfrf","ark:/21198/zz00289pjc","2","Completed","Page","StGall/masters/karlsruhe_014/BLB_CodAugPerg_014_046v.tif","92","https://iiif.library.ucla.edu/iiif/2/ark%3A%2F21198%2Fzz0028dfrf","","","","","text","pd","","manuscripts (document genre)","","","","","","","f. 46v","","","","","","","","","","","","succeeded"
"St Gall Manuscripts","ark:/21198/zz0028dfsz","ark:/21198/zz00289pjc","2","Completed","Page","StGall/masters/karlsruhe_014/BLB_CodAugPerg_014_047r.tif","93","https://iiif.library.ucla.edu/iiif/2/ark%3A%2F21198%2Fzz0028dfsz","","","","","text","pd","","manuscripts (document genre)","","","","","","","f. 47r","","","","","","","","","","","","succeeded"
"St Gall Manuscripts","ark:/21198/zz0028dftg","ark:/21198/zz00289pjc","2","Completed","Page","StGall/masters/karlsruhe_014/BLB_CodAugPerg_014_047v.tif","94","https://iiif.library.ucla.edu/iiif/2/ark%3A%2F21198%2Fzz0028dftg","","","","","text","pd","","manuscripts (document genre)","","","","","","","f. 47v","","","","","","","","","","","","succeeded"
"St Gall Manuscripts","ark:/21198/zz0028dfv0","ark:/21198/zz00289pjc","2","Completed","Page","StGall/masters/karlsruhe_014/BLB_CodAugPerg_014_048r.tif","95","https://iiif.library.ucla.edu/iiif/2/ark%3A%2F21198%2Fzz0028dfv0","","","","","text","pd","","manuscripts (document genre)","","","","","","","f. 48r","","","","","","","","","","","","succeeded"
"St Gall Manuscripts","ark:/21198/zz0028dfwh","ark:/21198/zz00289pjc","2","Completed","Page","StGall/masters/karlsruhe_014/BLB_CodAugPerg_014_048v.tif","96","https://iiif.library.ucla.edu/iiif/2/ark%3A%2F21198%2Fzz0028dfwh","","","","","text","pd","","manuscripts (document genre)","","","","","","","f. 48v","","","","","","","","","","","","succeeded"
"St Gall Manuscripts","ark:/21198/zz0028dfx1","ark:/21198/zz00289pjc","2","Completed","Page","StGall/masters/karlsruhe_014/BLB_CodAugPerg_014_049r.tif","97","https://iiif.library.ucla.edu/iiif/2/ark%3A%2F21198%2Fzz0028dfx1","","","","","text","pd","","manuscripts (document genre)","","","","","","","f. 49r","","","","","","","","","","","","succeeded"
"St Gall Manuscripts","ark:/21198/zz0028dfzj","ark:/21198/zz00289pjc","2","Completed","Page","StGall/masters/karlsruhe_014/BLB_CodAugPerg_014_049v.tif","98","https://iiif.library.ucla.edu/iiif/2/ark%3A%2F21198%2Fzz0028dfzj","","","","","text","pd","","manuscripts (document genre)","","","","","","","f. 49v","","","","","","","","","","","","succeeded"
"St Gall Manuscripts","ark:/21198/zz0028dg0j","ark:/21198/zz00289pjc","2","Completed","Page","StGall/masters/karlsruhe_014/BLB_CodAugPerg_014_050r.tif","99","","","","","","text","pd","","manuscripts (document genre)","","","","","","","f. 50r","","","","","","","","","","","","failed"
"St Gall Manuscripts","ark:/21198/zz0028dg12","ark:/21198/zz00289pjc","2","Completed","Page","StGall/masters/karlsruhe_014/BLB_CodAugPerg_014_050v.tif","100","https://iiif.library.ucla.edu/iiif/2/ark%3A%2F21198%2Fzz0028dg12","","","","","text","pd","","manuscripts (document genre)","","","","","","","f. 50v","","","","","","","","","","","","succeeded"
"St Gall Manuscripts","ark:/21198/zz0028dg2k","ark:/21198/zz00289pjc","2","Completed","Page","StGall/masters/karlsruhe_014/BLB_CodAugPerg_014_051r.tif","101","https://iiif.library.ucla.edu/iiif/2/ark%3A%2F21198%2Fzz0028dg2k","","","","","text","pd","","manuscripts (document genre)","","","","","","","f. 51r","","","","","","","","","","","","succeeded"
"St Gall Manuscripts","ark:/21198/zz0028dg33","ark:/21198/zz00289pjc","2","Completed","Page","StGall/masters/karlsruhe_014/BLB_CodAugPerg_014_051v.tif","102","","","","","","text","pd","","manuscripts (document genre)","","","","","","","f. 51v","","","","","","","","","","","","failed"
"St Gall Manuscripts","ark:/21198/zz0028dg4m","ark:/21198/zz00289pjc","2","Completed","Page","StGall/masters/karlsruhe_014/BLB_CodAugPerg_014_052r.tif","103","https://iiif.library.ucla.edu/iiif/2/ark%3A%2F21198%2Fzz0028dg4m","","","","","text","pd","","manuscripts (document genre)","","","","","","","f. 52r","","","","","","","","","","","","succeeded"
"St Gall Manuscripts","ark:/21198/zz0028dg54","ark:/21198/zz00289pjc","2","Completed","Page","StGall/masters/karlsruhe_014/BLB_CodAugPerg_014_052v.tif","104","https://iiif.library.ucla.edu/iiif/2/ark%3A%2F21198%2Fzz0028dg54","","","","","text","pd","","manuscripts (document genre)","","","","","","","f. 52v","","","","","","","","","","","","succeeded"
"St Gall Manuscripts","ark:/21198/zz0028dg6n","ark:/21198/zz00289pjc","2","Completed","Page","StGall/masters/karlsruhe_014/BLB_CodAugPerg_014_053r.tif","105","https://iiif.library.ucla.edu/iiif/2/ark%3A%2F21198%2Fzz0028dg6n","","","","","text","pd","","manuscripts (document genre)","","","","","","","f. 53r","","","","","","","","","","","","succeeded"
"St Gall Manuscripts","ark:/21198/zz0028dg75","ark:/21198/zz00289pjc","2","Completed","Page","StGall/masters/karlsruhe_014/BLB_CodAugPerg_014_053v.tif","106","https://iiif.library.ucla.edu/iiif/2/ark%3A%2F21198%2Fzz0028dg75","","","","","text","pd","","manuscripts (document genre)","","","","","","","f. 53v","","","","","","","","","","","","succeeded"
"St Gall Manuscripts","ark:/21198/zz0028dg8p","ark:/21198/zz00289pjc","2","Completed","Page","StGall/masters/karlsruhe_014/BLB_CodAugPerg_014_054r.tif","107","https://iiif.library.ucla.edu/iiif/2/ark%3A%2F21198%2Fzz0028dg8p","","","","","text","pd","","manuscripts (document genre)","","","","","","","f. 54r","","","","","","","","","","","","succeeded"
"St Gall Manuscripts","ark:/21198/zz0028dg96","ark:/21198/zz00289pjc","2","Completed","Page","StGall/masters/karlsruhe_014/BLB_CodAugPerg_014_054v.tif","108","https://iiif.library.ucla.edu/iiif/2/ark%3A%2F21198%2Fzz0028dg96","","","","","text","pd","","manuscripts (document genre)","","","","","","","f. 54v","","","","","","","","","","","","succeeded"
"St Gall Manuscripts","ark:/21198/zz0028dgbq","ark:/21198/zz00289pjc","2","Completed","Page","StGall/masters/karlsruhe_014/BLB_CodAugPerg_014_055r.tif","109","https://iiif.library.ucla.edu/iiif/2/ark%3A%2F21198%2Fzz0028dgbq","","","","","text","pd","","manuscripts (document genre)","","","","","","","f. 55r","","","","","","","","","","","","succeeded"
"St Gall Manuscripts","ark:/21198/zz0028dgc7","ark:/21198/zz00289pjc","2","Completed","Page","StGall/masters/karlsruhe_014/BLB_CodAugPerg_014_055v.tif","110","https://iiif.library.ucla.edu/iiif/2/ark%3A%2F21198%2Fzz0028dgc7","","","","","text","pd","","manuscripts (document genre)","","","","","","","f. 55v","","","","","","","","","","","","succeeded"
"St Gall Manuscripts","ark:/21198/zz0028dgdr","ark:/21198/zz00289pjc","2","Completed","Page","StGall/masters/karlsruhe_014/BLB_CodAugPerg_014_056r.tif","111","https://iiif.library.ucla.edu/iiif/2/ark%3A%2F21198%2Fzz0028dgdr","","","","","text","pd","","manuscripts (document genre)","","","","","","","f. 56r","","","","","","","","","","","","succeeded"
"St Gall Manuscripts","ark:/21198/zz0028dgf8","ark:/21198/zz00289pjc","2","Completed","Page","StGall/masters/karlsruhe_014/BLB_CodAugPerg_014_056v.tif","112","https://iiif.library.ucla.edu/iiif/2/ark%3A%2F21198%2Fzz0028dgf8","","","","","text","pd","","manuscripts (document genre)","","","","","","","f. 56v","","","","","","","","","","","","succeeded"
"St Gall Manuscripts","ark:/21198/zz0028dggs","ark:/21198/zz00289pjc","2","Completed","Page","StGall/masters/karlsruhe_014/BLB_CodAugPerg_014_057r.tif","113","https://iiif.library.ucla.edu/iiif/2/ark%3A%2F21198%2Fzz0028dggs","","","","","text","pd","","manuscripts (document genre)","","","","","","","f. 57r","","","","","","","","","","","","succeeded"
"St Gall Manuscripts","ark:/21198/zz0028dgh9","ark:/21198/zz00289pjc","2","Completed","Page","StGall/masters/karlsruhe_014/BLB_CodAugPerg_014_057v.tif","114","https://iiif.library.ucla.edu/iiif/2/ark%3A%2F21198%2Fzz0028dgh9","","","","","text","pd","","manuscripts (document genre)","","","","","","","f. 57v","","","","","","","","","","","","succeeded"
"St Gall Manuscripts","ark:/21198/zz0028dgjt","ark:/21198/zz00289pjc","2","Completed","Page","StGall/masters/karlsruhe_014/BLB_CodAugPerg_014_058r.tif","115","https://iiif.library.ucla.edu/iiif/2/ark%3A%2F21198%2Fzz0028dgjt","","","","","text","pd","","manuscripts (document genre)","","","","","","","f. 58r","","","","","","","","","","","","succeeded"
"St Gall Manuscripts","ark:/21198/zz0028dgkb","ark:/21198/zz00289pjc","2","Completed","Page","StGall/masters/karlsruhe_014/BLB_CodAugPerg_014_058v.tif","116","https://iiif.library.ucla.edu/iiif/2/ark%3A%2F21198%2Fzz0028dgkb","","","","","text","pd","","manuscripts (document genre)","","","","","","","f. 58v","","","","","","","","","","","","succeeded"
"St Gall Manuscripts","ark:/21198/zz0028dgmv","ark:/21198/zz00289pjc","2","Completed","Page","StGall/masters/karlsruhe_014/BLB_CodAugPerg_014_059r.tif","117","https://iiif.library.ucla.edu/iiif/2/ark%3A%2F21198%2Fzz0028dgmv","","","","","text","pd","","manuscripts (document genre)","","","","","","","f. 59r","","","","","","","","","","","","succeeded"
"St Gall Manuscripts","ark:/21198/zz0028dgnc","ark:/21198/zz00289pjc","2","Completed","Page","StGall/masters/karlsruhe_014/BLB_CodAugPerg_014_059v.tif","118","https://iiif.library.ucla.edu/iiif/2/ark%3A%2F21198%2Fzz0028dgnc","","","","","text","pd","","manuscripts (document genre)","","","","","","","f. 59v","","","","","","","","","","","","succeeded"
"St Gall Manuscripts","ark:/21198/zz0028dgpw","ark:/21198/zz00289pjc","2","Completed","Page","StGall/masters/karlsruhe_014/BLB_CodAugPerg_014_060r.tif","119","https://iiif.library.ucla.edu/iiif/2/ark%3A%2F21198%2Fzz0028dgpw","","","","","text","pd","","manuscripts (document genre)","","","","","","","f. 60r","","","","","","","","","","","","succeeded"
"St Gall Manuscripts","ark:/21198/zz0028dgqd","ark:/21198/zz00289pjc","2","Completed","Page","StGall/masters/karlsruhe_014/BLB_CodAugPerg_014_060v.tif","120","https://iiif.library.ucla.edu/iiif/2/ark%3A%2F21198%2Fzz0028dgqd","","","","","text","pd","","manuscripts (document genre)","","","","","","","f. 60v","","","","","","","","","","","","succeeded"
"St Gall Manuscripts","ark:/21198/zz0028dgrx","ark:/21198/zz00289pjc","2","Completed","Page","StGall/masters/karlsruhe_014/BLB_CodAugPerg_014_061r.tif","121","https://iiif.library.ucla.edu/iiif/2/ark%3A%2F21198%2Fzz0028dgrx","","","","","text","pd","","manuscripts (document genre)","","","","","","","f. 61r","","","","","","","","","","","","succeeded"
"St Gall Manuscripts","ark:/21198/zz0028dgsf","ark:/21198/zz00289pjc","2","Completed","Page","StGall/masters/karlsruhe_014/BLB_CodAugPerg_014_061v.tif","122","https://iiif.library.ucla.edu/iiif/2/ark%3A%2F21198%2Fzz0028dgsf","","","","","text","pd","","manuscripts (document genre)","","","","","","","f. 61v","","","","","","","","","","","","succeeded"
"St Gall Manuscripts","ark:/21198/zz0028dgtz","ark:/21198/zz00289pjc","2","Completed","Page","StGall/masters/karlsruhe_014/BLB_CodAugPerg_014_062r.tif","123","https://iiif.library.ucla.edu/iiif/2/ark%3A%2F21198%2Fzz0028dgtz","","","","","text","pd","","manuscripts (document genre)","","","","","","","f. 62r","","","","","","","","","","","","succeeded"
"St Gall Manuscripts","ark:/21198/zz0028dgvg","ark:/21198/zz00289pjc","2","Completed","Page","StGall/masters/karlsruhe_014/BLB_CodAugPerg_014_062v.tif","124","https://iiif.library.ucla.edu/iiif/2/ark%3A%2F21198%2Fzz0028dgvg","","","","","text","pd","","manuscripts (document genre)","","","","","","","f. 62v","","","","","","","","","","","","succeeded"
"St Gall Manuscripts","ark:/21198/zz0028dgw0","ark:/21198/zz00289pjc","2","Completed","Page","StGall/masters/karlsruhe_014/BLB_CodAugPerg_014_063r.tif","125","https://iiif.library.ucla.edu/iiif/2/ark%3A%2F21198%2Fzz0028dgw0","","","","","text","pd","","manuscripts (document genre)","","","","","","","f. 63r","","","","","","","","","","","","succeeded"
"St Gall Manuscripts","ark:/21198/zz0028dgxh","ark:/21198/zz00289pjc","2","Completed","Page","StGall/masters/karlsruhe_014/BLB_CodAugPerg_014_063v.tif","126","https://iiif.library.ucla.edu/iiif/2/ark%3A%2F21198%2Fzz0028dgxh","","","","","text","pd","","manuscripts (document genre)","","","","","","","f. 63v","","","","","","","","","","","","succeeded"
"St Gall Manuscripts","ark:/21198/zz0028dgz1","ark:/21198/zz00289pjc","2","Completed","Page","StGall/masters/karlsruhe_014/BLB_CodAugPerg_014_064r.tif","127","https://iiif.library.ucla.edu/iiif/2/ark%3A%2F21198%2Fzz0028dgz1","","","","","text","pd","","manuscripts (document genre)","","","","","","","f. 64r","","","","","","","","","","","","succeeded"
"St Gall Manuscripts","ark:/21198/zz0028dh01","ark:/21198/zz00289pjc","2","Completed","Page","StGall/masters/karlsruhe_014/BLB_CodAugPerg_014_064v.tif","128","https://iiif.library.ucla.edu/iiif/2/ark%3A%2F21198%2Fzz0028dh01","","","","","text","pd","","manuscripts (document genre)","","","","","","","f. 64v","","","","","","","","","","","","succeeded"
"St Gall Manuscripts","ark:/21198/zz0028dh1j","ark:/21198/zz00289pjc","2","Completed","Page","StGall/masters/karlsruhe_014/BLB_CodAugPerg_014_065r.tif","129","https://iiif.library.ucla.edu/iiif/2/ark%3A%2F21198%2Fzz0028dh1j","","","","","text","pd","","manuscripts (document genre)","","","","","","","f. 65r","","","","","","","","","","","","succeeded"
"St Gall Manuscripts","ark:/21198/zz0028dh22","ark:/21198/zz00289pjc","2","Completed","Page","StGall/masters/karlsruhe_014/BLB_CodAugPerg_014_065v.tif","130","https://iiif.library.ucla.edu/iiif/2/ark%3A%2F21198%2Fzz0028dh22","","","","","text","pd","","manuscripts (document genre)","","","","","","","f. 65v","","","","","","","","","","","","succeeded"
"St Gall Manuscripts","ark:/21198/zz0028dh3k","ark:/21198/zz00289pjc","2","Completed","Page","StGall/masters/karlsruhe_014/BLB_CodAugPerg_014_066r.tif","131","https://iiif.library.ucla.edu/iiif/2/ark%3A%2F21198%2Fzz0028dh3k","","","","","text","pd","","manuscripts (document genre)","","","","","","","f. 66r","","","","","","","","","","","","succeeded"
"St Gall Manuscripts","ark:/21198/zz0028dh43","ark:/21198/zz00289pjc","2","Completed","Page","StGall/masters/karlsruhe_014/BLB_CodAugPerg_014_066v.tif","132","https://iiif.library.ucla.edu/iiif/2/ark%3A%2F21198%2Fzz0028dh43","","","","","text","pd","","manuscripts (document genre)","","","","","","","f. 66v","","","","","","","","","","","","succeeded"
"St Gall Manuscripts","ark:/21198/zz0028dh5m","ark:/21198/zz00289pjc","2","Completed","Page","StGall/masters/karlsruhe_014/BLB_CodAugPerg_014_067r.tif","133","https://iiif.library.ucla.edu/iiif/2/ark%3A%2F21198%2Fzz0028dh5m","","","","","text","pd","","manuscripts (document genre)","","","","","","","f. 67r","","","","","","","","","","","","succeeded"
"St Gall Manuscripts","ark:/21198/zz0028dh64","ark:/21198/zz00289pjc","2","Completed","Page","StGall/masters/karlsruhe_014/BLB_CodAugPerg_014_067v.tif","134","https://iiif.library.ucla.edu/iiif/2/ark%3A%2F21198%2Fzz0028dh64","","","","","text","pd","","manuscripts (document genre)","","","","","","","f. 67v","","","","","","","","","","","","succeeded"
"St Gall Manuscripts","ark:/21198/zz0028dh7n","ark:/21198/zz00289pjc","2","Completed","Page","StGall/masters/karlsruhe_014/BLB_CodAugPerg_014_068r.tif","135","https://iiif.library.ucla.edu/iiif/2/ark%3A%2F21198%2Fzz0028dh7n","","","","","text","pd","","manuscripts (document genre)","","","","","","","f. 68r","","","","","","","","","","","","succeeded"
"St Gall Manuscripts","ark:/21198/zz0028dh85","ark:/21198/zz00289pjc","2","Completed","Page","StGall/masters/karlsruhe_014/BLB_CodAugPerg_014_068v.tif","136","https://iiif.library.ucla.edu/iiif/2/ark%3A%2F21198%2Fzz0028dh85","","","","","text","pd","","manuscripts (document genre)","","","","","","","f. 68v","","","","","","","","","","","","succeeded"
"St Gall Manuscripts","ark:/21198/zz0028dh9p","ark:/21198/zz00289pjc","2","Completed","Page","StGall/masters/karlsruhe_014/BLB_CodAugPerg_014_069r.tif","137","https://iiif.library.ucla.edu/iiif/2/ark%3A%2F21198%2Fzz0028dh9p","","","","","text","pd","","manuscripts (document genre)","","","","","","","f. 69r","","","","","","","","","","","","succeeded"
"St Gall Manuscripts","ark:/21198/zz0028dhb6","ark:/21198/zz00289pjc","2","Completed","Page","StGall/masters/karlsruhe_014/BLB_CodAugPerg_014_069v.tif","138","https://iiif.library.ucla.edu/iiif/2/ark%3A%2F21198%2Fzz0028dhb6","","","","","text","pd","","manuscripts (document genre)","","","","","","","f. 69v","","","","","","","","","","","","succeeded"
"St Gall Manuscripts","ark:/21198/zz0028dhcq","ark:/21198/zz00289pjc","2","Completed","Page","StGall/masters/karlsruhe_014/BLB_CodAugPerg_014_070r.tif","139","https://iiif.library.ucla.edu/iiif/2/ark%3A%2F21198%2Fzz0028dhcq","","","","","text","pd","","manuscripts (document genre)","","","","","","","f. 70r","","","","","","","","","","","","succeeded"
"St Gall Manuscripts","ark:/21198/zz0028dhd7","ark:/21198/zz00289pjc","2","Completed","Page","StGall/masters/karlsruhe_014/BLB_CodAugPerg_014_070v.tif","140","","","","","","text","pd","","manuscripts (document genre)","","","","","","","f. 70v","","","","","","","","","","","","failed"
"St Gall Manuscripts","ark:/21198/zz0028dhfr","ark:/21198/zz00289pjc","2","Completed","Page","StGall/masters/karlsruhe_014/BLB_CodAugPerg_014_071r.tif","141","https://iiif.library.ucla.edu/iiif/2/ark%3A%2F21198%2Fzz0028dhfr","","","","","text","pd","","manuscripts (document genre)","","","","","","","f. 71r","","","","","","","","","","","","succeeded"
"St Gall Manuscripts","ark:/21198/zz0028dhg8","ark:/21198/zz00289pjc","2","Completed","Page","StGall/masters/karlsruhe_014/BLB_CodAugPerg_014_071v.tif","142","https://iiif.library.ucla.edu/iiif/2/ark%3A%2F21198%2Fzz0028dhg8","","","","","text","pd","","manuscripts (document genre)","","","","","","","f. 71v","","","","","","","","","","","","succeeded"
"St Gall Manuscripts","ark:/21198/zz0028dhhs","ark:/21198/zz00289pjc","2","Completed","Page","StGall/masters/karlsruhe_014/BLB_CodAugPerg_014_072r.tif","143","https://iiif.library.ucla.edu/iiif/2/ark%3A%2F21198%2Fzz0028dhhs","","","","","text","pd","","manuscripts (document genre)","","","","","","","f. 72r","","","","","","","","","","","","succeeded"
"St Gall Manuscripts","ark:/21198/zz0028dhj9","ark:/21198/zz00289pjc","2","Completed","Page","StGall/masters/karlsruhe_014/BLB_CodAugPerg_014_072v.tif","144","https://iiif.library.ucla.edu/iiif/2/ark%3A%2F21198%2Fzz0028dhj9","","","","","text","pd","","manuscripts (document genre)","","","","","","","f. 72v","","","","","","","","","","","","succeeded"
"St Gall Manuscripts","ark:/21198/zz0028dhkt","ark:/21198/zz00289pjc","2","Completed","Page","StGall/masters/karlsruhe_014/BLB_CodAugPerg_014_073r.tif","145","","","","","","text","pd","","manuscripts (document genre)","","","","","","","f. 73r","","","","","","","","","","","","failed"
"St Gall Manuscripts","ark:/21198/zz0028dhmb","ark:/21198/zz00289pjc","2","Completed","Page","StGall/masters/karlsruhe_014/BLB_CodAugPerg_014_073v.tif","146","https://iiif.library.ucla.edu/iiif/2/ark%3A%2F21198%2Fzz0028dhmb","","","","","text","pd","","manuscripts (document genre)","","","","","","","f. 73v","","","","","","","","","","","","succeeded"
"St Gall Manuscripts","ark:/21198/zz0028dhnv","ark:/21198/zz00289pjc","2","Completed","Page","StGall/masters/karlsruhe_014/BLB_CodAugPerg_014_074r.tif","147","","","","","","text","pd","","manuscripts (document genre)","","","","","","","f. 74r","","","","","","","","","","","","failed"
"St Gall Manuscripts","ark:/21198/zz0028dhpc","ark:/21198/zz00289pjc","2","Completed","Page","StGall/masters/karlsruhe_014/BLB_CodAugPerg_014_074v.tif","148","","","","","","text","pd","","manuscripts (document genre)","","","","","","","f. 74v","","","","","","","","","","","","failed"
"St Gall Manuscripts","ark:/21198/zz0028dhqw","ark:/21198/zz00289pjc","2","Completed","Page","StGall/masters/karlsruhe_014/BLB_CodAugPerg_014_075r.tif","149","","","","","","text","pd","","manuscripts (document genre)","","","","","","","f. 75r","","","","","","","","","","","","failed"
"St Gall Manuscripts","ark:/21198/zz0028dhrd","ark:/21198/zz00289pjc","2","Completed","Page","StGall/masters/karlsruhe_014/BLB_CodAugPerg_014_075v.tif","150","","","","","","text","pd","","manuscripts (document genre)","","","","","","","f. 75v","","","","","","","","","","","","failed"
"St Gall Manuscripts","ark:/21198/zz0028dhsx","ark:/21198/zz00289pjc","2","Completed","Page","StGall/masters/karlsruhe_014/BLB_CodAugPerg_014_076r.tif","151","","","","","","text","pd","","manuscripts (document genre)","","","","","","","f. 76r","","","","","","","","","","","","failed"
"St Gall Manuscripts","ark:/21198/zz0028dhtf","ark:/21198/zz00289pjc","2","Completed","Page","StGall/masters/karlsruhe_014/BLB_CodAugPerg_014_076v.tif","152","https://iiif.library.ucla.edu/iiif/2/ark%3A%2F21198%2Fzz0028dhtf","","","","","text","pd","","manuscripts (document genre)","","","","","","","f. 76v","","","","","","","","","","","","succeeded"
"St Gall Manuscripts","ark:/21198/zz0028dhvz","ark:/21198/zz00289pjc","2","Completed","Page","StGall/masters/karlsruhe_014/BLB_CodAugPerg_014_077r.tif","153","https://iiif.library.ucla.edu/iiif/2/ark%3A%2F21198%2Fzz0028dhvz","","","","","text","pd","","manuscripts (document genre)","","","","","","","f. 77r","","","","","","","","","","","","succeeded"
"St Gall Manuscripts","ark:/21198/zz0028dhwg","ark:/21198/zz00289pjc","2","Completed","Page","StGall/masters/karlsruhe_014/BLB_CodAugPerg_014_077v.tif","154","https://iiif.library.ucla.edu/iiif/2/ark%3A%2F21198%2Fzz0028dhwg","","","","","text","pd","","manuscripts (document genre)","","","","","","","f. 77v","","","","","","","","","","","","succeeded"
"St Gall Manuscripts","ark:/21198/zz0028dhx0","ark:/21198/zz00289pjc","2","Completed","Page","StGall/masters/karlsruhe_014/BLB_CodAugPerg_014_078r.tif","155","https://iiif.library.ucla.edu/iiif/2/ark%3A%2F21198%2Fzz0028dhx0","","","","","text","pd","","manuscripts (document genre)","","","","","","","f. 78r","","","","","","","","","","","","succeeded"
"St Gall Manuscripts","ark:/21198/zz0028dhzh","ark:/21198/zz00289pjc","2","Completed","Page","StGall/masters/karlsruhe_014/BLB_CodAugPerg_014_078v.tif","156","https://iiif.library.ucla.edu/iiif/2/ark%3A%2F21198%2Fzz0028dhzh","","","","","text","pd","","manuscripts (document genre)","","","","","","","f. 78v","","","","","","","","","","","","succeeded"
"St Gall Manuscripts","ark:/21198/zz0028dj0h","ark:/21198/zz00289pjc","2","Completed","Page","StGall/masters/karlsruhe_014/BLB_CodAugPerg_014_079r.tif","157","https://iiif.library.ucla.edu/iiif/2/ark%3A%2F21198%2Fzz0028dj0h","","","","","text","pd","","manuscripts (document genre)","","","","","","","f. 79r","","","","","","","","","","","","succeeded"
"St Gall Manuscripts","ark:/21198/zz0028dj11","ark:/21198/zz00289pjc","2","Completed","Page","StGall/masters/karlsruhe_014/BLB_CodAugPerg_014_079v.tif","158","","","","","","text","pd","","manuscripts (document genre)","","","","","","","f. 79v","","","","","","","","","","","","failed"
"St Gall Manuscripts","ark:/21198/zz0028dj2j","ark:/21198/zz00289pjc","2","Completed","Page","StGall/masters/karlsruhe_014/BLB_CodAugPerg_014_080r.tif","159","https://iiif.library.ucla.edu/iiif/2/ark%3A%2F21198%2Fzz0028dj2j","","","","","text","pd","","manuscripts (document genre)","","","","","","","f. 80r","","","","","","","","","","","","succeeded"
"St Gall Manuscripts","ark:/21198/zz0028dj32","ark:/21198/zz00289pjc","2","Completed","Page","StGall/masters/karlsruhe_014/BLB_CodAugPerg_014_080v.tif","160","https://iiif.library.ucla.edu/iiif/2/ark%3A%2F21198%2Fzz0028dj32","","","","","text","pd","","manuscripts (document genre)","","","","","","","f. 80v","","","","","","","","","","","","succeeded"
"St Gall Manuscripts","ark:/21198/zz0028dj4k","ark:/21198/zz00289pjc","2","Completed","Page","StGall/masters/karlsruhe_014/BLB_CodAugPerg_014_081r.tif","161","https://iiif.library.ucla.edu/iiif/2/ark%3A%2F21198%2Fzz0028dj4k","","","","","text","pd","","manuscripts (document genre)","","","","","","","f. 81r","","","","","","","","","","","","succeeded"
"St Gall Manuscripts","ark:/21198/zz0028dj53","ark:/21198/zz00289pjc","2","Completed","Page","StGall/masters/karlsruhe_014/BLB_CodAugPerg_014_081v.tif","162","https://iiif.library.ucla.edu/iiif/2/ark%3A%2F21198%2Fzz0028dj53","","","","","text","pd","","manuscripts (document genre)","","","","","","","f. 81v","","","","","","","","","","","","succeeded"
"St Gall Manuscripts","ark:/21198/zz0028dj6m","ark:/21198/zz00289pjc","2","Completed","Page","StGall/masters/karlsruhe_014/BLB_CodAugPerg_014_082r.tif","163","https://iiif.library.ucla.edu/iiif/2/ark%3A%2F21198%2Fzz0028dj6m","","","","","text","pd","","manuscripts (document genre)","","","","","","","f. 82r","","","","","","","","","","","","succeeded"
"St Gall Manuscripts","ark:/21198/zz0028dj74","ark:/21198/zz00289pjc","2","Completed","Page","StGall/masters/karlsruhe_014/BLB_CodAugPerg_014_082v.tif","164","https://iiif.library.ucla.edu/iiif/2/ark%3A%2F21198%2Fzz0028dj74","","","","","text","pd","","manuscripts (document genre)","","","","","","","f. 82v","","","","","","","","","","","","succeeded"
"St Gall Manuscripts","ark:/21198/zz0028dj8n","ark:/21198/zz00289pjc","2","Completed","Page","StGall/masters/karlsruhe_014/BLB_CodAugPerg_014_083r.tif","165","https://iiif.library.ucla.edu/iiif/2/ark%3A%2F21198%2Fzz0028dj8n","","","","","text","pd","","manuscripts (document genre)","","","","","","","f. 83r","","","","","","","","","","","","succeeded"
"St Gall Manuscripts","ark:/21198/zz0028dj95","ark:/21198/zz00289pjc","2","Completed","Page","StGall/masters/karlsruhe_014/BLB_CodAugPerg_014_083v.tif","166","https://iiif.library.ucla.edu/iiif/2/ark%3A%2F21198%2Fzz0028dj95","","","","","text","pd","","manuscripts (document genre)","","","","","","","f. 83v","","","","","","","","","","","","succeeded"
"St Gall Manuscripts","ark:/21198/zz0028djbp","ark:/21198/zz00289pjc","2","Completed","Page","StGall/masters/karlsruhe_014/BLB_CodAugPerg_014_084r.tif","167","https://iiif.library.ucla.edu/iiif/2/ark%3A%2F21198%2Fzz0028djbp","","","","","text","pd","","manuscripts (document genre)","","","","","","","f. 84r","","","","","","","","","","","","succeeded"
"St Gall Manuscripts","ark:/21198/zz0028djc6","ark:/21198/zz00289pjc","2","Completed","Page","StGall/masters/karlsruhe_014/BLB_CodAugPerg_014_084v.tif","168","https://iiif.library.ucla.edu/iiif/2/ark%3A%2F21198%2Fzz0028djc6","","","","","text","pd","","manuscripts (document genre)","","","","","","","f. 84v","","","","","","","","","","","","succeeded"
"St Gall Manuscripts","ark:/21198/zz0028djdq","ark:/21198/zz00289pjc","2","Completed","Page","StGall/masters/karlsruhe_014/BLB_CodAugPerg_014_085r.tif","169","https://iiif.library.ucla.edu/iiif/2/ark%3A%2F21198%2Fzz0028djdq","","","","","text","pd","","manuscripts (document genre)","","","","","","","f. 85r","","","","","","","","","","","","succeeded"
"St Gall Manuscripts","ark:/21198/zz0028djf7","ark:/21198/zz00289pjc","2","Completed","Page","StGall/masters/karlsruhe_014/BLB_CodAugPerg_014_085v.tif","170","","","","","","text","pd","","manuscripts (document genre)","","","","","","","f. 85v","","","","","","","","","","","","failed"
"St Gall Manuscripts","ark:/21198/zz0028djgr","ark:/21198/zz00289pjc","2","Completed","Page","StGall/masters/karlsruhe_014/BLB_CodAugPerg_014_086r.tif","171","https://iiif.library.ucla.edu/iiif/2/ark%3A%2F21198%2Fzz0028djgr","","","","","text","pd","","manuscripts (document genre)","","","","","","","f. 86r","","","","","","","","","","","","succeeded"
"St Gall Manuscripts","ark:/21198/zz0028djh8","ark:/21198/zz00289pjc","2","Completed","Page","StGall/masters/karlsruhe_014/BLB_CodAugPerg_014_086v.tif","172","https://iiif.library.ucla.edu/iiif/2/ark%3A%2F21198%2Fzz0028djh8","","","","","text","pd","","manuscripts (document genre)","","","","","","","f. 86v","","","","","","","","","","","","succeeded"
"St Gall Manuscripts","ark:/21198/zz0028djjs","ark:/21198/zz00289pjc","2","Completed","Page","StGall/masters/karlsruhe_014/BLB_CodAugPerg_014_087r.tif","173","https://iiif.library.ucla.edu/iiif/2/ark%3A%2F21198%2Fzz0028djjs","","","","","text","pd","","manuscripts (document genre)","","","","","","","f. 87r","","","","","","","","","","","","succeeded"
"St Gall Manuscripts","ark:/21198/zz0028djk9","ark:/21198/zz00289pjc","2","Completed","Page","StGall/masters/karlsruhe_014/BLB_CodAugPerg_014_087v.tif","174","https://iiif.library.ucla.edu/iiif/2/ark%3A%2F21198%2Fzz0028djk9","","","","","text","pd","","manuscripts (document genre)","","","","","","","f. 87v","","","","","","","","","","","","succeeded"
"St Gall Manuscripts","ark:/21198/zz0028djmt","ark:/21198/zz00289pjc","2","Completed","Page","StGall/masters/karlsruhe_014/BLB_CodAugPerg_014_088r.tif","175","https://iiif.library.ucla.edu/iiif/2/ark%3A%2F21198%2Fzz0028djmt","","","","","text","pd","","manuscripts (document genre)","","","","","","","f. 88r","","","","","","","","","","","","succeeded"
"St Gall Manuscripts","ark:/21198/zz0028djnb","ark:/21198/zz00289pjc","2","Completed","Page","StGall/masters/karlsruhe_014/BLB_CodAugPerg_014_088v.tif","176","https://iiif.library.ucla.edu/iiif/2/ark%3A%2F21198%2Fzz0028djnb","","","","","text","pd","","manuscripts (document genre)","","","","","","","f. 88v","","","","","","","","","","","","succeeded"
"St Gall Manuscripts","ark:/21198/zz0028djpv","ark:/21198/zz00289pjc","2","Completed","Page","StGall/masters/karlsruhe_014/BLB_CodAugPerg_014_089r.tif","177","","","","","","text","pd","","manuscripts (document genre)","","","","","","","f. 89r","","","","","","","","","","","","failed"
"St Gall Manuscripts","ark:/21198/zz0028djqc","ark:/21198/zz00289pjc","2","Completed","Page","StGall/masters/karlsruhe_014/BLB_CodAugPerg_014_089v.tif","178","https://iiif.library.ucla.edu/iiif/2/ark%3A%2F21198%2Fzz0028djqc","","","","","text","pd","","manuscripts (document genre)","","","","","","","f. 89v","","","","","","","","","","","","succeeded"
"St Gall Manuscripts","ark:/21198/zz0028djrw","ark:/21198/zz00289pjc","2","Completed","Page","StGall/masters/karlsruhe_014/BLB_CodAugPerg_014_090r.tif","179","https://iiif.library.ucla.edu/iiif/2/ark%3A%2F21198%2Fzz0028djrw","","","","","text","pd","","manuscripts (document genre)","","","","","","","f. 90r","","","","","","","","","","","","succeeded"
"St Gall Manuscripts","ark:/21198/zz0028djsd","ark:/21198/zz00289pjc","2","Completed","Page","StGall/masters/karlsruhe_014/BLB_CodAugPerg_014_090v.tif","180","https://iiif.library.ucla.edu/iiif/2/ark%3A%2F21198%2Fzz0028djsd","","","","","text","pd","","manuscripts (document genre)","","","","","","","f. 90v","","","","","","","","","","","","succeeded"
"St Gall Manuscripts","ark:/21198/zz0028djtx","ark:/21198/zz00289pjc","2","Completed","Page","StGall/masters/karlsruhe_014/BLB_CodAugPerg_014_091r.tif","181","","","","","","text","pd","","manuscripts (document genre)","","","","","","","f. 91r","","","","","","","","","","","","failed"
"St Gall Manuscripts","ark:/21198/zz0028djvf","ark:/21198/zz00289pjc","2","Completed","Page","StGall/masters/karlsruhe_014/BLB_CodAugPerg_014_091v.tif","182","https://iiif.library.ucla.edu/iiif/2/ark%3A%2F21198%2Fzz0028djvf","","","","","text","pd","","manuscripts (document genre)","","","","","","","f. 91v","","","","","","","","","","","","succeeded"
"St Gall Manuscripts","ark:/21198/zz0028djwz","ark:/21198/zz00289pjc","2","Completed","Page","StGall/masters/karlsruhe_014/BLB_CodAugPerg_014_092r.tif","183","","","","","","text","pd","","manuscripts (document genre)","","","","","","","f. 92r","","","","","","","","","","","","failed"
"St Gall Manuscripts","ark:/21198/zz0028djxg","ark:/21198/zz00289pjc","2","Completed","Page","StGall/masters/karlsruhe_014/BLB_CodAugPerg_014_092v.tif","184","https://iiif.library.ucla.edu/iiif/2/ark%3A%2F21198%2Fzz0028djxg","","","","","text","pd","","manuscripts (document genre)","","","","","","","f. 92v","","","","","","","","","","","","succeeded"
"St Gall Manuscripts","ark:/21198/zz0028djz0","ark:/21198/zz00289pjc","2","Completed","Page","StGall/masters/karlsruhe_014/BLB_CodAugPerg_014_093r.tif","185","https://iiif.library.ucla.edu/iiif/2/ark%3A%2F21198%2Fzz0028djz0","","","","","text","pd","","manuscripts (document genre)","","","","","","","f. 93r","","","","","","","","","","","","succeeded"
"St Gall Manuscripts","ark:/21198/zz0028dk00","ark:/21198/zz00289pjc","2","Completed","Page","StGall/masters/karlsruhe_014/BLB_CodAugPerg_014_093v.tif","186","","","","","","text","pd","","manuscripts (document genre)","","","","","","","f. 93v","","","","","","","","","","","","failed"
"St Gall Manuscripts","ark:/21198/zz0028dk1h","ark:/21198/zz00289pjc","2","Completed","Page","StGall/masters/karlsruhe_014/BLB_CodAugPerg_014_094r.tif","187","https://iiif.library.ucla.edu/iiif/2/ark%3A%2F21198%2Fzz0028dk1h","","","","","text","pd","","manuscripts (document genre)","","","","","","","f. 94r","","","","","","","","","","","","succeeded"
"St Gall Manuscripts","ark:/21198/zz0028dk21","ark:/21198/zz00289pjc","2","Completed","Page","StGall/masters/karlsruhe_014/BLB_CodAugPerg_014_094v.tif","188","https://iiif.library.ucla.edu/iiif/2/ark%3A%2F21198%2Fzz0028dk21","","","","","text","pd","","manuscripts (document genre)","","","","","","","f. 94v","","","","","","","","","","","","succeeded"
"St Gall Manuscripts","ark:/21198/zz0028dk3j","ark:/21198/zz00289pjc","2","Completed","Page","StGall/masters/karlsruhe_014/BLB_CodAugPerg_014_095r.tif","189","https://iiif.library.ucla.edu/iiif/2/ark%3A%2F21198%2Fzz0028dk3j","","","","","text","pd","","manuscripts (document genre)","","","","","","","f. 95r","","","","","","","","","","","","succeeded"
"St Gall Manuscripts","ark:/21198/zz0028dk42","ark:/21198/zz00289pjc","2","Completed","Page","StGall/masters/karlsruhe_014/BLB_CodAugPerg_014_095v.tif","190","https://iiif.library.ucla.edu/iiif/2/ark%3A%2F21198%2Fzz0028dk42","","","","","text","pd","","manuscripts (document genre)","","","","","","","f. 95v","","","","","","","","","","","","succeeded"
"St Gall Manuscripts","ark:/21198/zz0028dk5k","ark:/21198/zz00289pjc","2","Completed","Page","StGall/masters/karlsruhe_014/BLB_CodAugPerg_014_096r.tif","191","https://iiif.library.ucla.edu/iiif/2/ark%3A%2F21198%2Fzz0028dk5k","","","","","text","pd","","manuscripts (document genre)","","","","","","","f. 96r","","","","","","","","","","","","succeeded"
"St Gall Manuscripts","ark:/21198/zz0028dk63","ark:/21198/zz00289pjc","2","Completed","Page","StGall/masters/karlsruhe_014/BLB_CodAugPerg_014_096v.tif","192","https://iiif.library.ucla.edu/iiif/2/ark%3A%2F21198%2Fzz0028dk63","","","","","text","pd","","manuscripts (document genre)","","","","","","","f. 96v","","","","","","","","","","","","succeeded"
"St Gall Manuscripts","ark:/21198/zz0028dk7m","ark:/21198/zz00289pjc","2","Completed","Page","StGall/masters/karlsruhe_014/BLB_CodAugPerg_014_097r.tif","193","https://iiif.library.ucla.edu/iiif/2/ark%3A%2F21198%2Fzz0028dk7m","","","","","text","pd","","manuscripts (document genre)","","","","","","","f. 97r","","","","","","","","","","","","succeeded"
"St Gall Manuscripts","ark:/21198/zz0028dk84","ark:/21198/zz00289pjc","2","Completed","Page","StGall/masters/karlsruhe_014/BLB_CodAugPerg_014_097v.tif","194","https://iiif.library.ucla.edu/iiif/2/ark%3A%2F21198%2Fzz0028dk84","","","","","text","pd","","manuscripts (document genre)","","","","","","","f. 97v","","","","","","","","","","","","succeeded"
"St Gall Manuscripts","ark:/21198/zz0028dk9n","ark:/21198/zz00289pjc","2","Completed","Page","StGall/masters/karlsruhe_014/BLB_CodAugPerg_014_098r.tif","195","","","","","","text","pd","","manuscripts (document genre)","","","","","","","f. 98r","","","","","","","","","","","","failed"
"St Gall Manuscripts","ark:/21198/zz0028dkb5","ark:/21198/zz00289pjc","2","Completed","Page","StGall/masters/karlsruhe_014/BLB_CodAugPerg_014_098v.tif","196","https://iiif.library.ucla.edu/iiif/2/ark%3A%2F21198%2Fzz0028dkb5","","","","","text","pd","","manuscripts (document genre)","","","","","","","f. 98v","","","","","","","","","","","","succeeded"
"St Gall Manuscripts","ark:/21198/zz0028dkcp","ark:/21198/zz00289pjc","2","Completed","Page","StGall/masters/karlsruhe_014/BLB_CodAugPerg_014_099r.tif","197","https://iiif.library.ucla.edu/iiif/2/ark%3A%2F21198%2Fzz0028dkcp","","","","","text","pd","","manuscripts (document genre)","","","","","","","f. 99r","","","","","","","","","","","","succeeded"
"St Gall Manuscripts","ark:/21198/zz0028dkd6","ark:/21198/zz00289pjc","2","Completed","Page","StGall/masters/karlsruhe_014/BLB_CodAugPerg_014_099v.tif","198","","","","","","text","pd","","manuscripts (document genre)","","","","","","","f. 99v","","","","","","","","","","","","failed"
"St Gall Manuscripts","ark:/21198/zz0028dkfq","ark:/21198/zz00289pjc","2","Completed","Page","StGall/masters/karlsruhe_014/BLB_CodAugPerg_014_100r.tif","199","https://iiif.library.ucla.edu/iiif/2/ark%3A%2F21198%2Fzz0028dkfq","","","","","text","pd","","manuscripts (document genre)","","","","","","","f. 100r","","","","","","","","","","","","succeeded"
"St Gall Manuscripts","ark:/21198/zz0028dkg7","ark:/21198/zz00289pjc","2","Completed","Page","StGall/masters/karlsruhe_014/BLB_CodAugPerg_014_100v.tif","200","https://iiif.library.ucla.edu/iiif/2/ark%3A%2F21198%2Fzz0028dkg7","","","","","text","pd","","manuscripts (document genre)","","","","","","","f. 100v","","","","","","","","","","","","succeeded"
"St Gall Manuscripts","ark:/21198/zz0028dkhr","ark:/21198/zz00289pjc","2","Completed","Page","StGall/masters/karlsruhe_014/BLB_CodAugPerg_014_101r.tif","201","https://iiif.library.ucla.edu/iiif/2/ark%3A%2F21198%2Fzz0028dkhr","","","","","text","pd","","manuscripts (document genre)","","","","","","","f. 101r","","","","","","","","","","","","succeeded"
"St Gall Manuscripts","ark:/21198/zz0028dkj8","ark:/21198/zz00289pjc","2","Completed","Page","StGall/masters/karlsruhe_014/BLB_CodAugPerg_014_101v.tif","202","https://iiif.library.ucla.edu/iiif/2/ark%3A%2F21198%2Fzz0028dkj8","","","","","text","pd","","manuscripts (document genre)","","","","","","","f. 101v","","","","","","","","","","","","succeeded"
"St Gall Manuscripts","ark:/21198/zz0028dkks","ark:/21198/zz00289pjc","2","Completed","Page","StGall/masters/karlsruhe_014/BLB_CodAugPerg_014_102r.tif","203","","","","","","text","pd","","manuscripts (document genre)","","","","","","","f. 102r","","","","","","","","","","","","failed"
"St Gall Manuscripts","ark:/21198/zz0028dkm9","ark:/21198/zz00289pjc","2","Completed","Page","StGall/masters/karlsruhe_014/BLB_CodAugPerg_014_102v.tif","204","","","","","","text","pd","","manuscripts (document genre)","","","","","","","f. 102v","","","","","","","","","","","","failed"
"St Gall Manuscripts","ark:/21198/zz0028dknt","ark:/21198/zz00289pjc","2","Completed","Page","StGall/masters/karlsruhe_014/BLB_CodAugPerg_014_103r.tif","205","https://iiif.library.ucla.edu/iiif/2/ark%3A%2F21198%2Fzz0028dknt","","","","","text","pd","","manuscripts (document genre)","","","","","","","f. 103r","","","","","","","","","","","","succeeded"
"St Gall Manuscripts","ark:/21198/zz0028dkpb","ark:/21198/zz00289pjc","2","Completed","Page","StGall/masters/karlsruhe_014/BLB_CodAugPerg_014_103v.tif","206","https://iiif.library.ucla.edu/iiif/2/ark%3A%2F21198%2Fzz0028dkpb","","","","","text","pd","","manuscripts (document genre)","","","","","","","f. 103v","","","","","","","","","","","","succeeded"
"St Gall Manuscripts","ark:/21198/zz0028dkqv","ark:/21198/zz00289pjc","2","Completed","Page","StGall/masters/karlsruhe_014/BLB_CodAugPerg_014_104r.tif","207","https://iiif.library.ucla.edu/iiif/2/ark%3A%2F21198%2Fzz0028dkqv","","","","","text","pd","","manuscripts (document genre)","","","","","","","f. 104r","","","","","","","","","","","","succeeded"
"St Gall Manuscripts","ark:/21198/zz0028dkrc","ark:/21198/zz00289pjc","2","Completed","Page","StGall/masters/karlsruhe_014/BLB_CodAugPerg_014_104v.tif","208","https://iiif.library.ucla.edu/iiif/2/ark%3A%2F21198%2Fzz0028dkrc","","","","","text","pd","","manuscripts (document genre)","","","","","","","f. 104v","","","","","","","","","","","","succeeded"
"St Gall Manuscripts","ark:/21198/zz0028dksw","ark:/21198/zz00289pjc","2","Completed","Page","StGall/masters/karlsruhe_014/BLB_CodAugPerg_014_105r.tif","209","https://iiif.library.ucla.edu/iiif/2/ark%3A%2F21198%2Fzz0028dksw","","","","","text","pd","","manuscripts (document genre)","","","","","","","f. 105r","","","","","","","","","","","","succeeded"
"St Gall Manuscripts","ark:/21198/zz0028dktd","ark:/21198/zz00289pjc","2","Completed","Page","StGall/masters/karlsruhe_014/BLB_CodAugPerg_014_105v.tif","210","https://iiif.library.ucla.edu/iiif/2/ark%3A%2F21198%2Fzz0028dktd","","","","","text","pd","","manuscripts (document genre)","","","","","","","f. 105v","","","","","","","","","","","","succeeded"
"St Gall Manuscripts","ark:/21198/zz0028dkvx","ark:/21198/zz00289pjc","2","Completed","Page","StGall/masters/karlsruhe_014/BLB_CodAugPerg_014_106r.tif","211","","","","","","text","pd","","manuscripts (document genre)","","","","","","","f. 106r","","","","","","","","","","","","failed"
"St Gall Manuscripts","ark:/21198/zz0028dkwf","ark:/21198/zz00289pjc","2","Completed","Page","StGall/masters/karlsruhe_014/BLB_CodAugPerg_014_106v.tif","212","https://iiif.library.ucla.edu/iiif/2/ark%3A%2F21198%2Fzz0028dkwf","","","","","text","pd","","manuscripts (document genre)","","","","","","","f. 106v","","","","","","","","","","","","succeeded"
"St Gall Manuscripts","ark:/21198/zz0028dkxz","ark:/21198/zz00289pjc","2","Completed","Page","StGall/masters/karlsruhe_014/BLB_CodAugPerg_014_107r.tif","213","https://iiif.library.ucla.edu/iiif/2/ark%3A%2F21198%2Fzz0028dkxz","","","","","text","pd","","manuscripts (document genre)","","","","","","","f. 107r","","","","","","","","","","","","succeeded"
"St Gall Manuscripts","ark:/21198/zz0028dkzg","ark:/21198/zz00289pjc","2","Completed","Page","StGall/masters/karlsruhe_014/BLB_CodAugPerg_014_107v.tif","214","https://iiif.library.ucla.edu/iiif/2/ark%3A%2F21198%2Fzz0028dkzg","","","","","text","pd","","manuscripts (document genre)","","","","","","","f. 107v","","","","","","","","","","","","succeeded"
"St Gall Manuscripts","ark:/21198/zz0028dm0g","ark:/21198/zz00289pjc","2","Completed","Page","StGall/masters/karlsruhe_014/BLB_CodAugPerg_014_108r.tif","215","https://iiif.library.ucla.edu/iiif/2/ark%3A%2F21198%2Fzz0028dm0g","","","","","text","pd","","manuscripts (document genre)","","","","","","","f. 108r","","","","","","","","","","","","succeeded"
"St Gall Manuscripts","ark:/21198/zz0028dm10","ark:/21198/zz00289pjc","2","Completed","Page","StGall/masters/karlsruhe_014/BLB_CodAugPerg_014_108v.tif","216","","","","","","text","pd","","manuscripts (document genre)","","","","","","","f. 108v","","","","","","","","","","","","failed"
"St Gall Manuscripts","ark:/21198/zz0028dm2h","ark:/21198/zz00289pjc","2","Completed","Page","StGall/masters/karlsruhe_014/BLB_CodAugPerg_014_109r.tif","217","https://iiif.library.ucla.edu/iiif/2/ark%3A%2F21198%2Fzz0028dm2h","","","","","text","pd","","manuscripts (document genre)","","","","","","","f. 109r","","","","","","","","","","","","succeeded"
"St Gall Manuscripts","ark:/21198/zz0028dm31","ark:/21198/zz00289pjc","2","Completed","Page","StGall/masters/karlsruhe_014/BLB_CodAugPerg_014_109v.tif","218","","","","","","text","pd","","manuscripts (document genre)","","","","","","","f. 109v","","","","","","","","","","","","failed"
"St Gall Manuscripts","ark:/21198/zz0028dm4j","ark:/21198/zz00289pjc","2","Completed","Page","StGall/masters/karlsruhe_014/BLB_CodAugPerg_014_110r.tif","219","https://iiif.library.ucla.edu/iiif/2/ark%3A%2F21198%2Fzz0028dm4j","","","","","text","pd","","manuscripts (document genre)","","","","","","","f. 110r","","","","","","","","","","","","succeeded"
"St Gall Manuscripts","ark:/21198/zz0028dm52","ark:/21198/zz00289pjc","2","Completed","Page","StGall/masters/karlsruhe_014/BLB_CodAugPerg_014_110v.tif","220","https://iiif.library.ucla.edu/iiif/2/ark%3A%2F21198%2Fzz0028dm52","","","","","text","pd","","manuscripts (document genre)","","","","","","","f. 110v","","","","","","","","","","","","succeeded"
"St Gall Manuscripts","ark:/21198/zz0028dm6k","ark:/21198/zz00289pjc","2","Completed","Page","StGall/masters/karlsruhe_014/BLB_CodAugPerg_014_B001r.tif","221","https://iiif.library.ucla.edu/iiif/2/ark%3A%2F21198%2Fzz0028dm6k","","","","","text","pd","","manuscripts (document genre)","","","","","","","Rear flyleaf (recto)","","","","","","","","","","","","succeeded"
"St Gall Manuscripts","ark:/21198/zz0028dm73","ark:/21198/zz00289pjc","2","Completed","Page","StGall/masters/karlsruhe_014/BLB_CodAugPerg_014_B001v.tif","222","https://iiif.library.ucla.edu/iiif/2/ark%3A%2F21198%2Fzz0028dm73","","","","","text","pd","","manuscripts (document genre)","","","","","","","Rear flyleaf (verso)","","","","","","","","","","","","succeeded"
"St Gall Manuscripts","ark:/21198/zz0028dm8m","ark:/21198/zz00289pjc","2","Completed","Page","StGall/masters/karlsruhe_014/BLB_CodAugPerg_014_BC.tif","223","https://iiif.library.ucla.edu/iiif/2/ark%3A%2F21198%2Fzz0028dm8m","","","","","text","pd","","manuscripts (document genre)","","","","","","","Back cover","","","","","","","","","","","","succeeded"
"St Gall Manuscripts","ark:/21198/zz0028dm94","ark:/21198/zz00289pjc","2","Completed","Page","StGall/masters/karlsruhe_014/BLB_CodAugPerg_014_BS.tif","224","https://iiif.library.ucla.edu/iiif/2/ark%3A%2F21198%2Fzz0028dm94","","","","","text","pd","","manuscripts (document genre)","","","","","","","Inside back cover","","","","","","","","","","","","succeeded"
"St Gall Manuscripts","ark:/21198/zz0028dmbn","ark:/21198/zz00289pjc","2","Completed","Page","StGall/masters/karlsruhe_014/BLB_CodAugPerg_014_F001r.tif","225","https://iiif.library.ucla.edu/iiif/2/ark%3A%2F21198%2Fzz0028dmbn","","","","","text","pd","","manuscripts (document genre)","","","","","","","Front flyleaf","","","","","","","","","","","","succeeded"
"St Gall Manuscripts","ark:/21198/zz0028dmc5","ark:/21198/zz00289pjc","2","Completed","Page","StGall/masters/karlsruhe_014/BLB_CodAugPerg_014_F001v.tif","226","https://iiif.library.ucla.edu/iiif/2/ark%3A%2F21198%2Fzz0028dmc5","","","","","text","pd","","manuscripts (document genre)","","","","","","","Front flyleaf","","","","","","","","","","","","succeeded"
"St Gall Manuscripts","ark:/21198/zz0028dmdp","ark:/21198/zz00289pjc","2","Completed","Page","StGall/masters/karlsruhe_014/BLB_CodAugPerg_014_FC.tif","227","https://iiif.library.ucla.edu/iiif/2/ark%3A%2F21198%2Fzz0028dmdp","","","","","text","pd","","manuscripts (document genre)","","","","","","","Front cover","","","","","","","","","","","","succeeded"
"St Gall Manuscripts","ark:/21198/zz0028dmf6","ark:/21198/zz00289pjc","2","Completed","Page","StGall/masters/karlsruhe_014/BLB_CodAugPerg_014_FS.tif","228","","","","","","text","pd","","manuscripts (document genre)","","","","","","","Inside front cover","","","","","","","","","","","","failed"
"St Gall Manuscripts","ark:/21198/zz0028dmgq","ark:/21198/zz00289pjc","2","Completed","Page","StGall/masters/karlsruhe_014/BLB_CodAugPerg_014_Target.tif","229","","","","","","text","pd","","manuscripts (document genre)","","","","","","","Color","","","","","","","","","","","","failed"
"St Gall Manuscripts","ark:/21198/zz002bz2cf","ark:/21198/zz00289pjc","4","Derived","Page","","230","","","","","","text","pd","","manuscripts (document genre)","","","","","","","BLB_CodAugPerg_014_003r","","","","","","","","","","","","missing"
